<?xml version="1.0" encoding="UTF-8" standalone="yes"?>
<gpx version="1.1" creator="outdooractive - http://www.outdooractive.com" xmlns="http://www.topografix.com/GPX/1/1" xmlns:oa="http://www.outdooractive.com/GPX/Extensions/1" xmlns:xsi="http://www.w3.org/2001/XMLSchema-instance" xsi:schemaLocation="http://www.topografix.com/GPX/1/1 http://www.topografix.com/GPX/1/1/gpx.xsd http://www.outdooractive.com/GPX/Extensions/1 https://www.outdooractive.com/schema/gpx_extensions.xsd">
  <metadata>
    <name>Kaisertour: Vorderkaiserfeldenhütte - Stripsenjochhaus</name>
    <author>
      <name>DAV Sektion Oberland - DAV Sektion Oberland</name>
    </author>
    <link href="https://www.outdooractive.com/r/23685768"/>
    <time>2026-03-25T10:27:39.143Z</time>
    <extensions>
      <oa:oaCategory>mountaineering</oa:oaCategory>
    </extensions>
  </metadata>
  <trk>
    <name>Kaisertour: Vorderkaiserfeldenhütte - Stripsenjochhaus</name>
    <desc>Traumetappe mit grandioser Aussicht von der Vorderkaiserfeldenhütte über mehrere Gipfel zum Stripsenjochhaus </desc>
    <type>mountaineering</type>
    <trkseg>
      <trkpt lat="47.606163" lon="12.239263">
        <ele>1388.3</ele>
        <name>Vorderkaiserfeldenhütte, Ebbs</name>
        <extensions>
          <oa:Extension>
            <oa:mapZoom>16</oa:mapZoom>
          </oa:Extension>
        </extensions>
      </trkpt>
      <trkpt lat="47.606171" lon="12.239268">
        <ele>1388.4</ele>
      </trkpt>
      <trkpt lat="47.606206" lon="12.23927">
        <ele>1389.0</ele>
      </trkpt>
      <trkpt lat="47.606252" lon="12.239259">
        <ele>1389.7</ele>
      </trkpt>
      <trkpt lat="47.606308" lon="12.239361">
        <ele>1390.7</ele>
      </trkpt>
      <trkpt lat="47.606363" lon="12.239462">
        <ele>1391.7</ele>
      </trkpt>
      <trkpt lat="47.606451" lon="12.239527">
        <ele>1392.4</ele>
      </trkpt>
      <trkpt lat="47.606484" lon="12.239548">
        <ele>1392.6</ele>
      </trkpt>
      <trkpt lat="47.606555" lon="12.239641">
        <ele>1394.3</ele>
      </trkpt>
      <trkpt lat="47.606627" lon="12.239707">
        <ele>1395.5</ele>
      </trkpt>
      <trkpt lat="47.606657" lon="12.239737">
        <ele>1396.3</ele>
      </trkpt>
      <trkpt lat="47.606722" lon="12.239805">
        <ele>1398.7</ele>
      </trkpt>
      <trkpt lat="47.606779" lon="12.239858">
        <ele>1401.5</ele>
      </trkpt>
      <trkpt lat="47.606824" lon="12.239876">
        <ele>1402.7</ele>
      </trkpt>
      <trkpt lat="47.606885" lon="12.239917">
        <ele>1405.1</ele>
      </trkpt>
      <trkpt lat="47.606928" lon="12.239934">
        <ele>1405.4</ele>
      </trkpt>
      <trkpt lat="47.606962" lon="12.239956">
        <ele>1406.3</ele>
      </trkpt>
      <trkpt lat="47.606994" lon="12.24001">
        <ele>1409.5</ele>
      </trkpt>
      <trkpt lat="47.607034" lon="12.240031">
        <ele>1412.8</ele>
      </trkpt>
      <trkpt lat="47.607055" lon="12.240031">
        <ele>1413.9</ele>
      </trkpt>
      <trkpt lat="47.607086" lon="12.240024">
        <ele>1414.8</ele>
      </trkpt>
      <trkpt lat="47.607112" lon="12.24003">
        <ele>1415.8</ele>
      </trkpt>
      <trkpt lat="47.607128" lon="12.240058">
        <ele>1417.2</ele>
      </trkpt>
      <trkpt lat="47.607142" lon="12.240117">
        <ele>1419.9</ele>
      </trkpt>
      <trkpt lat="47.607166" lon="12.240214">
        <ele>1424.4</ele>
      </trkpt>
      <trkpt lat="47.60719" lon="12.240295">
        <ele>1427.7</ele>
      </trkpt>
      <trkpt lat="47.607205" lon="12.240343">
        <ele>1429.8</ele>
      </trkpt>
      <trkpt lat="47.607227" lon="12.240379">
        <ele>1431.9</ele>
      </trkpt>
      <trkpt lat="47.60725" lon="12.240375">
        <ele>1432.8</ele>
      </trkpt>
      <trkpt lat="47.60727" lon="12.240365">
        <ele>1433.1</ele>
      </trkpt>
      <trkpt lat="47.607284" lon="12.240336">
        <ele>1432.6</ele>
      </trkpt>
      <trkpt lat="47.607293" lon="12.240301">
        <ele>1431.6</ele>
      </trkpt>
      <trkpt lat="47.607316" lon="12.240274">
        <ele>1431.1</ele>
      </trkpt>
      <trkpt lat="47.60734" lon="12.240286">
        <ele>1431.9</ele>
      </trkpt>
      <trkpt lat="47.607348" lon="12.240345">
        <ele>1434.1</ele>
      </trkpt>
      <trkpt lat="47.607357" lon="12.240387">
        <ele>1435.8</ele>
      </trkpt>
      <trkpt lat="47.60738" lon="12.240445">
        <ele>1438.6</ele>
      </trkpt>
      <trkpt lat="47.607404" lon="12.24055">
        <ele>1442.8</ele>
      </trkpt>
      <trkpt lat="47.607377" lon="12.240649">
        <ele>1444.5</ele>
      </trkpt>
      <trkpt lat="47.607386" lon="12.240707">
        <ele>1445.9</ele>
      </trkpt>
      <trkpt lat="47.60742" lon="12.240727">
        <ele>1447.6</ele>
      </trkpt>
      <trkpt lat="47.607491" lon="12.240701">
        <ele>1448.9</ele>
      </trkpt>
      <trkpt lat="47.607576" lon="12.240668">
        <ele>1451.1</ele>
      </trkpt>
      <trkpt lat="47.607623" lon="12.240633">
        <ele>1452.8</ele>
      </trkpt>
      <trkpt lat="47.607661" lon="12.24058">
        <ele>1453.6</ele>
      </trkpt>
      <trkpt lat="47.607712" lon="12.240558">
        <ele>1455.1</ele>
      </trkpt>
      <trkpt lat="47.60775" lon="12.240556">
        <ele>1456.7</ele>
      </trkpt>
      <trkpt lat="47.607779" lon="12.240536">
        <ele>1457.3</ele>
      </trkpt>
      <trkpt lat="47.607791" lon="12.24054">
        <ele>1458.0</ele>
      </trkpt>
      <trkpt lat="47.607796" lon="12.240557">
        <ele>1458.7</ele>
      </trkpt>
      <trkpt lat="47.60779" lon="12.240567">
        <ele>1458.8</ele>
      </trkpt>
      <trkpt lat="47.607774" lon="12.240609">
        <ele>1459.4</ele>
      </trkpt>
      <trkpt lat="47.607769" lon="12.240644">
        <ele>1460.4</ele>
      </trkpt>
      <trkpt lat="47.60778" lon="12.24065">
        <ele>1461.1</ele>
      </trkpt>
      <trkpt lat="47.60779" lon="12.240652">
        <ele>1461.7</ele>
      </trkpt>
      <trkpt lat="47.607792" lon="12.240661">
        <ele>1462.1</ele>
      </trkpt>
      <trkpt lat="47.607776" lon="12.2407">
        <ele>1462.5</ele>
      </trkpt>
      <trkpt lat="47.607766" lon="12.240724">
        <ele>1462.6</ele>
      </trkpt>
      <trkpt lat="47.607771" lon="12.24073">
        <ele>1463.1</ele>
      </trkpt>
      <trkpt lat="47.607784" lon="12.240728">
        <ele>1463.8</ele>
      </trkpt>
      <trkpt lat="47.607817" lon="12.240702">
        <ele>1464.7</ele>
      </trkpt>
      <trkpt lat="47.607875" lon="12.240678">
        <ele>1466.5</ele>
      </trkpt>
      <trkpt lat="47.607921" lon="12.240656">
        <ele>1467.8</ele>
      </trkpt>
      <trkpt lat="47.607943" lon="12.240632">
        <ele>1468.2</ele>
      </trkpt>
      <trkpt lat="47.607949" lon="12.240628">
        <ele>1468.4</ele>
      </trkpt>
      <trkpt lat="47.607964" lon="12.240629">
        <ele>1469.2</ele>
      </trkpt>
      <trkpt lat="47.607964" lon="12.240679">
        <ele>1470.4</ele>
      </trkpt>
      <trkpt lat="47.607949" lon="12.240763">
        <ele>1472.5</ele>
      </trkpt>
      <trkpt lat="47.607915" lon="12.240864">
        <ele>1475.2</ele>
      </trkpt>
      <trkpt lat="47.6079" lon="12.240931">
        <ele>1477.1</ele>
      </trkpt>
      <trkpt lat="47.607903" lon="12.240956">
        <ele>1478.2</ele>
      </trkpt>
      <trkpt lat="47.607916" lon="12.240969">
        <ele>1479.3</ele>
      </trkpt>
      <trkpt lat="47.607906" lon="12.241006">
        <ele>1480.3</ele>
      </trkpt>
      <trkpt lat="47.60789" lon="12.24102">
        <ele>1479.9</ele>
      </trkpt>
      <trkpt lat="47.607903" lon="12.241032">
        <ele>1481.2</ele>
      </trkpt>
      <trkpt lat="47.607947" lon="12.241015">
        <ele>1482.7</ele>
      </trkpt>
      <trkpt lat="47.607961" lon="12.241022">
        <ele>1483.6</ele>
      </trkpt>
      <trkpt lat="47.607954" lon="12.241053">
        <ele>1484.4</ele>
      </trkpt>
      <trkpt lat="47.607945" lon="12.241075">
        <ele>1484.8</ele>
      </trkpt>
      <trkpt lat="47.607959" lon="12.241088">
        <ele>1485.9</ele>
      </trkpt>
      <trkpt lat="47.607995" lon="12.241074">
        <ele>1487.1</ele>
      </trkpt>
      <trkpt lat="47.608" lon="12.24109">
        <ele>1487.9</ele>
      </trkpt>
      <trkpt lat="47.607985" lon="12.241115">
        <ele>1488.0</ele>
      </trkpt>
      <trkpt lat="47.607985" lon="12.241128">
        <ele>1488.5</ele>
      </trkpt>
      <trkpt lat="47.608003" lon="12.241133">
        <ele>1489.5</ele>
      </trkpt>
      <trkpt lat="47.608034" lon="12.241145">
        <ele>1491.3</ele>
      </trkpt>
      <trkpt lat="47.608055" lon="12.24116">
        <ele>1492.5</ele>
      </trkpt>
      <trkpt lat="47.608039" lon="12.241199">
        <ele>1493.2</ele>
      </trkpt>
      <trkpt lat="47.607978" lon="12.241297">
        <ele>1495.2</ele>
      </trkpt>
      <trkpt lat="47.607933" lon="12.241342">
        <ele>1496.4</ele>
      </trkpt>
      <trkpt lat="47.607846" lon="12.241434">
        <ele>1499.2</ele>
      </trkpt>
      <trkpt lat="47.607787" lon="12.241481">
        <ele>1500.2</ele>
      </trkpt>
      <trkpt lat="47.607747" lon="12.24159">
        <ele>1503.1</ele>
      </trkpt>
      <trkpt lat="47.607739" lon="12.241648">
        <ele>1504.4</ele>
      </trkpt>
      <trkpt lat="47.607742" lon="12.241724">
        <ele>1506.6</ele>
      </trkpt>
      <trkpt lat="47.607753" lon="12.241737">
        <ele>1507.8</ele>
      </trkpt>
      <trkpt lat="47.607781" lon="12.241724">
        <ele>1509.3</ele>
      </trkpt>
      <trkpt lat="47.607846" lon="12.241683">
        <ele>1511.5</ele>
      </trkpt>
      <trkpt lat="47.607889" lon="12.241643">
        <ele>1511.3</ele>
      </trkpt>
      <trkpt lat="47.607899" lon="12.241649">
        <ele>1511.9</ele>
      </trkpt>
      <trkpt lat="47.607874" lon="12.241738">
        <ele>1514.9</ele>
      </trkpt>
      <trkpt lat="47.607857" lon="12.241831">
        <ele>1517.6</ele>
      </trkpt>
      <trkpt lat="47.607837" lon="12.241882">
        <ele>1518.7</ele>
      </trkpt>
      <trkpt lat="47.607823" lon="12.241928">
        <ele>1520.0</ele>
      </trkpt>
      <trkpt lat="47.60781" lon="12.24202">
        <ele>1523.7</ele>
      </trkpt>
      <trkpt lat="47.607783" lon="12.242071">
        <ele>1524.7</ele>
      </trkpt>
      <trkpt lat="47.607757" lon="12.242118">
        <ele>1525.3</ele>
      </trkpt>
      <trkpt lat="47.607763" lon="12.242142">
        <ele>1526.7</ele>
      </trkpt>
      <trkpt lat="47.607793" lon="12.242118">
        <ele>1527.3</ele>
      </trkpt>
      <trkpt lat="47.607834" lon="12.242071">
        <ele>1527.3</ele>
      </trkpt>
      <trkpt lat="47.607884" lon="12.242055">
        <ele>1528.9</ele>
      </trkpt>
      <trkpt lat="47.60795" lon="12.242057">
        <ele>1532.3</ele>
      </trkpt>
      <trkpt lat="47.608026" lon="12.242029">
        <ele>1534.6</ele>
      </trkpt>
      <trkpt lat="47.608044" lon="12.242031">
        <ele>1535.4</ele>
      </trkpt>
      <trkpt lat="47.608039" lon="12.242059">
        <ele>1536.2</ele>
      </trkpt>
      <trkpt lat="47.608018" lon="12.242114">
        <ele>1537.7</ele>
      </trkpt>
      <trkpt lat="47.608016" lon="12.242167">
        <ele>1539.7</ele>
      </trkpt>
      <trkpt lat="47.607974" lon="12.242199">
        <ele>1539.4</ele>
      </trkpt>
      <trkpt lat="47.607969" lon="12.242246">
        <ele>1540.5</ele>
      </trkpt>
      <trkpt lat="47.607975" lon="12.242288">
        <ele>1541.5</ele>
      </trkpt>
      <trkpt lat="47.608013" lon="12.24228">
        <ele>1542.5</ele>
      </trkpt>
      <trkpt lat="47.608061" lon="12.242317">
        <ele>1544.3</ele>
      </trkpt>
      <trkpt lat="47.608056" lon="12.242386">
        <ele>1545.2</ele>
      </trkpt>
      <trkpt lat="47.608063" lon="12.242467">
        <ele>1546.6</ele>
      </trkpt>
      <trkpt lat="47.608088" lon="12.242523">
        <ele>1548.5</ele>
      </trkpt>
      <trkpt lat="47.608109" lon="12.242545">
        <ele>1549.6</ele>
      </trkpt>
      <trkpt lat="47.608106" lon="12.242617">
        <ele>1550.9</ele>
      </trkpt>
      <trkpt lat="47.608102" lon="12.242684">
        <ele>1552.4</ele>
      </trkpt>
      <trkpt lat="47.608091" lon="12.242752">
        <ele>1553.9</ele>
      </trkpt>
      <trkpt lat="47.608109" lon="12.242784">
        <ele>1554.8</ele>
      </trkpt>
      <trkpt lat="47.60814" lon="12.242793">
        <ele>1555.3</ele>
      </trkpt>
      <trkpt lat="47.608176" lon="12.242851">
        <ele>1557.1</ele>
      </trkpt>
      <trkpt lat="47.608225" lon="12.242904">
        <ele>1558.7</ele>
      </trkpt>
      <trkpt lat="47.608267" lon="12.24297">
        <ele>1560.5</ele>
      </trkpt>
      <trkpt lat="47.60832" lon="12.242995">
        <ele>1561.9</ele>
      </trkpt>
      <trkpt lat="47.608343" lon="12.243002">
        <ele>1562.9</ele>
      </trkpt>
      <trkpt lat="47.608347" lon="12.243043">
        <ele>1563.8</ele>
      </trkpt>
      <trkpt lat="47.608337" lon="12.24313">
        <ele>1566.0</ele>
      </trkpt>
      <trkpt lat="47.608362" lon="12.243149">
        <ele>1567.0</ele>
      </trkpt>
      <trkpt lat="47.608381" lon="12.243165">
        <ele>1568.1</ele>
      </trkpt>
      <trkpt lat="47.608394" lon="12.243201">
        <ele>1569.5</ele>
      </trkpt>
      <trkpt lat="47.60842" lon="12.243214">
        <ele>1570.8</ele>
      </trkpt>
      <trkpt lat="47.608444" lon="12.243191">
        <ele>1571.3</ele>
      </trkpt>
      <trkpt lat="47.608485" lon="12.243201">
        <ele>1573.6</ele>
      </trkpt>
      <trkpt lat="47.608513" lon="12.243225">
        <ele>1575.5</ele>
      </trkpt>
      <trkpt lat="47.608533" lon="12.24331">
        <ele>1579.2</ele>
      </trkpt>
      <trkpt lat="47.608556" lon="12.243336">
        <ele>1581.3</ele>
      </trkpt>
      <trkpt lat="47.60859" lon="12.243331">
        <ele>1582.8</ele>
      </trkpt>
      <trkpt lat="47.608625" lon="12.243338">
        <ele>1584.7</ele>
      </trkpt>
      <trkpt lat="47.608646" lon="12.243343">
        <ele>1585.7</ele>
      </trkpt>
      <trkpt lat="47.60865" lon="12.243329">
        <ele>1585.9</ele>
      </trkpt>
      <trkpt lat="47.608655" lon="12.243313">
        <ele>1586.1</ele>
      </trkpt>
      <trkpt lat="47.608665" lon="12.243283">
        <ele>1586.7</ele>
      </trkpt>
      <trkpt lat="47.608679" lon="12.243247">
        <ele>1587.7</ele>
      </trkpt>
      <trkpt lat="47.608704" lon="12.243185">
        <ele>1590.0</ele>
      </trkpt>
      <trkpt lat="47.608723" lon="12.243164">
        <ele>1591.6</ele>
      </trkpt>
      <trkpt lat="47.608726" lon="12.243122">
        <ele>1592.0</ele>
      </trkpt>
      <trkpt lat="47.608737" lon="12.243073">
        <ele>1592.9</ele>
      </trkpt>
      <trkpt lat="47.608747" lon="12.243031">
        <ele>1593.6</ele>
      </trkpt>
      <trkpt lat="47.608758" lon="12.242987">
        <ele>1594.3</ele>
      </trkpt>
      <trkpt lat="47.608768" lon="12.242959">
        <ele>1594.7</ele>
      </trkpt>
      <trkpt lat="47.608806" lon="12.242907">
        <ele>1597.0</ele>
      </trkpt>
      <trkpt lat="47.608835" lon="12.242894">
        <ele>1598.8</ele>
      </trkpt>
      <trkpt lat="47.608848" lon="12.242866">
        <ele>1599.2</ele>
      </trkpt>
      <trkpt lat="47.608847" lon="12.242829">
        <ele>1598.3</ele>
      </trkpt>
      <trkpt lat="47.60886" lon="12.242801">
        <ele>1598.5</ele>
      </trkpt>
      <trkpt lat="47.608881" lon="12.242779">
        <ele>1599.2</ele>
      </trkpt>
      <trkpt lat="47.608915" lon="12.242742">
        <ele>1600.1</ele>
      </trkpt>
      <trkpt lat="47.608963" lon="12.242713">
        <ele>1602.1</ele>
      </trkpt>
      <trkpt lat="47.608982" lon="12.242685">
        <ele>1602.5</ele>
      </trkpt>
      <trkpt lat="47.609005" lon="12.242682">
        <ele>1603.9</ele>
      </trkpt>
      <trkpt lat="47.609027" lon="12.242677">
        <ele>1605.2</ele>
      </trkpt>
      <trkpt lat="47.609033" lon="12.242696">
        <ele>1606.0</ele>
      </trkpt>
      <trkpt lat="47.609016" lon="12.242722">
        <ele>1605.7</ele>
      </trkpt>
      <trkpt lat="47.608998" lon="12.242759">
        <ele>1606.0</ele>
      </trkpt>
      <trkpt lat="47.608986" lon="12.242792">
        <ele>1606.5</ele>
      </trkpt>
      <trkpt lat="47.608988" lon="12.242817">
        <ele>1607.5</ele>
      </trkpt>
      <trkpt lat="47.609007" lon="12.242821">
        <ele>1608.7</ele>
      </trkpt>
      <trkpt lat="47.60903" lon="12.24282">
        <ele>1609.9</ele>
      </trkpt>
      <trkpt lat="47.609048" lon="12.242839">
        <ele>1611.6</ele>
      </trkpt>
      <trkpt lat="47.609075" lon="12.242864">
        <ele>1614.1</ele>
      </trkpt>
      <trkpt lat="47.609098" lon="12.242881">
        <ele>1616.3</ele>
      </trkpt>
      <trkpt lat="47.609113" lon="12.242891">
        <ele>1617.7</ele>
      </trkpt>
      <trkpt lat="47.609122" lon="12.242889">
        <ele>1618.2</ele>
      </trkpt>
      <trkpt lat="47.609147" lon="12.242836">
        <ele>1617.3</ele>
      </trkpt>
      <trkpt lat="47.609174" lon="12.242814">
        <ele>1618.2</ele>
      </trkpt>
      <trkpt lat="47.609204" lon="12.24279">
        <ele>1619.7</ele>
      </trkpt>
      <trkpt lat="47.609234" lon="12.242763">
        <ele>1621.2</ele>
      </trkpt>
      <trkpt lat="47.609239" lon="12.242707">
        <ele>1620.7</ele>
      </trkpt>
      <trkpt lat="47.609244" lon="12.242647">
        <ele>1621.2</ele>
      </trkpt>
      <trkpt lat="47.609258" lon="12.242619">
        <ele>1622.6</ele>
      </trkpt>
      <trkpt lat="47.609268" lon="12.242637">
        <ele>1623.2</ele>
      </trkpt>
      <trkpt lat="47.609283" lon="12.242658">
        <ele>1624.1</ele>
      </trkpt>
      <trkpt lat="47.609301" lon="12.242675">
        <ele>1625.3</ele>
      </trkpt>
      <trkpt lat="47.609321" lon="12.24268">
        <ele>1626.7</ele>
      </trkpt>
      <trkpt lat="47.609351" lon="12.242645">
        <ele>1628.3</ele>
      </trkpt>
      <trkpt lat="47.609362" lon="12.242623">
        <ele>1628.3</ele>
      </trkpt>
      <trkpt lat="47.609381" lon="12.242611">
        <ele>1628.0</ele>
      </trkpt>
      <trkpt lat="47.609402" lon="12.242621">
        <ele>1628.1</ele>
      </trkpt>
      <trkpt lat="47.609424" lon="12.242628">
        <ele>1626.5</ele>
      </trkpt>
      <trkpt lat="47.60943" lon="12.24265">
        <ele>1626.9</ele>
        <name>Naunspitze, Ebbs</name>
        <extensions>
          <oa:Extension>
            <oa:mapZoom>15</oa:mapZoom>
          </oa:Extension>
        </extensions>
      </trkpt>
      <trkpt lat="47.609424" lon="12.242628">
        <ele>1626.5</ele>
      </trkpt>
      <trkpt lat="47.609402" lon="12.242621">
        <ele>1628.1</ele>
      </trkpt>
      <trkpt lat="47.609381" lon="12.242611">
        <ele>1628.0</ele>
      </trkpt>
      <trkpt lat="47.609362" lon="12.242623">
        <ele>1628.3</ele>
      </trkpt>
      <trkpt lat="47.609351" lon="12.242645">
        <ele>1628.3</ele>
      </trkpt>
      <trkpt lat="47.609321" lon="12.24268">
        <ele>1626.7</ele>
      </trkpt>
      <trkpt lat="47.609301" lon="12.242675">
        <ele>1625.3</ele>
      </trkpt>
      <trkpt lat="47.609283" lon="12.242658">
        <ele>1624.1</ele>
      </trkpt>
      <trkpt lat="47.609268" lon="12.242637">
        <ele>1623.2</ele>
      </trkpt>
      <trkpt lat="47.609258" lon="12.242619">
        <ele>1622.6</ele>
      </trkpt>
      <trkpt lat="47.609244" lon="12.242647">
        <ele>1621.2</ele>
      </trkpt>
      <trkpt lat="47.609239" lon="12.242707">
        <ele>1620.7</ele>
      </trkpt>
      <trkpt lat="47.609234" lon="12.242763">
        <ele>1621.2</ele>
      </trkpt>
      <trkpt lat="47.609204" lon="12.24279">
        <ele>1619.7</ele>
      </trkpt>
      <trkpt lat="47.609174" lon="12.242814">
        <ele>1618.2</ele>
      </trkpt>
      <trkpt lat="47.609147" lon="12.242836">
        <ele>1617.3</ele>
      </trkpt>
      <trkpt lat="47.609122" lon="12.242889">
        <ele>1618.2</ele>
      </trkpt>
      <trkpt lat="47.609113" lon="12.242891">
        <ele>1617.7</ele>
      </trkpt>
      <trkpt lat="47.609098" lon="12.242881">
        <ele>1616.3</ele>
      </trkpt>
      <trkpt lat="47.609075" lon="12.242864">
        <ele>1614.1</ele>
      </trkpt>
      <trkpt lat="47.609048" lon="12.242839">
        <ele>1611.6</ele>
      </trkpt>
      <trkpt lat="47.60903" lon="12.24282">
        <ele>1609.9</ele>
      </trkpt>
      <trkpt lat="47.609007" lon="12.242821">
        <ele>1608.7</ele>
      </trkpt>
      <trkpt lat="47.608988" lon="12.242817">
        <ele>1607.5</ele>
      </trkpt>
      <trkpt lat="47.608986" lon="12.242792">
        <ele>1606.5</ele>
      </trkpt>
      <trkpt lat="47.608998" lon="12.242759">
        <ele>1606.0</ele>
      </trkpt>
      <trkpt lat="47.609016" lon="12.242722">
        <ele>1605.7</ele>
      </trkpt>
      <trkpt lat="47.609033" lon="12.242696">
        <ele>1606.0</ele>
      </trkpt>
      <trkpt lat="47.609027" lon="12.242677">
        <ele>1605.2</ele>
      </trkpt>
      <trkpt lat="47.609005" lon="12.242682">
        <ele>1603.9</ele>
      </trkpt>
      <trkpt lat="47.608982" lon="12.242685">
        <ele>1602.5</ele>
      </trkpt>
      <trkpt lat="47.608963" lon="12.242713">
        <ele>1602.1</ele>
      </trkpt>
      <trkpt lat="47.608915" lon="12.242742">
        <ele>1600.1</ele>
      </trkpt>
      <trkpt lat="47.608881" lon="12.242779">
        <ele>1599.2</ele>
      </trkpt>
      <trkpt lat="47.60886" lon="12.242801">
        <ele>1598.5</ele>
      </trkpt>
      <trkpt lat="47.608847" lon="12.242829">
        <ele>1598.3</ele>
      </trkpt>
      <trkpt lat="47.608848" lon="12.242866">
        <ele>1599.2</ele>
      </trkpt>
      <trkpt lat="47.608835" lon="12.242894">
        <ele>1598.8</ele>
      </trkpt>
      <trkpt lat="47.608806" lon="12.242907">
        <ele>1597.0</ele>
      </trkpt>
      <trkpt lat="47.608768" lon="12.242959">
        <ele>1594.7</ele>
      </trkpt>
      <trkpt lat="47.608758" lon="12.242987">
        <ele>1594.3</ele>
      </trkpt>
      <trkpt lat="47.608747" lon="12.243031">
        <ele>1593.6</ele>
      </trkpt>
      <trkpt lat="47.608737" lon="12.243073">
        <ele>1592.9</ele>
      </trkpt>
      <trkpt lat="47.608726" lon="12.243122">
        <ele>1592.0</ele>
      </trkpt>
      <trkpt lat="47.608723" lon="12.243164">
        <ele>1591.6</ele>
      </trkpt>
      <trkpt lat="47.608704" lon="12.243185">
        <ele>1590.0</ele>
      </trkpt>
      <trkpt lat="47.608679" lon="12.243247">
        <ele>1587.7</ele>
      </trkpt>
      <trkpt lat="47.608665" lon="12.243283">
        <ele>1586.7</ele>
      </trkpt>
      <trkpt lat="47.608655" lon="12.243313">
        <ele>1586.1</ele>
      </trkpt>
      <trkpt lat="47.60865" lon="12.243329">
        <ele>1585.9</ele>
      </trkpt>
      <trkpt lat="47.608646" lon="12.243343">
        <ele>1585.7</ele>
      </trkpt>
      <trkpt lat="47.60866" lon="12.243365">
        <ele>1586.5</ele>
      </trkpt>
      <trkpt lat="47.608682" lon="12.243396">
        <ele>1587.6</ele>
      </trkpt>
      <trkpt lat="47.608687" lon="12.243403">
        <ele>1587.9</ele>
      </trkpt>
      <trkpt lat="47.608701" lon="12.243403">
        <ele>1588.5</ele>
      </trkpt>
      <trkpt lat="47.608712" lon="12.243378">
        <ele>1589.0</ele>
      </trkpt>
      <trkpt lat="47.608719" lon="12.243382">
        <ele>1589.4</ele>
      </trkpt>
      <trkpt lat="47.608719" lon="12.243394">
        <ele>1589.4</ele>
      </trkpt>
      <trkpt lat="47.608705" lon="12.243423">
        <ele>1588.7</ele>
      </trkpt>
      <trkpt lat="47.608696" lon="12.243432">
        <ele>1588.4</ele>
      </trkpt>
      <trkpt lat="47.608666" lon="12.243443">
        <ele>1587.4</ele>
      </trkpt>
      <trkpt lat="47.608651" lon="12.243479">
        <ele>1587.6</ele>
      </trkpt>
      <trkpt lat="47.608629" lon="12.243515">
        <ele>1587.8</ele>
      </trkpt>
      <trkpt lat="47.608596" lon="12.243542">
        <ele>1588.0</ele>
      </trkpt>
      <trkpt lat="47.608588" lon="12.243574">
        <ele>1588.7</ele>
      </trkpt>
      <trkpt lat="47.608606" lon="12.243616">
        <ele>1589.8</ele>
      </trkpt>
      <trkpt lat="47.608591" lon="12.243661">
        <ele>1590.8</ele>
      </trkpt>
      <trkpt lat="47.60856" lon="12.243692">
        <ele>1591.7</ele>
      </trkpt>
      <trkpt lat="47.608502" lon="12.243737">
        <ele>1593.3</ele>
      </trkpt>
      <trkpt lat="47.60846" lon="12.243742">
        <ele>1593.7</ele>
      </trkpt>
      <trkpt lat="47.608408" lon="12.243806">
        <ele>1594.6</ele>
      </trkpt>
      <trkpt lat="47.608361" lon="12.24391">
        <ele>1595.0</ele>
      </trkpt>
      <trkpt lat="47.608336" lon="12.243954">
        <ele>1595.5</ele>
      </trkpt>
      <trkpt lat="47.608302" lon="12.243987">
        <ele>1596.1</ele>
      </trkpt>
      <trkpt lat="47.608244" lon="12.243987">
        <ele>1595.8</ele>
      </trkpt>
      <trkpt lat="47.608212" lon="12.244024">
        <ele>1597.8</ele>
      </trkpt>
      <trkpt lat="47.608142" lon="12.244039">
        <ele>1599.6</ele>
      </trkpt>
      <trkpt lat="47.608066" lon="12.244056">
        <ele>1601.6</ele>
      </trkpt>
      <trkpt lat="47.608017" lon="12.244055">
        <ele>1602.3</ele>
      </trkpt>
      <trkpt lat="47.607983" lon="12.244068">
        <ele>1603.6</ele>
      </trkpt>
      <trkpt lat="47.607975" lon="12.244088">
        <ele>1605.1</ele>
      </trkpt>
      <trkpt lat="47.607998" lon="12.244101">
        <ele>1605.3</ele>
      </trkpt>
      <trkpt lat="47.60811" lon="12.244195">
        <ele>1609.2</ele>
      </trkpt>
      <trkpt lat="47.608188" lon="12.244263">
        <ele>1612.1</ele>
      </trkpt>
      <trkpt lat="47.608224" lon="12.244284">
        <ele>1613.4</ele>
      </trkpt>
      <trkpt lat="47.60825" lon="12.244326">
        <ele>1615.7</ele>
      </trkpt>
      <trkpt lat="47.608276" lon="12.244355">
        <ele>1616.8</ele>
      </trkpt>
      <trkpt lat="47.608313" lon="12.244427">
        <ele>1618.8</ele>
      </trkpt>
      <trkpt lat="47.608355" lon="12.244501">
        <ele>1621.0</ele>
      </trkpt>
      <trkpt lat="47.6084" lon="12.244575">
        <ele>1624.5</ele>
      </trkpt>
      <trkpt lat="47.608421" lon="12.244573">
        <ele>1625.2</ele>
      </trkpt>
      <trkpt lat="47.608433" lon="12.244586">
        <ele>1626.1</ele>
      </trkpt>
      <trkpt lat="47.608425" lon="12.244632">
        <ele>1627.7</ele>
      </trkpt>
      <trkpt lat="47.608448" lon="12.24464">
        <ele>1628.5</ele>
      </trkpt>
      <trkpt lat="47.608461" lon="12.244655">
        <ele>1629.4</ele>
      </trkpt>
      <trkpt lat="47.608461" lon="12.244681">
        <ele>1630.4</ele>
      </trkpt>
      <trkpt lat="47.60849" lon="12.244673">
        <ele>1630.7</ele>
      </trkpt>
      <trkpt lat="47.608513" lon="12.244667">
        <ele>1631.2</ele>
      </trkpt>
      <trkpt lat="47.608537" lon="12.244677">
        <ele>1632.3</ele>
      </trkpt>
      <trkpt lat="47.608551" lon="12.244699">
        <ele>1633.6</ele>
      </trkpt>
      <trkpt lat="47.608565" lon="12.244706">
        <ele>1634.3</ele>
      </trkpt>
      <trkpt lat="47.608576" lon="12.244701">
        <ele>1634.4</ele>
      </trkpt>
      <trkpt lat="47.608582" lon="12.244691">
        <ele>1634.1</ele>
      </trkpt>
      <trkpt lat="47.608589" lon="12.244688">
        <ele>1634.2</ele>
      </trkpt>
      <trkpt lat="47.608603" lon="12.244696">
        <ele>1635.0</ele>
      </trkpt>
      <trkpt lat="47.608606" lon="12.244708">
        <ele>1635.6</ele>
      </trkpt>
      <trkpt lat="47.608602" lon="12.244718">
        <ele>1635.9</ele>
      </trkpt>
      <trkpt lat="47.608594" lon="12.244727">
        <ele>1636.0</ele>
      </trkpt>
      <trkpt lat="47.608591" lon="12.244737">
        <ele>1636.4</ele>
      </trkpt>
      <trkpt lat="47.608594" lon="12.24475">
        <ele>1637.0</ele>
      </trkpt>
      <trkpt lat="47.6086" lon="12.244753">
        <ele>1637.3</ele>
      </trkpt>
      <trkpt lat="47.608609" lon="12.244752">
        <ele>1637.6</ele>
      </trkpt>
      <trkpt lat="47.608622" lon="12.24474">
        <ele>1637.6</ele>
      </trkpt>
      <trkpt lat="47.608641" lon="12.244719">
        <ele>1637.4</ele>
      </trkpt>
      <trkpt lat="47.608655" lon="12.244712">
        <ele>1637.7</ele>
      </trkpt>
      <trkpt lat="47.608661" lon="12.244715">
        <ele>1638.2</ele>
      </trkpt>
      <trkpt lat="47.608665" lon="12.244725">
        <ele>1638.8</ele>
      </trkpt>
      <trkpt lat="47.608665" lon="12.244734">
        <ele>1639.2</ele>
      </trkpt>
      <trkpt lat="47.608661" lon="12.244741">
        <ele>1639.3</ele>
      </trkpt>
      <trkpt lat="47.608645" lon="12.244755">
        <ele>1639.3</ele>
      </trkpt>
      <trkpt lat="47.608637" lon="12.244779">
        <ele>1639.9</ele>
      </trkpt>
      <trkpt lat="47.608634" lon="12.244816">
        <ele>1641.3</ele>
      </trkpt>
      <trkpt lat="47.608637" lon="12.244836">
        <ele>1642.2</ele>
      </trkpt>
      <trkpt lat="47.608644" lon="12.244839">
        <ele>1642.6</ele>
      </trkpt>
      <trkpt lat="47.608652" lon="12.244837">
        <ele>1642.9</ele>
      </trkpt>
      <trkpt lat="47.608669" lon="12.244821">
        <ele>1643.2</ele>
      </trkpt>
      <trkpt lat="47.608686" lon="12.244813">
        <ele>1643.7</ele>
      </trkpt>
      <trkpt lat="47.60872" lon="12.244817">
        <ele>1645.8</ele>
      </trkpt>
      <trkpt lat="47.608751" lon="12.244821">
        <ele>1647.8</ele>
      </trkpt>
      <trkpt lat="47.608756" lon="12.244835">
        <ele>1648.6</ele>
      </trkpt>
      <trkpt lat="47.608743" lon="12.244866">
        <ele>1648.7</ele>
      </trkpt>
      <trkpt lat="47.608738" lon="12.24492">
        <ele>1649.7</ele>
      </trkpt>
      <trkpt lat="47.608737" lon="12.244988">
        <ele>1651.1</ele>
      </trkpt>
      <trkpt lat="47.608737" lon="12.245022">
        <ele>1651.8</ele>
      </trkpt>
      <trkpt lat="47.608746" lon="12.245023">
        <ele>1652.3</ele>
      </trkpt>
      <trkpt lat="47.608768" lon="12.245024">
        <ele>1653.7</ele>
      </trkpt>
      <trkpt lat="47.608779" lon="12.245039">
        <ele>1654.6</ele>
      </trkpt>
      <trkpt lat="47.608774" lon="12.245058">
        <ele>1654.5</ele>
      </trkpt>
      <trkpt lat="47.608766" lon="12.245076">
        <ele>1654.4</ele>
      </trkpt>
      <trkpt lat="47.60877" lon="12.245098">
        <ele>1654.9</ele>
      </trkpt>
      <trkpt lat="47.608784" lon="12.245101">
        <ele>1655.8</ele>
      </trkpt>
      <trkpt lat="47.608797" lon="12.245102">
        <ele>1656.5</ele>
      </trkpt>
      <trkpt lat="47.608802" lon="12.24512">
        <ele>1657.1</ele>
      </trkpt>
      <trkpt lat="47.608795" lon="12.245156">
        <ele>1657.4</ele>
      </trkpt>
      <trkpt lat="47.608791" lon="12.245182">
        <ele>1657.8</ele>
      </trkpt>
      <trkpt lat="47.608798" lon="12.245206">
        <ele>1658.7</ele>
      </trkpt>
      <trkpt lat="47.608811" lon="12.245224">
        <ele>1659.7</ele>
      </trkpt>
      <trkpt lat="47.608821" lon="12.24522">
        <ele>1660.0</ele>
      </trkpt>
      <trkpt lat="47.608838" lon="12.245199">
        <ele>1660.3</ele>
      </trkpt>
      <trkpt lat="47.60886" lon="12.245177">
        <ele>1660.9</ele>
      </trkpt>
      <trkpt lat="47.608899" lon="12.245157">
        <ele>1663.0</ele>
      </trkpt>
      <trkpt lat="47.608929" lon="12.24515">
        <ele>1664.9</ele>
      </trkpt>
      <trkpt lat="47.608952" lon="12.245151">
        <ele>1666.6</ele>
      </trkpt>
      <trkpt lat="47.608961" lon="12.245157">
        <ele>1667.1</ele>
      </trkpt>
      <trkpt lat="47.608964" lon="12.245178">
        <ele>1667.3</ele>
      </trkpt>
      <trkpt lat="47.60896" lon="12.245208">
        <ele>1667.1</ele>
      </trkpt>
      <trkpt lat="47.60897" lon="12.245256">
        <ele>1668.4</ele>
      </trkpt>
      <trkpt lat="47.608964" lon="12.245289">
        <ele>1668.8</ele>
      </trkpt>
      <trkpt lat="47.608951" lon="12.245311">
        <ele>1668.7</ele>
      </trkpt>
      <trkpt lat="47.608945" lon="12.245328">
        <ele>1669.1</ele>
      </trkpt>
      <trkpt lat="47.608948" lon="12.245345">
        <ele>1669.9</ele>
      </trkpt>
      <trkpt lat="47.608957" lon="12.245347">
        <ele>1670.4</ele>
      </trkpt>
      <trkpt lat="47.608976" lon="12.245336">
        <ele>1670.9</ele>
      </trkpt>
      <trkpt lat="47.608996" lon="12.245336">
        <ele>1671.8</ele>
      </trkpt>
      <trkpt lat="47.609017" lon="12.245355">
        <ele>1673.4</ele>
      </trkpt>
      <trkpt lat="47.609033" lon="12.245369">
        <ele>1674.6</ele>
      </trkpt>
      <trkpt lat="47.609058" lon="12.245368">
        <ele>1675.6</ele>
      </trkpt>
      <trkpt lat="47.609098" lon="12.245377">
        <ele>1677.5</ele>
      </trkpt>
      <trkpt lat="47.609112" lon="12.245383">
        <ele>1678.1</ele>
      </trkpt>
      <trkpt lat="47.609124" lon="12.245381">
        <ele>1678.4</ele>
      </trkpt>
      <trkpt lat="47.609128" lon="12.245361">
        <ele>1678.1</ele>
      </trkpt>
      <trkpt lat="47.609138" lon="12.245348">
        <ele>1678.3</ele>
      </trkpt>
      <trkpt lat="47.60915" lon="12.245339">
        <ele>1678.6</ele>
      </trkpt>
      <trkpt lat="47.609169" lon="12.245328">
        <ele>1679.5</ele>
      </trkpt>
      <trkpt lat="47.60919" lon="12.245335">
        <ele>1680.3</ele>
      </trkpt>
      <trkpt lat="47.609211" lon="12.245357">
        <ele>1681.3</ele>
      </trkpt>
      <trkpt lat="47.60924" lon="12.245391">
        <ele>1682.7</ele>
      </trkpt>
      <trkpt lat="47.60925" lon="12.24542">
        <ele>1683.1</ele>
      </trkpt>
      <trkpt lat="47.609268" lon="12.245448">
        <ele>1683.8</ele>
      </trkpt>
      <trkpt lat="47.609289" lon="12.245475">
        <ele>1685.0</ele>
      </trkpt>
      <trkpt lat="47.609302" lon="12.245481">
        <ele>1685.9</ele>
      </trkpt>
      <trkpt lat="47.609313" lon="12.245477">
        <ele>1686.6</ele>
      </trkpt>
      <trkpt lat="47.609314" lon="12.245459">
        <ele>1686.7</ele>
      </trkpt>
      <trkpt lat="47.609317" lon="12.245421">
        <ele>1687.0</ele>
      </trkpt>
      <trkpt lat="47.609329" lon="12.245391">
        <ele>1687.8</ele>
      </trkpt>
      <trkpt lat="47.609338" lon="12.245375">
        <ele>1688.3</ele>
      </trkpt>
      <trkpt lat="47.609344" lon="12.245367">
        <ele>1688.5</ele>
      </trkpt>
      <trkpt lat="47.609349" lon="12.245356">
        <ele>1688.5</ele>
      </trkpt>
      <trkpt lat="47.609357" lon="12.245353">
        <ele>1688.8</ele>
      </trkpt>
      <trkpt lat="47.609367" lon="12.245354">
        <ele>1689.2</ele>
      </trkpt>
      <trkpt lat="47.609391" lon="12.245377">
        <ele>1690.5</ele>
      </trkpt>
      <trkpt lat="47.6094" lon="12.245382">
        <ele>1690.9</ele>
      </trkpt>
      <trkpt lat="47.609408" lon="12.245369">
        <ele>1690.8</ele>
      </trkpt>
      <trkpt lat="47.609418" lon="12.245359">
        <ele>1690.7</ele>
      </trkpt>
      <trkpt lat="47.609425" lon="12.245359">
        <ele>1690.8</ele>
      </trkpt>
      <trkpt lat="47.609429" lon="12.245362">
        <ele>1691.0</ele>
      </trkpt>
      <trkpt lat="47.609429" lon="12.245372">
        <ele>1691.3</ele>
      </trkpt>
      <trkpt lat="47.609427" lon="12.245387">
        <ele>1691.9</ele>
      </trkpt>
      <trkpt lat="47.609428" lon="12.245412">
        <ele>1692.7</ele>
      </trkpt>
      <trkpt lat="47.609436" lon="12.245448">
        <ele>1693.9</ele>
      </trkpt>
      <trkpt lat="47.609443" lon="12.245464">
        <ele>1694.6</ele>
      </trkpt>
      <trkpt lat="47.609451" lon="12.245471">
        <ele>1695.1</ele>
      </trkpt>
      <trkpt lat="47.609462" lon="12.245481">
        <ele>1695.6</ele>
      </trkpt>
      <trkpt lat="47.609472" lon="12.245479">
        <ele>1695.9</ele>
      </trkpt>
      <trkpt lat="47.609481" lon="12.245482">
        <ele>1696.1</ele>
      </trkpt>
      <trkpt lat="47.609488" lon="12.245493">
        <ele>1696.5</ele>
      </trkpt>
      <trkpt lat="47.60948" lon="12.245505">
        <ele>1696.6</ele>
      </trkpt>
      <trkpt lat="47.609479" lon="12.245518">
        <ele>1696.7</ele>
      </trkpt>
      <trkpt lat="47.609486" lon="12.24553">
        <ele>1697.0</ele>
      </trkpt>
      <trkpt lat="47.609499" lon="12.245546">
        <ele>1697.6</ele>
      </trkpt>
      <trkpt lat="47.609524" lon="12.245564">
        <ele>1699.0</ele>
      </trkpt>
      <trkpt lat="47.609569" lon="12.245569">
        <ele>1701.0</ele>
      </trkpt>
      <trkpt lat="47.609598" lon="12.245591">
        <ele>1702.8</ele>
      </trkpt>
      <trkpt lat="47.60961" lon="12.245605">
        <ele>1703.6</ele>
      </trkpt>
      <trkpt lat="47.609616" lon="12.24563">
        <ele>1704.5</ele>
      </trkpt>
      <trkpt lat="47.609617" lon="12.245669">
        <ele>1705.0</ele>
      </trkpt>
      <trkpt lat="47.609633" lon="12.245711">
        <ele>1706.1</ele>
      </trkpt>
      <trkpt lat="47.609642" lon="12.24574">
        <ele>1707.0</ele>
      </trkpt>
      <trkpt lat="47.609644" lon="12.245761">
        <ele>1707.6</ele>
      </trkpt>
      <trkpt lat="47.609644" lon="12.245784">
        <ele>1708.3</ele>
      </trkpt>
      <trkpt lat="47.609658" lon="12.245793">
        <ele>1709.2</ele>
      </trkpt>
      <trkpt lat="47.609666" lon="12.245795">
        <ele>1709.5</ele>
      </trkpt>
      <trkpt lat="47.609675" lon="12.245796">
        <ele>1709.9</ele>
      </trkpt>
      <trkpt lat="47.609683" lon="12.245786">
        <ele>1710.1</ele>
      </trkpt>
      <trkpt lat="47.609697" lon="12.245778">
        <ele>1710.6</ele>
      </trkpt>
      <trkpt lat="47.609718" lon="12.245776">
        <ele>1711.5</ele>
      </trkpt>
      <trkpt lat="47.609738" lon="12.245784">
        <ele>1712.5</ele>
      </trkpt>
      <trkpt lat="47.609745" lon="12.245798">
        <ele>1713.0</ele>
      </trkpt>
      <trkpt lat="47.609741" lon="12.245823">
        <ele>1713.1</ele>
      </trkpt>
      <trkpt lat="47.609736" lon="12.245845">
        <ele>1713.2</ele>
      </trkpt>
      <trkpt lat="47.609739" lon="12.245867">
        <ele>1713.7</ele>
      </trkpt>
      <trkpt lat="47.609758" lon="12.245881">
        <ele>1714.7</ele>
      </trkpt>
      <trkpt lat="47.609773" lon="12.245901">
        <ele>1715.6</ele>
      </trkpt>
      <trkpt lat="47.609765" lon="12.245923">
        <ele>1715.8</ele>
      </trkpt>
      <trkpt lat="47.609763" lon="12.245943">
        <ele>1716.2</ele>
      </trkpt>
      <trkpt lat="47.609765" lon="12.245956">
        <ele>1716.6</ele>
      </trkpt>
      <trkpt lat="47.609775" lon="12.245962">
        <ele>1717.0</ele>
      </trkpt>
      <trkpt lat="47.609787" lon="12.245965">
        <ele>1717.3</ele>
      </trkpt>
      <trkpt lat="47.609791" lon="12.245977">
        <ele>1717.6</ele>
      </trkpt>
      <trkpt lat="47.609788" lon="12.24599">
        <ele>1717.8</ele>
      </trkpt>
      <trkpt lat="47.609787" lon="12.246024">
        <ele>1718.6</ele>
      </trkpt>
      <trkpt lat="47.609779" lon="12.246096">
        <ele>1720.5</ele>
      </trkpt>
      <trkpt lat="47.609769" lon="12.246137">
        <ele>1721.6</ele>
      </trkpt>
      <trkpt lat="47.609765" lon="12.246183">
        <ele>1722.7</ele>
      </trkpt>
      <trkpt lat="47.609759" lon="12.24621">
        <ele>1723.4</ele>
      </trkpt>
      <trkpt lat="47.609762" lon="12.246251">
        <ele>1724.3</ele>
      </trkpt>
      <trkpt lat="47.609757" lon="12.246287">
        <ele>1725.0</ele>
      </trkpt>
      <trkpt lat="47.609747" lon="12.246348">
        <ele>1726.0</ele>
      </trkpt>
      <trkpt lat="47.609749" lon="12.246431">
        <ele>1727.1</ele>
      </trkpt>
      <trkpt lat="47.609745" lon="12.246522">
        <ele>1728.5</ele>
      </trkpt>
      <trkpt lat="47.609749" lon="12.246588">
        <ele>1729.2</ele>
      </trkpt>
      <trkpt lat="47.609747" lon="12.246641">
        <ele>1729.4</ele>
      </trkpt>
      <trkpt lat="47.609752" lon="12.246684">
        <ele>1729.6</ele>
      </trkpt>
      <trkpt lat="47.609751" lon="12.246723">
        <ele>1729.5</ele>
      </trkpt>
      <trkpt lat="47.609742" lon="12.246776">
        <ele>1729.2</ele>
      </trkpt>
      <trkpt lat="47.609737" lon="12.246824">
        <ele>1729.0</ele>
      </trkpt>
      <trkpt lat="47.609738" lon="12.246895">
        <ele>1728.7</ele>
      </trkpt>
      <trkpt lat="47.609732" lon="12.247033">
        <ele>1727.6</ele>
      </trkpt>
      <trkpt lat="47.609735" lon="12.247205">
        <ele>1726.7</ele>
      </trkpt>
      <trkpt lat="47.609725" lon="12.247245">
        <ele>1726.5</ele>
      </trkpt>
      <trkpt lat="47.609709" lon="12.247283">
        <ele>1726.4</ele>
      </trkpt>
      <trkpt lat="47.609682" lon="12.247324">
        <ele>1726.5</ele>
      </trkpt>
      <trkpt lat="47.609669" lon="12.247373">
        <ele>1726.6</ele>
      </trkpt>
      <trkpt lat="47.60967" lon="12.247415">
        <ele>1726.6</ele>
      </trkpt>
      <trkpt lat="47.609679" lon="12.247448">
        <ele>1726.8</ele>
      </trkpt>
      <trkpt lat="47.609693" lon="12.247465">
        <ele>1727.0</ele>
      </trkpt>
      <trkpt lat="47.609706" lon="12.247483">
        <ele>1727.4</ele>
      </trkpt>
      <trkpt lat="47.609703" lon="12.247513">
        <ele>1727.3</ele>
      </trkpt>
      <trkpt lat="47.609709" lon="12.247538">
        <ele>1727.5</ele>
      </trkpt>
      <trkpt lat="47.609725" lon="12.247557">
        <ele>1728.1</ele>
      </trkpt>
      <trkpt lat="47.609736" lon="12.247572">
        <ele>1728.4</ele>
      </trkpt>
      <trkpt lat="47.609736" lon="12.247597">
        <ele>1728.5</ele>
      </trkpt>
      <trkpt lat="47.609735" lon="12.247647">
        <ele>1728.8</ele>
      </trkpt>
      <trkpt lat="47.609746" lon="12.247671">
        <ele>1729.2</ele>
      </trkpt>
      <trkpt lat="47.609754" lon="12.247694">
        <ele>1729.5</ele>
      </trkpt>
      <trkpt lat="47.609757" lon="12.247719">
        <ele>1729.7</ele>
      </trkpt>
      <trkpt lat="47.609761" lon="12.247744">
        <ele>1730.0</ele>
      </trkpt>
      <trkpt lat="47.609773" lon="12.24775">
        <ele>1730.3</ele>
      </trkpt>
      <trkpt lat="47.609793" lon="12.247754">
        <ele>1730.8</ele>
      </trkpt>
      <trkpt lat="47.609813" lon="12.24777">
        <ele>1731.3</ele>
      </trkpt>
      <trkpt lat="47.609849" lon="12.247819">
        <ele>1732.3</ele>
      </trkpt>
      <trkpt lat="47.609868" lon="12.247858">
        <ele>1733.1</ele>
      </trkpt>
      <trkpt lat="47.609871" lon="12.247874">
        <ele>1733.3</ele>
      </trkpt>
      <trkpt lat="47.609865" lon="12.247886">
        <ele>1733.3</ele>
      </trkpt>
      <trkpt lat="47.609862" lon="12.247921">
        <ele>1733.5</ele>
      </trkpt>
      <trkpt lat="47.609871" lon="12.247966">
        <ele>1734.1</ele>
      </trkpt>
      <trkpt lat="47.609897" lon="12.248">
        <ele>1735.1</ele>
      </trkpt>
      <trkpt lat="47.609939" lon="12.248024">
        <ele>1736.5</ele>
      </trkpt>
      <trkpt lat="47.609963" lon="12.248044">
        <ele>1737.7</ele>
      </trkpt>
      <trkpt lat="47.609972" lon="12.248069">
        <ele>1738.6</ele>
      </trkpt>
      <trkpt lat="47.609974" lon="12.248091">
        <ele>1739.1</ele>
      </trkpt>
      <trkpt lat="47.609967" lon="12.248122">
        <ele>1739.4</ele>
      </trkpt>
      <trkpt lat="47.609965" lon="12.248134">
        <ele>1739.5</ele>
      </trkpt>
      <trkpt lat="47.609977" lon="12.248161">
        <ele>1740.4</ele>
      </trkpt>
      <trkpt lat="47.61001" lon="12.248199">
        <ele>1742.3</ele>
      </trkpt>
      <trkpt lat="47.610026" lon="12.248204">
        <ele>1742.7</ele>
      </trkpt>
      <trkpt lat="47.610039" lon="12.248227">
        <ele>1743.2</ele>
      </trkpt>
      <trkpt lat="47.610039" lon="12.248268">
        <ele>1743.6</ele>
      </trkpt>
      <trkpt lat="47.610049" lon="12.248313">
        <ele>1744.1</ele>
      </trkpt>
      <trkpt lat="47.61006" lon="12.248344">
        <ele>1744.2</ele>
      </trkpt>
      <trkpt lat="47.61006" lon="12.248379">
        <ele>1744.5</ele>
      </trkpt>
      <trkpt lat="47.610055" lon="12.248393">
        <ele>1744.7</ele>
      </trkpt>
      <trkpt lat="47.610048" lon="12.248393">
        <ele>1744.8</ele>
      </trkpt>
      <trkpt lat="47.610041" lon="12.24839">
        <ele>1744.9</ele>
      </trkpt>
      <trkpt lat="47.610031" lon="12.248404">
        <ele>1745.2</ele>
      </trkpt>
      <trkpt lat="47.61003" lon="12.248412">
        <ele>1745.4</ele>
      </trkpt>
      <trkpt lat="47.610033" lon="12.248454">
        <ele>1746.0</ele>
      </trkpt>
      <trkpt lat="47.610042" lon="12.248504">
        <ele>1746.7</ele>
      </trkpt>
      <trkpt lat="47.610039" lon="12.248572">
        <ele>1747.6</ele>
      </trkpt>
      <trkpt lat="47.610031" lon="12.248608">
        <ele>1747.9</ele>
      </trkpt>
      <trkpt lat="47.610015" lon="12.248637">
        <ele>1748.0</ele>
      </trkpt>
      <trkpt lat="47.609999" lon="12.248681">
        <ele>1748.0</ele>
      </trkpt>
      <trkpt lat="47.609992" lon="12.248708">
        <ele>1748.1</ele>
      </trkpt>
      <trkpt lat="47.609991" lon="12.248733">
        <ele>1748.2</ele>
      </trkpt>
      <trkpt lat="47.610009" lon="12.248805">
        <ele>1748.3</ele>
      </trkpt>
      <trkpt lat="47.610008" lon="12.248836">
        <ele>1748.0</ele>
      </trkpt>
      <trkpt lat="47.610004" lon="12.248867">
        <ele>1747.5</ele>
      </trkpt>
      <trkpt lat="47.609995" lon="12.24889">
        <ele>1747.0</ele>
      </trkpt>
      <trkpt lat="47.609989" lon="12.248905">
        <ele>1746.7</ele>
      </trkpt>
      <trkpt lat="47.609987" lon="12.248918">
        <ele>1746.5</ele>
      </trkpt>
      <trkpt lat="47.609989" lon="12.248932">
        <ele>1746.3</ele>
      </trkpt>
      <trkpt lat="47.609998" lon="12.248941">
        <ele>1746.2</ele>
      </trkpt>
      <trkpt lat="47.610008" lon="12.248968">
        <ele>1745.7</ele>
      </trkpt>
      <trkpt lat="47.610025" lon="12.249">
        <ele>1745.1</ele>
      </trkpt>
      <trkpt lat="47.610028" lon="12.249032">
        <ele>1744.4</ele>
      </trkpt>
      <trkpt lat="47.610047" lon="12.249083">
        <ele>1743.4</ele>
      </trkpt>
      <trkpt lat="47.610065" lon="12.249133">
        <ele>1742.5</ele>
      </trkpt>
      <trkpt lat="47.610065" lon="12.249166">
        <ele>1742.1</ele>
      </trkpt>
      <trkpt lat="47.610062" lon="12.249202">
        <ele>1742.0</ele>
      </trkpt>
      <trkpt lat="47.610069" lon="12.249224">
        <ele>1742.1</ele>
      </trkpt>
      <trkpt lat="47.610084" lon="12.24925">
        <ele>1742.6</ele>
      </trkpt>
      <trkpt lat="47.6101" lon="12.24928">
        <ele>1743.1</ele>
      </trkpt>
      <trkpt lat="47.610104" lon="12.249316">
        <ele>1743.6</ele>
      </trkpt>
      <trkpt lat="47.610111" lon="12.249374">
        <ele>1744.0</ele>
      </trkpt>
      <trkpt lat="47.610116" lon="12.249418">
        <ele>1744.3</ele>
      </trkpt>
      <trkpt lat="47.610109" lon="12.249451">
        <ele>1744.4</ele>
      </trkpt>
      <trkpt lat="47.610107" lon="12.249491">
        <ele>1744.6</ele>
      </trkpt>
      <trkpt lat="47.610102" lon="12.249526">
        <ele>1744.8</ele>
      </trkpt>
      <trkpt lat="47.610097" lon="12.249553">
        <ele>1744.9</ele>
      </trkpt>
      <trkpt lat="47.610089" lon="12.249597">
        <ele>1744.9</ele>
      </trkpt>
      <trkpt lat="47.610081" lon="12.249627">
        <ele>1744.8</ele>
      </trkpt>
      <trkpt lat="47.610073" lon="12.249657">
        <ele>1744.6</ele>
      </trkpt>
      <trkpt lat="47.610072" lon="12.249693">
        <ele>1744.3</ele>
      </trkpt>
      <trkpt lat="47.610078" lon="12.249754">
        <ele>1743.9</ele>
      </trkpt>
      <trkpt lat="47.610093" lon="12.249849">
        <ele>1743.1</ele>
      </trkpt>
      <trkpt lat="47.61011" lon="12.249948">
        <ele>1743.0</ele>
      </trkpt>
      <trkpt lat="47.610123" lon="12.249974">
        <ele>1743.1</ele>
      </trkpt>
      <trkpt lat="47.610154" lon="12.250008">
        <ele>1743.0</ele>
      </trkpt>
      <trkpt lat="47.610185" lon="12.250023">
        <ele>1742.9</ele>
      </trkpt>
      <trkpt lat="47.610207" lon="12.25004">
        <ele>1743.3</ele>
      </trkpt>
      <trkpt lat="47.610211" lon="12.25006">
        <ele>1743.8</ele>
      </trkpt>
      <trkpt lat="47.61021" lon="12.25012">
        <ele>1745.0</ele>
      </trkpt>
      <trkpt lat="47.610204" lon="12.25015">
        <ele>1745.2</ele>
      </trkpt>
      <trkpt lat="47.610201" lon="12.250183">
        <ele>1745.4</ele>
      </trkpt>
      <trkpt lat="47.610205" lon="12.25022">
        <ele>1745.6</ele>
      </trkpt>
      <trkpt lat="47.610216" lon="12.250243">
        <ele>1745.8</ele>
      </trkpt>
      <trkpt lat="47.610234" lon="12.250258">
        <ele>1746.3</ele>
      </trkpt>
      <trkpt lat="47.610259" lon="12.250263">
        <ele>1747.1</ele>
      </trkpt>
      <trkpt lat="47.610272" lon="12.250267">
        <ele>1747.5</ele>
      </trkpt>
      <trkpt lat="47.610301" lon="12.250295">
        <ele>1747.9</ele>
      </trkpt>
      <trkpt lat="47.610327" lon="12.250322">
        <ele>1748.1</ele>
      </trkpt>
      <trkpt lat="47.610343" lon="12.250351">
        <ele>1748.1</ele>
      </trkpt>
      <trkpt lat="47.610348" lon="12.25037">
        <ele>1748.1</ele>
      </trkpt>
      <trkpt lat="47.610356" lon="12.250383">
        <ele>1748.3</ele>
      </trkpt>
      <trkpt lat="47.610368" lon="12.250391">
        <ele>1748.7</ele>
      </trkpt>
      <trkpt lat="47.610382" lon="12.250395">
        <ele>1749.2</ele>
      </trkpt>
      <trkpt lat="47.61039" lon="12.25042">
        <ele>1749.7</ele>
      </trkpt>
      <trkpt lat="47.6104" lon="12.250445">
        <ele>1750.3</ele>
      </trkpt>
      <trkpt lat="47.610413" lon="12.250442">
        <ele>1750.7</ele>
      </trkpt>
      <trkpt lat="47.610436" lon="12.250432">
        <ele>1751.4</ele>
      </trkpt>
      <trkpt lat="47.610476" lon="12.250414">
        <ele>1752.3</ele>
      </trkpt>
      <trkpt lat="47.610503" lon="12.250409">
        <ele>1752.9</ele>
      </trkpt>
      <trkpt lat="47.610548" lon="12.250416">
        <ele>1753.6</ele>
      </trkpt>
      <trkpt lat="47.61057" lon="12.250441">
        <ele>1754.5</ele>
      </trkpt>
      <trkpt lat="47.610613" lon="12.250492">
        <ele>1756.7</ele>
      </trkpt>
      <trkpt lat="47.610625" lon="12.250508">
        <ele>1757.3</ele>
      </trkpt>
      <trkpt lat="47.610628" lon="12.250527">
        <ele>1757.6</ele>
      </trkpt>
      <trkpt lat="47.610638" lon="12.250552">
        <ele>1758.2</ele>
      </trkpt>
      <trkpt lat="47.610649" lon="12.25056">
        <ele>1758.5</ele>
      </trkpt>
      <trkpt lat="47.610652" lon="12.250569">
        <ele>1758.6</ele>
      </trkpt>
      <trkpt lat="47.610649" lon="12.250583">
        <ele>1758.6</ele>
      </trkpt>
      <trkpt lat="47.610636" lon="12.250597">
        <ele>1758.4</ele>
      </trkpt>
      <trkpt lat="47.610626" lon="12.250618">
        <ele>1758.5</ele>
      </trkpt>
      <trkpt lat="47.610622" lon="12.250649">
        <ele>1759.1</ele>
      </trkpt>
      <trkpt lat="47.61063" lon="12.250676">
        <ele>1759.7</ele>
      </trkpt>
      <trkpt lat="47.610646" lon="12.250726">
        <ele>1761.1</ele>
      </trkpt>
      <trkpt lat="47.610665" lon="12.250732">
        <ele>1761.3</ele>
      </trkpt>
      <trkpt lat="47.610689" lon="12.250741">
        <ele>1761.7</ele>
      </trkpt>
      <trkpt lat="47.610724" lon="12.250756">
        <ele>1762.0</ele>
      </trkpt>
      <trkpt lat="47.610753" lon="12.250771">
        <ele>1762.5</ele>
      </trkpt>
      <trkpt lat="47.610778" lon="12.250789">
        <ele>1763.2</ele>
      </trkpt>
      <trkpt lat="47.610786" lon="12.250815">
        <ele>1763.7</ele>
      </trkpt>
      <trkpt lat="47.610795" lon="12.250855">
        <ele>1764.6</ele>
      </trkpt>
      <trkpt lat="47.610805" lon="12.250866">
        <ele>1764.9</ele>
      </trkpt>
      <trkpt lat="47.610818" lon="12.250876">
        <ele>1765.4</ele>
      </trkpt>
      <trkpt lat="47.610821" lon="12.250889">
        <ele>1765.7</ele>
      </trkpt>
      <trkpt lat="47.610828" lon="12.250899">
        <ele>1766.1</ele>
      </trkpt>
      <trkpt lat="47.610843" lon="12.250929">
        <ele>1767.3</ele>
      </trkpt>
      <trkpt lat="47.610867" lon="12.250952">
        <ele>1768.6</ele>
      </trkpt>
      <trkpt lat="47.610892" lon="12.250967">
        <ele>1769.9</ele>
      </trkpt>
      <trkpt lat="47.610923" lon="12.25098">
        <ele>1771.2</ele>
      </trkpt>
      <trkpt lat="47.610943" lon="12.250981">
        <ele>1771.8</ele>
      </trkpt>
      <trkpt lat="47.61096" lon="12.250969">
        <ele>1771.9</ele>
      </trkpt>
      <trkpt lat="47.610977" lon="12.250963">
        <ele>1772.2</ele>
      </trkpt>
      <trkpt lat="47.611019" lon="12.250966">
        <ele>1773.1</ele>
      </trkpt>
      <trkpt lat="47.611043" lon="12.250966">
        <ele>1773.5</ele>
      </trkpt>
      <trkpt lat="47.611063" lon="12.250946">
        <ele>1773.3</ele>
      </trkpt>
      <trkpt lat="47.611087" lon="12.250934">
        <ele>1773.1</ele>
      </trkpt>
      <trkpt lat="47.611121" lon="12.250918">
        <ele>1772.9</ele>
      </trkpt>
      <trkpt lat="47.611165" lon="12.250921">
        <ele>1774.2</ele>
      </trkpt>
      <trkpt lat="47.611219" lon="12.250949">
        <ele>1775.8</ele>
      </trkpt>
      <trkpt lat="47.611244" lon="12.250956">
        <ele>1775.9</ele>
      </trkpt>
      <trkpt lat="47.611262" lon="12.250979">
        <ele>1775.7</ele>
      </trkpt>
      <trkpt lat="47.611276" lon="12.251008">
        <ele>1775.0</ele>
      </trkpt>
      <trkpt lat="47.611292" lon="12.25112">
        <ele>1775.2</ele>
      </trkpt>
      <trkpt lat="47.6113" lon="12.251189">
        <ele>1776.0</ele>
      </trkpt>
      <trkpt lat="47.611306" lon="12.251222">
        <ele>1776.3</ele>
      </trkpt>
      <trkpt lat="47.611325" lon="12.251239">
        <ele>1775.7</ele>
      </trkpt>
      <trkpt lat="47.611342" lon="12.251266">
        <ele>1775.0</ele>
      </trkpt>
      <trkpt lat="47.611358" lon="12.251293">
        <ele>1774.2</ele>
      </trkpt>
      <trkpt lat="47.611369" lon="12.251343">
        <ele>1773.9</ele>
      </trkpt>
      <trkpt lat="47.611396" lon="12.251424">
        <ele>1773.2</ele>
      </trkpt>
      <trkpt lat="47.611421" lon="12.251483">
        <ele>1773.4</ele>
      </trkpt>
      <trkpt lat="47.611424" lon="12.251499">
        <ele>1773.7</ele>
      </trkpt>
      <trkpt lat="47.611419" lon="12.25151">
        <ele>1774.2</ele>
      </trkpt>
      <trkpt lat="47.611413" lon="12.251526">
        <ele>1774.7</ele>
      </trkpt>
      <trkpt lat="47.611411" lon="12.25154">
        <ele>1775.1</ele>
      </trkpt>
      <trkpt lat="47.611427" lon="12.251555">
        <ele>1775.2</ele>
      </trkpt>
      <trkpt lat="47.611452" lon="12.251578">
        <ele>1775.4</ele>
      </trkpt>
      <trkpt lat="47.611464" lon="12.251589">
        <ele>1775.5</ele>
      </trkpt>
      <trkpt lat="47.611476" lon="12.251629">
        <ele>1775.8</ele>
      </trkpt>
      <trkpt lat="47.611502" lon="12.251648">
        <ele>1775.1</ele>
      </trkpt>
      <trkpt lat="47.611531" lon="12.251692">
        <ele>1774.8</ele>
      </trkpt>
      <trkpt lat="47.61154" lon="12.251723">
        <ele>1775.0</ele>
      </trkpt>
      <trkpt lat="47.611543" lon="12.251748">
        <ele>1775.1</ele>
      </trkpt>
      <trkpt lat="47.611539" lon="12.251774">
        <ele>1775.6</ele>
      </trkpt>
      <trkpt lat="47.611548" lon="12.251804">
        <ele>1775.4</ele>
      </trkpt>
      <trkpt lat="47.611561" lon="12.251833">
        <ele>1774.9</ele>
      </trkpt>
      <trkpt lat="47.611571" lon="12.251907">
        <ele>1774.6</ele>
      </trkpt>
      <trkpt lat="47.611577" lon="12.251963">
        <ele>1774.4</ele>
      </trkpt>
      <trkpt lat="47.611577" lon="12.252011">
        <ele>1774.5</ele>
      </trkpt>
      <trkpt lat="47.61157" lon="12.252079">
        <ele>1775.4</ele>
      </trkpt>
      <trkpt lat="47.611554" lon="12.252112">
        <ele>1776.7</ele>
      </trkpt>
      <trkpt lat="47.611531" lon="12.252159">
        <ele>1778.4</ele>
      </trkpt>
      <trkpt lat="47.611494" lon="12.252195">
        <ele>1779.9</ele>
      </trkpt>
      <trkpt lat="47.611481" lon="12.252205">
        <ele>1780.3</ele>
      </trkpt>
      <trkpt lat="47.611473" lon="12.252211">
        <ele>1780.6</ele>
      </trkpt>
      <trkpt lat="47.611454" lon="12.252198">
        <ele>1780.8</ele>
      </trkpt>
      <trkpt lat="47.611436" lon="12.252183">
        <ele>1781.1</ele>
      </trkpt>
      <trkpt lat="47.611417" lon="12.252175">
        <ele>1781.5</ele>
      </trkpt>
      <trkpt lat="47.611398" lon="12.252182">
        <ele>1781.9</ele>
      </trkpt>
      <trkpt lat="47.611374" lon="12.252215">
        <ele>1782.5</ele>
      </trkpt>
      <trkpt lat="47.611342" lon="12.252233">
        <ele>1783.5</ele>
      </trkpt>
      <trkpt lat="47.611299" lon="12.252244">
        <ele>1784.5</ele>
      </trkpt>
      <trkpt lat="47.611274" lon="12.252254">
        <ele>1785.0</ele>
      </trkpt>
      <trkpt lat="47.611266" lon="12.252266">
        <ele>1785.3</ele>
      </trkpt>
      <trkpt lat="47.611257" lon="12.252293">
        <ele>1786.0</ele>
      </trkpt>
      <trkpt lat="47.611243" lon="12.252359">
        <ele>1787.7</ele>
      </trkpt>
      <trkpt lat="47.611233" lon="12.252385">
        <ele>1788.3</ele>
      </trkpt>
      <trkpt lat="47.611222" lon="12.252426">
        <ele>1789.0</ele>
      </trkpt>
      <trkpt lat="47.611219" lon="12.252445">
        <ele>1789.2</ele>
      </trkpt>
      <trkpt lat="47.611215" lon="12.252451">
        <ele>1789.3</ele>
      </trkpt>
      <trkpt lat="47.611198" lon="12.252451">
        <ele>1789.4</ele>
      </trkpt>
      <trkpt lat="47.611162" lon="12.252466">
        <ele>1789.5</ele>
      </trkpt>
      <trkpt lat="47.611146" lon="12.252491">
        <ele>1789.2</ele>
      </trkpt>
      <trkpt lat="47.611135" lon="12.252518">
        <ele>1788.6</ele>
      </trkpt>
      <trkpt lat="47.611127" lon="12.252513">
        <ele>1788.8</ele>
      </trkpt>
      <trkpt lat="47.611115" lon="12.252503">
        <ele>1789.1</ele>
      </trkpt>
      <trkpt lat="47.611095" lon="12.252504">
        <ele>1789.3</ele>
      </trkpt>
      <trkpt lat="47.61108" lon="12.252522">
        <ele>1789.0</ele>
      </trkpt>
      <trkpt lat="47.611077" lon="12.252535">
        <ele>1788.6</ele>
      </trkpt>
      <trkpt lat="47.611067" lon="12.252555">
        <ele>1788.1</ele>
      </trkpt>
      <trkpt lat="47.611047" lon="12.252584">
        <ele>1787.4</ele>
      </trkpt>
      <trkpt lat="47.611045" lon="12.252604">
        <ele>1786.7</ele>
      </trkpt>
      <trkpt lat="47.61104" lon="12.252646">
        <ele>1785.8</ele>
      </trkpt>
      <trkpt lat="47.611041" lon="12.25273">
        <ele>1784.6</ele>
      </trkpt>
      <trkpt lat="47.61104" lon="12.252776">
        <ele>1784.0</ele>
      </trkpt>
      <trkpt lat="47.611053" lon="12.25279">
        <ele>1783.4</ele>
      </trkpt>
      <trkpt lat="47.61107" lon="12.252797">
        <ele>1782.8</ele>
      </trkpt>
      <trkpt lat="47.611084" lon="12.25281">
        <ele>1782.3</ele>
      </trkpt>
      <trkpt lat="47.611093" lon="12.252816">
        <ele>1782.0</ele>
      </trkpt>
      <trkpt lat="47.611106" lon="12.252825">
        <ele>1781.7</ele>
      </trkpt>
      <trkpt lat="47.611133" lon="12.252856">
        <ele>1781.2</ele>
      </trkpt>
      <trkpt lat="47.611159" lon="12.252884">
        <ele>1781.1</ele>
      </trkpt>
      <trkpt lat="47.611162" lon="12.252896">
        <ele>1781.0</ele>
      </trkpt>
      <trkpt lat="47.611162" lon="12.252933">
        <ele>1781.0</ele>
      </trkpt>
      <trkpt lat="47.61118" lon="12.252961">
        <ele>1781.3</ele>
      </trkpt>
      <trkpt lat="47.611222" lon="12.253003">
        <ele>1781.9</ele>
      </trkpt>
      <trkpt lat="47.611251" lon="12.253028">
        <ele>1781.9</ele>
      </trkpt>
      <trkpt lat="47.611278" lon="12.253023">
        <ele>1781.9</ele>
      </trkpt>
      <trkpt lat="47.611305" lon="12.253025">
        <ele>1782.0</ele>
      </trkpt>
      <trkpt lat="47.611322" lon="12.253011">
        <ele>1782.3</ele>
      </trkpt>
      <trkpt lat="47.611341" lon="12.25301">
        <ele>1782.5</ele>
      </trkpt>
      <trkpt lat="47.611362" lon="12.253022">
        <ele>1782.8</ele>
      </trkpt>
      <trkpt lat="47.611388" lon="12.253052">
        <ele>1782.7</ele>
      </trkpt>
      <trkpt lat="47.611398" lon="12.253091">
        <ele>1782.2</ele>
      </trkpt>
      <trkpt lat="47.611401" lon="12.253129">
        <ele>1781.7</ele>
      </trkpt>
      <trkpt lat="47.611394" lon="12.253182">
        <ele>1781.2</ele>
      </trkpt>
      <trkpt lat="47.611383" lon="12.253242">
        <ele>1781.3</ele>
      </trkpt>
      <trkpt lat="47.611366" lon="12.253291">
        <ele>1780.8</ele>
      </trkpt>
      <trkpt lat="47.611343" lon="12.25334">
        <ele>1780.1</ele>
      </trkpt>
      <trkpt lat="47.61132" lon="12.253407">
        <ele>1780.7</ele>
      </trkpt>
      <trkpt lat="47.611303" lon="12.253442">
        <ele>1781.0</ele>
      </trkpt>
      <trkpt lat="47.611279" lon="12.253495">
        <ele>1781.9</ele>
      </trkpt>
      <trkpt lat="47.611273" lon="12.253524">
        <ele>1782.8</ele>
      </trkpt>
      <trkpt lat="47.611264" lon="12.253561">
        <ele>1783.9</ele>
      </trkpt>
      <trkpt lat="47.611276" lon="12.253588">
        <ele>1784.8</ele>
      </trkpt>
      <trkpt lat="47.611283" lon="12.253597">
        <ele>1785.2</ele>
      </trkpt>
      <trkpt lat="47.611293" lon="12.25364">
        <ele>1786.2</ele>
      </trkpt>
      <trkpt lat="47.611291" lon="12.253673">
        <ele>1786.9</ele>
      </trkpt>
      <trkpt lat="47.611274" lon="12.253687">
        <ele>1787.2</ele>
      </trkpt>
      <trkpt lat="47.611255" lon="12.253724">
        <ele>1787.5</ele>
      </trkpt>
      <trkpt lat="47.611244" lon="12.253771">
        <ele>1786.9</ele>
      </trkpt>
      <trkpt lat="47.611247" lon="12.253819">
        <ele>1786.4</ele>
      </trkpt>
      <trkpt lat="47.611246" lon="12.253866">
        <ele>1786.2</ele>
      </trkpt>
      <trkpt lat="47.611234" lon="12.253899">
        <ele>1785.9</ele>
      </trkpt>
      <trkpt lat="47.611211" lon="12.253905">
        <ele>1785.7</ele>
      </trkpt>
      <trkpt lat="47.611182" lon="12.253914">
        <ele>1785.8</ele>
      </trkpt>
      <trkpt lat="47.611156" lon="12.253906">
        <ele>1786.4</ele>
      </trkpt>
      <trkpt lat="47.611128" lon="12.253899">
        <ele>1787.7</ele>
      </trkpt>
      <trkpt lat="47.611111" lon="12.253894">
        <ele>1788.8</ele>
      </trkpt>
      <trkpt lat="47.611102" lon="12.253902">
        <ele>1789.3</ele>
      </trkpt>
      <trkpt lat="47.611099" lon="12.253923">
        <ele>1789.3</ele>
      </trkpt>
      <trkpt lat="47.611115" lon="12.253944">
        <ele>1788.2</ele>
      </trkpt>
      <trkpt lat="47.611113" lon="12.253981">
        <ele>1788.5</ele>
      </trkpt>
      <trkpt lat="47.611104" lon="12.253998">
        <ele>1789.3</ele>
      </trkpt>
      <trkpt lat="47.611094" lon="12.254003">
        <ele>1790.1</ele>
      </trkpt>
      <trkpt lat="47.611062" lon="12.254005">
        <ele>1791.8</ele>
      </trkpt>
      <trkpt lat="47.61104" lon="12.254002">
        <ele>1792.6</ele>
      </trkpt>
      <trkpt lat="47.611021" lon="12.254006">
        <ele>1793.1</ele>
      </trkpt>
      <trkpt lat="47.61101" lon="12.254016">
        <ele>1793.6</ele>
      </trkpt>
      <trkpt lat="47.611005" lon="12.254035">
        <ele>1794.0</ele>
      </trkpt>
      <trkpt lat="47.611018" lon="12.254058">
        <ele>1794.0</ele>
      </trkpt>
      <trkpt lat="47.611021" lon="12.254113">
        <ele>1794.3</ele>
      </trkpt>
      <trkpt lat="47.611024" lon="12.254149">
        <ele>1794.2</ele>
      </trkpt>
      <trkpt lat="47.611032" lon="12.254169">
        <ele>1793.9</ele>
      </trkpt>
      <trkpt lat="47.611031" lon="12.254198">
        <ele>1793.9</ele>
      </trkpt>
      <trkpt lat="47.611034" lon="12.254246">
        <ele>1793.7</ele>
      </trkpt>
      <trkpt lat="47.611059" lon="12.25428">
        <ele>1793.3</ele>
      </trkpt>
      <trkpt lat="47.611065" lon="12.254313">
        <ele>1793.5</ele>
      </trkpt>
      <trkpt lat="47.611063" lon="12.254362">
        <ele>1793.8</ele>
      </trkpt>
      <trkpt lat="47.611049" lon="12.254436">
        <ele>1795.2</ele>
      </trkpt>
      <trkpt lat="47.611034" lon="12.254525">
        <ele>1796.6</ele>
      </trkpt>
      <trkpt lat="47.611021" lon="12.254603">
        <ele>1795.8</ele>
      </trkpt>
      <trkpt lat="47.611031" lon="12.254715">
        <ele>1794.8</ele>
      </trkpt>
      <trkpt lat="47.611035" lon="12.254777">
        <ele>1794.7</ele>
      </trkpt>
      <trkpt lat="47.611059" lon="12.254835">
        <ele>1795.7</ele>
      </trkpt>
      <trkpt lat="47.61106" lon="12.254895">
        <ele>1796.6</ele>
      </trkpt>
      <trkpt lat="47.61105" lon="12.25494">
        <ele>1797.5</ele>
      </trkpt>
      <trkpt lat="47.611049" lon="12.254982">
        <ele>1798.4</ele>
      </trkpt>
      <trkpt lat="47.611041" lon="12.255006">
        <ele>1799.0</ele>
      </trkpt>
      <trkpt lat="47.611039" lon="12.255041">
        <ele>1799.7</ele>
      </trkpt>
      <trkpt lat="47.611055" lon="12.255075">
        <ele>1800.1</ele>
      </trkpt>
      <trkpt lat="47.611074" lon="12.255133">
        <ele>1801.1</ele>
      </trkpt>
      <trkpt lat="47.611077" lon="12.255174">
        <ele>1802.0</ele>
      </trkpt>
      <trkpt lat="47.611092" lon="12.255208">
        <ele>1803.2</ele>
      </trkpt>
      <trkpt lat="47.61111" lon="12.255233">
        <ele>1804.1</ele>
      </trkpt>
      <trkpt lat="47.611147" lon="12.255252">
        <ele>1804.6</ele>
      </trkpt>
      <trkpt lat="47.611183" lon="12.255282">
        <ele>1805.3</ele>
      </trkpt>
      <trkpt lat="47.611196" lon="12.255311">
        <ele>1805.9</ele>
      </trkpt>
      <trkpt lat="47.61121" lon="12.255353">
        <ele>1806.7</ele>
      </trkpt>
      <trkpt lat="47.611232" lon="12.255364">
        <ele>1807.4</ele>
      </trkpt>
      <trkpt lat="47.611252" lon="12.255381">
        <ele>1807.9</ele>
      </trkpt>
      <trkpt lat="47.611269" lon="12.255402">
        <ele>1808.5</ele>
      </trkpt>
      <trkpt lat="47.611274" lon="12.255429">
        <ele>1808.7</ele>
      </trkpt>
      <trkpt lat="47.611271" lon="12.255476">
        <ele>1808.7</ele>
      </trkpt>
      <trkpt lat="47.61128" lon="12.255501">
        <ele>1809.0</ele>
      </trkpt>
      <trkpt lat="47.61129" lon="12.255508">
        <ele>1809.3</ele>
      </trkpt>
      <trkpt lat="47.611311" lon="12.255516">
        <ele>1810.0</ele>
      </trkpt>
      <trkpt lat="47.611327" lon="12.25551">
        <ele>1810.5</ele>
      </trkpt>
      <trkpt lat="47.611348" lon="12.255486">
        <ele>1811.1</ele>
      </trkpt>
      <trkpt lat="47.611354" lon="12.255474">
        <ele>1811.3</ele>
      </trkpt>
      <trkpt lat="47.611366" lon="12.25546">
        <ele>1811.6</ele>
      </trkpt>
      <trkpt lat="47.611373" lon="12.255453">
        <ele>1811.7</ele>
      </trkpt>
      <trkpt lat="47.611377" lon="12.255456">
        <ele>1811.9</ele>
      </trkpt>
      <trkpt lat="47.61138" lon="12.255464">
        <ele>1812.0</ele>
      </trkpt>
      <trkpt lat="47.61138" lon="12.255474">
        <ele>1812.0</ele>
      </trkpt>
      <trkpt lat="47.611387" lon="12.255508">
        <ele>1812.5</ele>
      </trkpt>
      <trkpt lat="47.611412" lon="12.255545">
        <ele>1813.8</ele>
      </trkpt>
      <trkpt lat="47.611427" lon="12.255566">
        <ele>1814.6</ele>
      </trkpt>
      <trkpt lat="47.611427" lon="12.255601">
        <ele>1815.1</ele>
      </trkpt>
      <trkpt lat="47.611432" lon="12.255653">
        <ele>1816.0</ele>
      </trkpt>
      <trkpt lat="47.611437" lon="12.25568">
        <ele>1816.6</ele>
      </trkpt>
      <trkpt lat="47.611453" lon="12.255727">
        <ele>1818.2</ele>
      </trkpt>
      <trkpt lat="47.611472" lon="12.255756">
        <ele>1819.6</ele>
      </trkpt>
      <trkpt lat="47.611478" lon="12.255771">
        <ele>1820.2</ele>
      </trkpt>
      <trkpt lat="47.611479" lon="12.255794">
        <ele>1820.8</ele>
      </trkpt>
      <trkpt lat="47.611474" lon="12.255829">
        <ele>1821.4</ele>
      </trkpt>
      <trkpt lat="47.611473" lon="12.255897">
        <ele>1823.1</ele>
      </trkpt>
      <trkpt lat="47.61148" lon="12.255969">
        <ele>1824.7</ele>
      </trkpt>
      <trkpt lat="47.611483" lon="12.256031">
        <ele>1825.8</ele>
      </trkpt>
      <trkpt lat="47.611491" lon="12.256124">
        <ele>1827.4</ele>
      </trkpt>
      <trkpt lat="47.611501" lon="12.256207">
        <ele>1828.8</ele>
      </trkpt>
      <trkpt lat="47.611525" lon="12.256276">
        <ele>1828.8</ele>
      </trkpt>
      <trkpt lat="47.611556" lon="12.256341">
        <ele>1827.6</ele>
      </trkpt>
      <trkpt lat="47.611608" lon="12.256402">
        <ele>1825.7</ele>
      </trkpt>
      <trkpt lat="47.611645" lon="12.256432">
        <ele>1825.5</ele>
      </trkpt>
      <trkpt lat="47.611655" lon="12.256461">
        <ele>1825.1</ele>
      </trkpt>
      <trkpt lat="47.611661" lon="12.256496">
        <ele>1824.8</ele>
      </trkpt>
      <trkpt lat="47.61167" lon="12.256537">
        <ele>1824.9</ele>
      </trkpt>
      <trkpt lat="47.611658" lon="12.256599">
        <ele>1824.3</ele>
      </trkpt>
      <trkpt lat="47.611641" lon="12.256655">
        <ele>1823.9</ele>
      </trkpt>
      <trkpt lat="47.61165" lon="12.25669">
        <ele>1824.9</ele>
      </trkpt>
      <trkpt lat="47.611653" lon="12.256727">
        <ele>1825.7</ele>
      </trkpt>
      <trkpt lat="47.611656" lon="12.256764">
        <ele>1826.3</ele>
      </trkpt>
      <trkpt lat="47.611661" lon="12.256783">
        <ele>1826.8</ele>
      </trkpt>
      <trkpt lat="47.611678" lon="12.256794">
        <ele>1827.5</ele>
      </trkpt>
      <trkpt lat="47.611695" lon="12.256817">
        <ele>1828.1</ele>
      </trkpt>
      <trkpt lat="47.611701" lon="12.256836">
        <ele>1828.3</ele>
      </trkpt>
      <trkpt lat="47.611706" lon="12.256838">
        <ele>1828.4</ele>
      </trkpt>
      <trkpt lat="47.611714" lon="12.256842">
        <ele>1828.6</ele>
      </trkpt>
      <trkpt lat="47.611722" lon="12.256857">
        <ele>1828.9</ele>
      </trkpt>
      <trkpt lat="47.611728" lon="12.256898">
        <ele>1829.2</ele>
      </trkpt>
      <trkpt lat="47.611742" lon="12.256932">
        <ele>1829.8</ele>
      </trkpt>
      <trkpt lat="47.611764" lon="12.256957">
        <ele>1830.3</ele>
      </trkpt>
      <trkpt lat="47.611773" lon="12.256986">
        <ele>1830.4</ele>
      </trkpt>
      <trkpt lat="47.611779" lon="12.257036">
        <ele>1830.2</ele>
      </trkpt>
      <trkpt lat="47.611777" lon="12.257091">
        <ele>1829.7</ele>
      </trkpt>
      <trkpt lat="47.611768" lon="12.257124">
        <ele>1829.2</ele>
      </trkpt>
      <trkpt lat="47.611773" lon="12.257147">
        <ele>1829.4</ele>
      </trkpt>
      <trkpt lat="47.611782" lon="12.257191">
        <ele>1829.9</ele>
      </trkpt>
      <trkpt lat="47.611782" lon="12.257213">
        <ele>1830.1</ele>
      </trkpt>
      <trkpt lat="47.611778" lon="12.257219">
        <ele>1830.1</ele>
      </trkpt>
      <trkpt lat="47.611748" lon="12.257229">
        <ele>1829.7</ele>
      </trkpt>
      <trkpt lat="47.611711" lon="12.257224">
        <ele>1829.5</ele>
      </trkpt>
      <trkpt lat="47.611677" lon="12.257246">
        <ele>1830.7</ele>
      </trkpt>
      <trkpt lat="47.611638" lon="12.257272">
        <ele>1832.1</ele>
      </trkpt>
      <trkpt lat="47.61163" lon="12.257297">
        <ele>1832.6</ele>
      </trkpt>
      <trkpt lat="47.611632" lon="12.257336">
        <ele>1833.2</ele>
      </trkpt>
      <trkpt lat="47.611647" lon="12.257369">
        <ele>1833.6</ele>
      </trkpt>
      <trkpt lat="47.61166" lon="12.257401">
        <ele>1834.3</ele>
      </trkpt>
      <trkpt lat="47.611647" lon="12.257438">
        <ele>1835.2</ele>
      </trkpt>
      <trkpt lat="47.611632" lon="12.257464">
        <ele>1835.9</ele>
      </trkpt>
      <trkpt lat="47.611607" lon="12.257502">
        <ele>1836.9</ele>
      </trkpt>
      <trkpt lat="47.611584" lon="12.257533">
        <ele>1837.6</ele>
      </trkpt>
      <trkpt lat="47.61157" lon="12.257561">
        <ele>1838.1</ele>
      </trkpt>
      <trkpt lat="47.611569" lon="12.257576">
        <ele>1838.5</ele>
      </trkpt>
      <trkpt lat="47.611574" lon="12.257591">
        <ele>1839.0</ele>
      </trkpt>
      <trkpt lat="47.611585" lon="12.257618">
        <ele>1840.0</ele>
      </trkpt>
      <trkpt lat="47.611571" lon="12.257642">
        <ele>1840.5</ele>
      </trkpt>
      <trkpt lat="47.611568" lon="12.257673">
        <ele>1841.4</ele>
      </trkpt>
      <trkpt lat="47.611565" lon="12.257694">
        <ele>1842.0</ele>
      </trkpt>
      <trkpt lat="47.611564" lon="12.257756">
        <ele>1844.0</ele>
      </trkpt>
      <trkpt lat="47.611556" lon="12.257799">
        <ele>1845.3</ele>
      </trkpt>
      <trkpt lat="47.611558" lon="12.25783">
        <ele>1846.2</ele>
      </trkpt>
      <trkpt lat="47.611568" lon="12.257863">
        <ele>1847.2</ele>
      </trkpt>
      <trkpt lat="47.61159" lon="12.257886">
        <ele>1848.2</ele>
      </trkpt>
      <trkpt lat="47.611614" lon="12.257899">
        <ele>1848.8</ele>
      </trkpt>
      <trkpt lat="47.611632" lon="12.257922">
        <ele>1849.4</ele>
      </trkpt>
      <trkpt lat="47.611642" lon="12.257943">
        <ele>1849.8</ele>
      </trkpt>
      <trkpt lat="47.611639" lon="12.257976">
        <ele>1850.1</ele>
      </trkpt>
      <trkpt lat="47.611634" lon="12.257988">
        <ele>1850.1</ele>
      </trkpt>
      <trkpt lat="47.61164" lon="12.258018">
        <ele>1850.4</ele>
      </trkpt>
      <trkpt lat="47.611656" lon="12.258072">
        <ele>1851.3</ele>
      </trkpt>
      <trkpt lat="47.611667" lon="12.258088">
        <ele>1851.8</ele>
      </trkpt>
      <trkpt lat="47.611663" lon="12.258125">
        <ele>1852.2</ele>
      </trkpt>
      <trkpt lat="47.611656" lon="12.258167">
        <ele>1852.7</ele>
      </trkpt>
      <trkpt lat="47.611656" lon="12.258214">
        <ele>1853.5</ele>
      </trkpt>
      <trkpt lat="47.611665" lon="12.25828">
        <ele>1854.8</ele>
      </trkpt>
      <trkpt lat="47.611665" lon="12.25832">
        <ele>1855.3</ele>
      </trkpt>
      <trkpt lat="47.611651" lon="12.258357">
        <ele>1855.8</ele>
      </trkpt>
      <trkpt lat="47.611613" lon="12.258405">
        <ele>1856.3</ele>
      </trkpt>
      <trkpt lat="47.611591" lon="12.258434">
        <ele>1856.5</ele>
      </trkpt>
      <trkpt lat="47.611589" lon="12.258463">
        <ele>1856.8</ele>
      </trkpt>
      <trkpt lat="47.611573" lon="12.258491">
        <ele>1857.0</ele>
      </trkpt>
      <trkpt lat="47.611562" lon="12.258549">
        <ele>1857.0</ele>
      </trkpt>
      <trkpt lat="47.611543" lon="12.258627">
        <ele>1856.2</ele>
      </trkpt>
      <trkpt lat="47.611529" lon="12.258653">
        <ele>1855.7</ele>
      </trkpt>
      <trkpt lat="47.611529" lon="12.258668">
        <ele>1855.4</ele>
      </trkpt>
      <trkpt lat="47.611528" lon="12.258705">
        <ele>1854.5</ele>
      </trkpt>
      <trkpt lat="47.611542" lon="12.258724">
        <ele>1854.4</ele>
      </trkpt>
      <trkpt lat="47.611538" lon="12.258765">
        <ele>1853.8</ele>
      </trkpt>
      <trkpt lat="47.611535" lon="12.258815">
        <ele>1853.6</ele>
      </trkpt>
      <trkpt lat="47.611539" lon="12.258829">
        <ele>1853.6</ele>
      </trkpt>
      <trkpt lat="47.611517" lon="12.258864">
        <ele>1853.3</ele>
      </trkpt>
      <trkpt lat="47.611504" lon="12.258892">
        <ele>1853.1</ele>
      </trkpt>
      <trkpt lat="47.611494" lon="12.258913">
        <ele>1852.8</ele>
      </trkpt>
      <trkpt lat="47.611483" lon="12.25895">
        <ele>1852.5</ele>
      </trkpt>
      <trkpt lat="47.611476" lon="12.258964">
        <ele>1852.4</ele>
      </trkpt>
      <trkpt lat="47.611458" lon="12.258993">
        <ele>1852.4</ele>
      </trkpt>
      <trkpt lat="47.61145" lon="12.259023">
        <ele>1852.4</ele>
      </trkpt>
      <trkpt lat="47.611458" lon="12.259057">
        <ele>1851.6</ele>
      </trkpt>
      <trkpt lat="47.61148" lon="12.259152">
        <ele>1850.1</ele>
      </trkpt>
      <trkpt lat="47.611496" lon="12.25919">
        <ele>1850.7</ele>
      </trkpt>
      <trkpt lat="47.611502" lon="12.259229">
        <ele>1851.7</ele>
      </trkpt>
      <trkpt lat="47.611497" lon="12.259256">
        <ele>1852.1</ele>
      </trkpt>
      <trkpt lat="47.611482" lon="12.259326">
        <ele>1852.3</ele>
      </trkpt>
      <trkpt lat="47.61149" lon="12.259365">
        <ele>1852.4</ele>
      </trkpt>
      <trkpt lat="47.611498" lon="12.259411">
        <ele>1851.9</ele>
      </trkpt>
      <trkpt lat="47.611501" lon="12.259448">
        <ele>1851.0</ele>
      </trkpt>
      <trkpt lat="47.611492" lon="12.259487">
        <ele>1849.7</ele>
      </trkpt>
      <trkpt lat="47.61148" lon="12.259528">
        <ele>1848.5</ele>
      </trkpt>
      <trkpt lat="47.611467" lon="12.259544">
        <ele>1848.4</ele>
      </trkpt>
      <trkpt lat="47.611451" lon="12.259569">
        <ele>1848.5</ele>
      </trkpt>
      <trkpt lat="47.611443" lon="12.259589">
        <ele>1848.5</ele>
      </trkpt>
      <trkpt lat="47.611436" lon="12.259612">
        <ele>1848.7</ele>
      </trkpt>
      <trkpt lat="47.61143" lon="12.259657">
        <ele>1848.9</ele>
      </trkpt>
      <trkpt lat="47.611435" lon="12.259695">
        <ele>1848.7</ele>
      </trkpt>
      <trkpt lat="47.611455" lon="12.259742">
        <ele>1848.2</ele>
      </trkpt>
      <trkpt lat="47.611481" lon="12.259791">
        <ele>1848.8</ele>
      </trkpt>
      <trkpt lat="47.611522" lon="12.259831">
        <ele>1848.6</ele>
      </trkpt>
      <trkpt lat="47.611532" lon="12.25985">
        <ele>1849.2</ele>
      </trkpt>
      <trkpt lat="47.611547" lon="12.259889">
        <ele>1851.0</ele>
      </trkpt>
      <trkpt lat="47.61155" lon="12.259945">
        <ele>1853.4</ele>
      </trkpt>
      <trkpt lat="47.611574" lon="12.259989">
        <ele>1854.5</ele>
      </trkpt>
      <trkpt lat="47.611585" lon="12.260034">
        <ele>1854.9</ele>
      </trkpt>
      <trkpt lat="47.611604" lon="12.260076">
        <ele>1855.6</ele>
      </trkpt>
      <trkpt lat="47.611628" lon="12.260115">
        <ele>1856.7</ele>
      </trkpt>
      <trkpt lat="47.611664" lon="12.260157">
        <ele>1858.1</ele>
      </trkpt>
      <trkpt lat="47.611686" lon="12.260199">
        <ele>1859.4</ele>
      </trkpt>
      <trkpt lat="47.611706" lon="12.26026">
        <ele>1860.9</ele>
      </trkpt>
      <trkpt lat="47.611721" lon="12.260312">
        <ele>1861.8</ele>
      </trkpt>
      <trkpt lat="47.611715" lon="12.260346">
        <ele>1862.2</ele>
      </trkpt>
      <trkpt lat="47.611701" lon="12.260369">
        <ele>1862.5</ele>
      </trkpt>
      <trkpt lat="47.611695" lon="12.260402">
        <ele>1863.3</ele>
      </trkpt>
      <trkpt lat="47.611692" lon="12.260416">
        <ele>1863.7</ele>
      </trkpt>
      <trkpt lat="47.611675" lon="12.260422">
        <ele>1863.5</ele>
      </trkpt>
      <trkpt lat="47.611666" lon="12.260469">
        <ele>1864.5</ele>
      </trkpt>
      <trkpt lat="47.611652" lon="12.2605">
        <ele>1864.5</ele>
      </trkpt>
      <trkpt lat="47.611647" lon="12.260518">
        <ele>1864.5</ele>
      </trkpt>
      <trkpt lat="47.611674" lon="12.260536">
        <ele>1865.6</ele>
      </trkpt>
      <trkpt lat="47.611697" lon="12.260561">
        <ele>1866.7</ele>
      </trkpt>
      <trkpt lat="47.611703" lon="12.260582">
        <ele>1867.2</ele>
      </trkpt>
      <trkpt lat="47.61171" lon="12.260621">
        <ele>1868.3</ele>
      </trkpt>
      <trkpt lat="47.611738" lon="12.260649">
        <ele>1870.2</ele>
      </trkpt>
      <trkpt lat="47.611775" lon="12.260687">
        <ele>1872.7</ele>
      </trkpt>
      <trkpt lat="47.611823" lon="12.26075">
        <ele>1876.2</ele>
      </trkpt>
      <trkpt lat="47.611857" lon="12.260825">
        <ele>1879.9</ele>
      </trkpt>
      <trkpt lat="47.611891" lon="12.260894">
        <ele>1882.8</ele>
      </trkpt>
      <trkpt lat="47.611888" lon="12.260974">
        <ele>1882.9</ele>
      </trkpt>
      <trkpt lat="47.611904" lon="12.261041">
        <ele>1884.7</ele>
      </trkpt>
      <trkpt lat="47.611931" lon="12.261136">
        <ele>1887.5</ele>
      </trkpt>
      <trkpt lat="47.611941" lon="12.261207">
        <ele>1889.3</ele>
      </trkpt>
      <trkpt lat="47.611962" lon="12.261244">
        <ele>1890.7</ele>
      </trkpt>
      <trkpt lat="47.611977" lon="12.261269">
        <ele>1891.5</ele>
      </trkpt>
      <trkpt lat="47.611977" lon="12.261288">
        <ele>1891.9</ele>
      </trkpt>
      <trkpt lat="47.611965" lon="12.2613">
        <ele>1892.0</ele>
      </trkpt>
      <trkpt lat="47.611951" lon="12.261314">
        <ele>1892.1</ele>
      </trkpt>
      <trkpt lat="47.611949" lon="12.261355">
        <ele>1893.4</ele>
      </trkpt>
      <trkpt lat="47.611957" lon="12.261391">
        <ele>1894.3</ele>
      </trkpt>
      <trkpt lat="47.611971" lon="12.261424">
        <ele>1894.3</ele>
      </trkpt>
      <trkpt lat="47.611966" lon="12.261459">
        <ele>1894.3</ele>
      </trkpt>
      <trkpt lat="47.611969" lon="12.261519">
        <ele>1893.9</ele>
      </trkpt>
      <trkpt lat="47.611971" lon="12.261567">
        <ele>1894.2</ele>
      </trkpt>
      <trkpt lat="47.611963" lon="12.261597">
        <ele>1894.5</ele>
      </trkpt>
      <trkpt lat="47.611942" lon="12.261634">
        <ele>1895.1</ele>
      </trkpt>
      <trkpt lat="47.61193" lon="12.261683">
        <ele>1896.1</ele>
      </trkpt>
      <trkpt lat="47.61193" lon="12.261729">
        <ele>1897.9</ele>
      </trkpt>
      <trkpt lat="47.611925" lon="12.261745">
        <ele>1898.6</ele>
      </trkpt>
      <trkpt lat="47.611889" lon="12.261773">
        <ele>1900.0</ele>
      </trkpt>
      <trkpt lat="47.611888" lon="12.261813">
        <ele>1901.8</ele>
      </trkpt>
      <trkpt lat="47.611901" lon="12.261848">
        <ele>1903.0</ele>
      </trkpt>
      <trkpt lat="47.611918" lon="12.261875">
        <ele>1903.9</ele>
      </trkpt>
      <trkpt lat="47.611912" lon="12.26191">
        <ele>1905.2</ele>
      </trkpt>
      <trkpt lat="47.611902" lon="12.261939">
        <ele>1906.2</ele>
      </trkpt>
      <trkpt lat="47.611902" lon="12.261991">
        <ele>1907.7</ele>
      </trkpt>
      <trkpt lat="47.611904" lon="12.262063">
        <ele>1909.6</ele>
      </trkpt>
      <trkpt lat="47.611904" lon="12.262119">
        <ele>1910.9</ele>
      </trkpt>
      <trkpt lat="47.611892" lon="12.262135">
        <ele>1911.3</ele>
      </trkpt>
      <trkpt lat="47.611896" lon="12.262178">
        <ele>1912.1</ele>
      </trkpt>
      <trkpt lat="47.611914" lon="12.262186">
        <ele>1912.2</ele>
      </trkpt>
      <trkpt lat="47.611917" lon="12.262215">
        <ele>1912.7</ele>
      </trkpt>
      <trkpt lat="47.611918" lon="12.26225">
        <ele>1913.2</ele>
      </trkpt>
      <trkpt lat="47.611931" lon="12.262275">
        <ele>1913.5</ele>
      </trkpt>
      <trkpt lat="47.611942" lon="12.262307">
        <ele>1913.8</ele>
      </trkpt>
      <trkpt lat="47.611936" lon="12.26235">
        <ele>1914.2</ele>
      </trkpt>
      <trkpt lat="47.61195" lon="12.262389">
        <ele>1914.5</ele>
      </trkpt>
      <trkpt lat="47.611938" lon="12.262426">
        <ele>1914.3</ele>
      </trkpt>
      <trkpt lat="47.61193" lon="12.262484">
        <ele>1914.1</ele>
      </trkpt>
      <trkpt lat="47.61193" lon="12.262542">
        <ele>1914.5</ele>
      </trkpt>
      <trkpt lat="47.611927" lon="12.262608">
        <ele>1914.9</ele>
      </trkpt>
      <trkpt lat="47.611923" lon="12.262641">
        <ele>1915.2</ele>
      </trkpt>
      <trkpt lat="47.611924" lon="12.262684">
        <ele>1916.1</ele>
      </trkpt>
      <trkpt lat="47.611929" lon="12.26272">
        <ele>1916.9</ele>
        <name>Einserkogel, Ebbs</name>
        <extensions>
          <oa:Extension>
            <oa:mapZoom>17</oa:mapZoom>
          </oa:Extension>
        </extensions>
      </trkpt>
      <trkpt lat="47.611915" lon="12.262754">
        <ele>1916.4</ele>
      </trkpt>
      <trkpt lat="47.611902" lon="12.262797">
        <ele>1915.8</ele>
      </trkpt>
      <trkpt lat="47.611897" lon="12.262839">
        <ele>1915.4</ele>
      </trkpt>
      <trkpt lat="47.6119" lon="12.262878">
        <ele>1915.3</ele>
      </trkpt>
      <trkpt lat="47.611903" lon="12.262924">
        <ele>1915.0</ele>
      </trkpt>
      <trkpt lat="47.611906" lon="12.262959">
        <ele>1914.8</ele>
      </trkpt>
      <trkpt lat="47.611898" lon="12.262991">
        <ele>1914.0</ele>
      </trkpt>
      <trkpt lat="47.611898" lon="12.263002">
        <ele>1914.0</ele>
      </trkpt>
      <trkpt lat="47.611901" lon="12.263049">
        <ele>1914.2</ele>
      </trkpt>
      <trkpt lat="47.611899" lon="12.263116">
        <ele>1914.1</ele>
      </trkpt>
      <trkpt lat="47.611912" lon="12.263161">
        <ele>1914.8</ele>
      </trkpt>
      <trkpt lat="47.611902" lon="12.263219">
        <ele>1913.8</ele>
      </trkpt>
      <trkpt lat="47.611895" lon="12.263243">
        <ele>1913.1</ele>
      </trkpt>
      <trkpt lat="47.611867" lon="12.263257">
        <ele>1911.9</ele>
      </trkpt>
      <trkpt lat="47.611844" lon="12.263288">
        <ele>1910.8</ele>
      </trkpt>
      <trkpt lat="47.611829" lon="12.263337">
        <ele>1909.8</ele>
      </trkpt>
      <trkpt lat="47.611813" lon="12.263362">
        <ele>1909.7</ele>
      </trkpt>
      <trkpt lat="47.611812" lon="12.263362">
        <ele>1909.7</ele>
      </trkpt>
      <trkpt lat="47.611794" lon="12.26339">
        <ele>1909.7</ele>
      </trkpt>
      <trkpt lat="47.611784" lon="12.263437">
        <ele>1908.9</ele>
      </trkpt>
      <trkpt lat="47.611776" lon="12.263445">
        <ele>1908.8</ele>
      </trkpt>
      <trkpt lat="47.61176" lon="12.263437">
        <ele>1909.1</ele>
      </trkpt>
      <trkpt lat="47.61174" lon="12.263434">
        <ele>1908.7</ele>
      </trkpt>
      <trkpt lat="47.611716" lon="12.263444">
        <ele>1907.7</ele>
      </trkpt>
      <trkpt lat="47.611679" lon="12.263474">
        <ele>1905.8</ele>
      </trkpt>
      <trkpt lat="47.611647" lon="12.263503">
        <ele>1904.0</ele>
      </trkpt>
      <trkpt lat="47.611615" lon="12.263543">
        <ele>1902.1</ele>
      </trkpt>
      <trkpt lat="47.611603" lon="12.263595">
        <ele>1901.1</ele>
      </trkpt>
      <trkpt lat="47.611602" lon="12.263628">
        <ele>1901.0</ele>
      </trkpt>
      <trkpt lat="47.611601" lon="12.263681">
        <ele>1901.0</ele>
      </trkpt>
      <trkpt lat="47.611575" lon="12.263764">
        <ele>1901.8</ele>
      </trkpt>
      <trkpt lat="47.611549" lon="12.263819">
        <ele>1900.9</ele>
      </trkpt>
      <trkpt lat="47.611533" lon="12.263887">
        <ele>1899.8</ele>
      </trkpt>
      <trkpt lat="47.611525" lon="12.263926">
        <ele>1899.0</ele>
      </trkpt>
      <trkpt lat="47.611511" lon="12.263951">
        <ele>1898.2</ele>
      </trkpt>
      <trkpt lat="47.611492" lon="12.264019">
        <ele>1896.7</ele>
      </trkpt>
      <trkpt lat="47.611462" lon="12.264074">
        <ele>1894.6</ele>
      </trkpt>
      <trkpt lat="47.611447" lon="12.264098">
        <ele>1893.6</ele>
      </trkpt>
      <trkpt lat="47.611428" lon="12.264154">
        <ele>1892.2</ele>
      </trkpt>
      <trkpt lat="47.611424" lon="12.264168">
        <ele>1891.9</ele>
      </trkpt>
      <trkpt lat="47.611408" lon="12.264194">
        <ele>1891.2</ele>
      </trkpt>
      <trkpt lat="47.611391" lon="12.264221">
        <ele>1890.3</ele>
      </trkpt>
      <trkpt lat="47.611371" lon="12.264231">
        <ele>1889.9</ele>
      </trkpt>
      <trkpt lat="47.611322" lon="12.264267">
        <ele>1889.0</ele>
      </trkpt>
      <trkpt lat="47.611252" lon="12.264317">
        <ele>1887.5</ele>
      </trkpt>
      <trkpt lat="47.611187" lon="12.264351">
        <ele>1885.0</ele>
      </trkpt>
      <trkpt lat="47.611067" lon="12.264422">
        <ele>1879.9</ele>
      </trkpt>
      <trkpt lat="47.611034" lon="12.264424">
        <ele>1878.6</ele>
      </trkpt>
      <trkpt lat="47.611008" lon="12.264425">
        <ele>1877.6</ele>
      </trkpt>
      <trkpt lat="47.610996" lon="12.264429">
        <ele>1877.3</ele>
      </trkpt>
      <trkpt lat="47.610984" lon="12.264443">
        <ele>1877.0</ele>
      </trkpt>
      <trkpt lat="47.610977" lon="12.264458">
        <ele>1876.9</ele>
      </trkpt>
      <trkpt lat="47.610969" lon="12.264484">
        <ele>1876.7</ele>
      </trkpt>
      <trkpt lat="47.610955" lon="12.264499">
        <ele>1876.1</ele>
      </trkpt>
      <trkpt lat="47.610935" lon="12.264521">
        <ele>1875.2</ele>
      </trkpt>
      <trkpt lat="47.610897" lon="12.264534">
        <ele>1873.7</ele>
      </trkpt>
      <trkpt lat="47.610856" lon="12.264573">
        <ele>1873.0</ele>
      </trkpt>
      <trkpt lat="47.610828" lon="12.264599">
        <ele>1872.8</ele>
      </trkpt>
      <trkpt lat="47.6108" lon="12.264627">
        <ele>1871.9</ele>
      </trkpt>
      <trkpt lat="47.610778" lon="12.26465">
        <ele>1870.8</ele>
      </trkpt>
      <trkpt lat="47.610749" lon="12.264678">
        <ele>1869.7</ele>
      </trkpt>
      <trkpt lat="47.610734" lon="12.264704">
        <ele>1869.5</ele>
      </trkpt>
      <trkpt lat="47.610711" lon="12.264752">
        <ele>1869.7</ele>
      </trkpt>
      <trkpt lat="47.610688" lon="12.264783">
        <ele>1869.3</ele>
      </trkpt>
      <trkpt lat="47.610663" lon="12.264805">
        <ele>1868.8</ele>
      </trkpt>
      <trkpt lat="47.610653" lon="12.264832">
        <ele>1869.1</ele>
      </trkpt>
      <trkpt lat="47.610641" lon="12.264873">
        <ele>1869.9</ele>
      </trkpt>
      <trkpt lat="47.610622" lon="12.264901">
        <ele>1871.1</ele>
      </trkpt>
      <trkpt lat="47.61059" lon="12.264912">
        <ele>1871.8</ele>
      </trkpt>
      <trkpt lat="47.610553" lon="12.264941">
        <ele>1873.0</ele>
      </trkpt>
      <trkpt lat="47.610519" lon="12.264939">
        <ele>1872.7</ele>
      </trkpt>
      <trkpt lat="47.610468" lon="12.264962">
        <ele>1874.2</ele>
      </trkpt>
      <trkpt lat="47.610433" lon="12.264959">
        <ele>1874.1</ele>
      </trkpt>
      <trkpt lat="47.610426" lon="12.264989">
        <ele>1876.1</ele>
      </trkpt>
      <trkpt lat="47.610424" lon="12.26501">
        <ele>1877.5</ele>
      </trkpt>
      <trkpt lat="47.610432" lon="12.265044">
        <ele>1879.6</ele>
      </trkpt>
      <trkpt lat="47.610439" lon="12.265089">
        <ele>1882.4</ele>
      </trkpt>
      <trkpt lat="47.610469" lon="12.265117">
        <ele>1883.8</ele>
      </trkpt>
      <trkpt lat="47.61048" lon="12.265129">
        <ele>1884.3</ele>
      </trkpt>
      <trkpt lat="47.610476" lon="12.265146">
        <ele>1885.2</ele>
      </trkpt>
      <trkpt lat="47.610464" lon="12.265149">
        <ele>1885.6</ele>
      </trkpt>
      <trkpt lat="47.610421" lon="12.265174">
        <ele>1888.1</ele>
      </trkpt>
      <trkpt lat="47.610384" lon="12.265174">
        <ele>1888.5</ele>
      </trkpt>
      <trkpt lat="47.610311" lon="12.265184">
        <ele>1891.0</ele>
      </trkpt>
      <trkpt lat="47.610265" lon="12.2652">
        <ele>1893.3</ele>
      </trkpt>
      <trkpt lat="47.61022" lon="12.265228">
        <ele>1895.5</ele>
      </trkpt>
      <trkpt lat="47.610183" lon="12.26526">
        <ele>1897.1</ele>
      </trkpt>
      <trkpt lat="47.610144" lon="12.26528">
        <ele>1897.5</ele>
      </trkpt>
      <trkpt lat="47.610107" lon="12.265283">
        <ele>1896.9</ele>
      </trkpt>
      <trkpt lat="47.610031" lon="12.265321">
        <ele>1896.8</ele>
      </trkpt>
      <trkpt lat="47.609975" lon="12.265377">
        <ele>1897.1</ele>
      </trkpt>
      <trkpt lat="47.609935" lon="12.265432">
        <ele>1896.4</ele>
      </trkpt>
      <trkpt lat="47.609928" lon="12.265494">
        <ele>1895.8</ele>
      </trkpt>
      <trkpt lat="47.609937" lon="12.265587">
        <ele>1895.0</ele>
      </trkpt>
      <trkpt lat="47.609949" lon="12.265693">
        <ele>1893.3</ele>
      </trkpt>
      <trkpt lat="47.609958" lon="12.265804">
        <ele>1893.3</ele>
      </trkpt>
      <trkpt lat="47.609964" lon="12.265897">
        <ele>1893.0</ele>
      </trkpt>
      <trkpt lat="47.609976" lon="12.265986">
        <ele>1893.1</ele>
      </trkpt>
      <trkpt lat="47.609968" lon="12.266052">
        <ele>1892.6</ele>
      </trkpt>
      <trkpt lat="47.609962" lon="12.266156">
        <ele>1891.5</ele>
      </trkpt>
      <trkpt lat="47.609966" lon="12.26624">
        <ele>1891.0</ele>
      </trkpt>
      <trkpt lat="47.609945" lon="12.266298">
        <ele>1890.1</ele>
      </trkpt>
      <trkpt lat="47.609941" lon="12.266325">
        <ele>1890.1</ele>
      </trkpt>
      <trkpt lat="47.609946" lon="12.266356">
        <ele>1890.7</ele>
      </trkpt>
      <trkpt lat="47.609948" lon="12.266387">
        <ele>1890.9</ele>
      </trkpt>
      <trkpt lat="47.609934" lon="12.266403">
        <ele>1890.1</ele>
      </trkpt>
      <trkpt lat="47.609927" lon="12.266415">
        <ele>1889.8</ele>
      </trkpt>
      <trkpt lat="47.609921" lon="12.266436">
        <ele>1889.5</ele>
      </trkpt>
      <trkpt lat="47.609919" lon="12.266477">
        <ele>1889.4</ele>
      </trkpt>
      <trkpt lat="47.609914" lon="12.266551">
        <ele>1889.0</ele>
      </trkpt>
      <trkpt lat="47.60992" lon="12.266584">
        <ele>1889.2</ele>
      </trkpt>
      <trkpt lat="47.609934" lon="12.266617">
        <ele>1889.8</ele>
      </trkpt>
      <trkpt lat="47.609942" lon="12.26668">
        <ele>1889.3</ele>
      </trkpt>
      <trkpt lat="47.609955" lon="12.266766">
        <ele>1888.1</ele>
      </trkpt>
      <trkpt lat="47.609965" lon="12.26686">
        <ele>1887.4</ele>
      </trkpt>
      <trkpt lat="47.609981" lon="12.266942">
        <ele>1888.1</ele>
      </trkpt>
      <trkpt lat="47.609969" lon="12.266994">
        <ele>1887.6</ele>
      </trkpt>
      <trkpt lat="47.609962" lon="12.26705">
        <ele>1887.3</ele>
      </trkpt>
      <trkpt lat="47.609933" lon="12.267085">
        <ele>1885.7</ele>
      </trkpt>
      <trkpt lat="47.609929" lon="12.267125">
        <ele>1885.0</ele>
      </trkpt>
      <trkpt lat="47.609938" lon="12.267163">
        <ele>1885.2</ele>
      </trkpt>
      <trkpt lat="47.609923" lon="12.267203">
        <ele>1884.5</ele>
      </trkpt>
      <trkpt lat="47.609901" lon="12.267268">
        <ele>1883.8</ele>
      </trkpt>
      <trkpt lat="47.6099" lon="12.267332">
        <ele>1883.9</ele>
      </trkpt>
      <trkpt lat="47.60989" lon="12.267406">
        <ele>1883.4</ele>
      </trkpt>
      <trkpt lat="47.609878" lon="12.267441">
        <ele>1882.8</ele>
      </trkpt>
      <trkpt lat="47.60985" lon="12.267441">
        <ele>1881.3</ele>
      </trkpt>
      <trkpt lat="47.609828" lon="12.267472">
        <ele>1879.9</ele>
      </trkpt>
      <trkpt lat="47.609822" lon="12.267563">
        <ele>1878.3</ele>
      </trkpt>
      <trkpt lat="47.609821" lon="12.267622">
        <ele>1878.2</ele>
      </trkpt>
      <trkpt lat="47.609807" lon="12.267666">
        <ele>1877.9</ele>
      </trkpt>
      <trkpt lat="47.609791" lon="12.267703">
        <ele>1877.9</ele>
      </trkpt>
      <trkpt lat="47.609775" lon="12.267746">
        <ele>1878.6</ele>
      </trkpt>
      <trkpt lat="47.609762" lon="12.267766">
        <ele>1879.2</ele>
      </trkpt>
      <trkpt lat="47.609748" lon="12.267764">
        <ele>1879.3</ele>
      </trkpt>
      <trkpt lat="47.609718" lon="12.267765">
        <ele>1879.2</ele>
      </trkpt>
      <trkpt lat="47.609698" lon="12.267789">
        <ele>1879.3</ele>
      </trkpt>
      <trkpt lat="47.609662" lon="12.26786">
        <ele>1877.7</ele>
      </trkpt>
      <trkpt lat="47.609665" lon="12.267898">
        <ele>1877.1</ele>
      </trkpt>
      <trkpt lat="47.609666" lon="12.267937">
        <ele>1876.1</ele>
      </trkpt>
      <trkpt lat="47.609669" lon="12.267945">
        <ele>1875.8</ele>
      </trkpt>
      <trkpt lat="47.609678" lon="12.267956">
        <ele>1875.5</ele>
      </trkpt>
      <trkpt lat="47.609693" lon="12.267976">
        <ele>1874.3</ele>
      </trkpt>
      <trkpt lat="47.609701" lon="12.267994">
        <ele>1872.9</ele>
      </trkpt>
      <trkpt lat="47.609721" lon="12.268036">
        <ele>1868.6</ele>
      </trkpt>
      <trkpt lat="47.60974" lon="12.268067">
        <ele>1865.4</ele>
      </trkpt>
      <trkpt lat="47.609752" lon="12.268111">
        <ele>1862.9</ele>
      </trkpt>
      <trkpt lat="47.609754" lon="12.268117">
        <ele>1862.7</ele>
      </trkpt>
      <trkpt lat="47.609751" lon="12.268182">
        <ele>1862.5</ele>
      </trkpt>
      <trkpt lat="47.609769" lon="12.268228">
        <ele>1862.3</ele>
      </trkpt>
      <trkpt lat="47.609773" lon="12.268263">
        <ele>1862.9</ele>
      </trkpt>
      <trkpt lat="47.609762" lon="12.268287">
        <ele>1864.2</ele>
      </trkpt>
      <trkpt lat="47.609755" lon="12.268319">
        <ele>1865.4</ele>
      </trkpt>
      <trkpt lat="47.60976" lon="12.268335">
        <ele>1865.8</ele>
      </trkpt>
      <trkpt lat="47.609764" lon="12.26835">
        <ele>1866.1</ele>
      </trkpt>
      <trkpt lat="47.609784" lon="12.268363">
        <ele>1865.8</ele>
      </trkpt>
      <trkpt lat="47.609804" lon="12.268381">
        <ele>1865.4</ele>
      </trkpt>
      <trkpt lat="47.609814" lon="12.268413">
        <ele>1865.5</ele>
      </trkpt>
      <trkpt lat="47.60983" lon="12.268444">
        <ele>1865.6</ele>
      </trkpt>
      <trkpt lat="47.609823" lon="12.268492">
        <ele>1866.5</ele>
      </trkpt>
      <trkpt lat="47.609822" lon="12.2685">
        <ele>1866.7</ele>
      </trkpt>
      <trkpt lat="47.60985" lon="12.268501">
        <ele>1866.6</ele>
      </trkpt>
      <trkpt lat="47.609861" lon="12.268516">
        <ele>1866.9</ele>
      </trkpt>
      <trkpt lat="47.609866" lon="12.268553">
        <ele>1868.2</ele>
      </trkpt>
      <trkpt lat="47.609872" lon="12.268586">
        <ele>1869.5</ele>
      </trkpt>
      <trkpt lat="47.609869" lon="12.268629">
        <ele>1871.0</ele>
      </trkpt>
      <trkpt lat="47.609897" lon="12.268669">
        <ele>1872.7</ele>
      </trkpt>
      <trkpt lat="47.609906" lon="12.268697">
        <ele>1873.7</ele>
      </trkpt>
      <trkpt lat="47.609915" lon="12.268743">
        <ele>1875.2</ele>
      </trkpt>
      <trkpt lat="47.609928" lon="12.268777">
        <ele>1876.5</ele>
      </trkpt>
      <trkpt lat="47.609941" lon="12.268805">
        <ele>1877.8</ele>
      </trkpt>
      <trkpt lat="47.609945" lon="12.268855">
        <ele>1879.5</ele>
      </trkpt>
      <trkpt lat="47.609954" lon="12.268883">
        <ele>1880.6</ele>
      </trkpt>
      <trkpt lat="47.609977" lon="12.268886">
        <ele>1881.4</ele>
      </trkpt>
      <trkpt lat="47.609994" lon="12.268892">
        <ele>1881.9</ele>
      </trkpt>
      <trkpt lat="47.609999" lon="12.268907">
        <ele>1882.3</ele>
      </trkpt>
      <trkpt lat="47.609997" lon="12.268939">
        <ele>1882.7</ele>
      </trkpt>
      <trkpt lat="47.609999" lon="12.268992">
        <ele>1883.0</ele>
      </trkpt>
      <trkpt lat="47.610015" lon="12.269035">
        <ele>1883.3</ele>
      </trkpt>
      <trkpt lat="47.610023" lon="12.269079">
        <ele>1883.3</ele>
      </trkpt>
      <trkpt lat="47.610051" lon="12.269109">
        <ele>1883.7</ele>
      </trkpt>
      <trkpt lat="47.610094" lon="12.269127">
        <ele>1884.4</ele>
      </trkpt>
      <trkpt lat="47.610121" lon="12.269139">
        <ele>1884.7</ele>
      </trkpt>
      <trkpt lat="47.610134" lon="12.269151">
        <ele>1884.8</ele>
      </trkpt>
      <trkpt lat="47.61016" lon="12.269182">
        <ele>1884.8</ele>
      </trkpt>
      <trkpt lat="47.610187" lon="12.269188">
        <ele>1885.1</ele>
      </trkpt>
      <trkpt lat="47.610198" lon="12.2692">
        <ele>1885.3</ele>
      </trkpt>
      <trkpt lat="47.610215" lon="12.269244">
        <ele>1885.7</ele>
      </trkpt>
      <trkpt lat="47.610232" lon="12.269256">
        <ele>1886.2</ele>
      </trkpt>
      <trkpt lat="47.610252" lon="12.269283">
        <ele>1886.8</ele>
      </trkpt>
      <trkpt lat="47.61026" lon="12.269311">
        <ele>1886.9</ele>
      </trkpt>
      <trkpt lat="47.610286" lon="12.269342">
        <ele>1887.5</ele>
      </trkpt>
      <trkpt lat="47.610312" lon="12.26937">
        <ele>1888.2</ele>
      </trkpt>
      <trkpt lat="47.610337" lon="12.269404">
        <ele>1889.0</ele>
      </trkpt>
      <trkpt lat="47.610346" lon="12.269425">
        <ele>1889.3</ele>
      </trkpt>
      <trkpt lat="47.610359" lon="12.269466">
        <ele>1889.7</ele>
      </trkpt>
      <trkpt lat="47.610368" lon="12.269494">
        <ele>1890.0</ele>
      </trkpt>
      <trkpt lat="47.610385" lon="12.269518">
        <ele>1890.6</ele>
      </trkpt>
      <trkpt lat="47.610417" lon="12.26954">
        <ele>1891.8</ele>
      </trkpt>
      <trkpt lat="47.61043" lon="12.269577">
        <ele>1891.8</ele>
      </trkpt>
      <trkpt lat="47.610447" lon="12.269601">
        <ele>1892.1</ele>
      </trkpt>
      <trkpt lat="47.610464" lon="12.269632">
        <ele>1892.1</ele>
      </trkpt>
      <trkpt lat="47.610494" lon="12.269663">
        <ele>1892.6</ele>
      </trkpt>
      <trkpt lat="47.61053" lon="12.269687">
        <ele>1893.8</ele>
      </trkpt>
      <trkpt lat="47.610552" lon="12.269715">
        <ele>1894.1</ele>
      </trkpt>
      <trkpt lat="47.610571" lon="12.26974">
        <ele>1894.0</ele>
      </trkpt>
      <trkpt lat="47.61061" lon="12.269751">
        <ele>1894.7</ele>
      </trkpt>
      <trkpt lat="47.610657" lon="12.269746">
        <ele>1895.8</ele>
      </trkpt>
      <trkpt lat="47.610708" lon="12.269747">
        <ele>1895.8</ele>
      </trkpt>
      <trkpt lat="47.61075" lon="12.269712">
        <ele>1896.3</ele>
      </trkpt>
      <trkpt lat="47.610797" lon="12.269671">
        <ele>1896.4</ele>
      </trkpt>
      <trkpt lat="47.610814" lon="12.269649">
        <ele>1896.7</ele>
      </trkpt>
      <trkpt lat="47.610857" lon="12.269649">
        <ele>1896.5</ele>
      </trkpt>
      <trkpt lat="47.61089" lon="12.269634">
        <ele>1897.3</ele>
      </trkpt>
      <trkpt lat="47.610947" lon="12.269614">
        <ele>1898.5</ele>
      </trkpt>
      <trkpt lat="47.610965" lon="12.269615">
        <ele>1898.7</ele>
      </trkpt>
      <trkpt lat="47.611003" lon="12.269628">
        <ele>1899.0</ele>
      </trkpt>
      <trkpt lat="47.611036" lon="12.269628">
        <ele>1899.5</ele>
      </trkpt>
      <trkpt lat="47.611082" lon="12.269631">
        <ele>1899.9</ele>
      </trkpt>
      <trkpt lat="47.611097" lon="12.269644">
        <ele>1900.0</ele>
      </trkpt>
      <trkpt lat="47.611104" lon="12.269704">
        <ele>1900.2</ele>
      </trkpt>
      <trkpt lat="47.611118" lon="12.269742">
        <ele>1900.4</ele>
      </trkpt>
      <trkpt lat="47.611132" lon="12.269785">
        <ele>1900.6</ele>
      </trkpt>
      <trkpt lat="47.611157" lon="12.269835">
        <ele>1900.9</ele>
      </trkpt>
      <trkpt lat="47.611167" lon="12.269885">
        <ele>1901.1</ele>
      </trkpt>
      <trkpt lat="47.611163" lon="12.269917">
        <ele>1901.2</ele>
      </trkpt>
      <trkpt lat="47.611165" lon="12.269936">
        <ele>1901.4</ele>
      </trkpt>
      <trkpt lat="47.611179" lon="12.269955">
        <ele>1901.9</ele>
      </trkpt>
      <trkpt lat="47.611201" lon="12.269966">
        <ele>1902.5</ele>
      </trkpt>
      <trkpt lat="47.611205" lon="12.269985">
        <ele>1902.9</ele>
      </trkpt>
      <trkpt lat="47.611201" lon="12.270013">
        <ele>1903.3</ele>
      </trkpt>
      <trkpt lat="47.611196" lon="12.270057">
        <ele>1903.8</ele>
      </trkpt>
      <trkpt lat="47.611204" lon="12.270095">
        <ele>1904.2</ele>
      </trkpt>
      <trkpt lat="47.611219" lon="12.270108">
        <ele>1904.7</ele>
      </trkpt>
      <trkpt lat="47.611238" lon="12.270127">
        <ele>1905.1</ele>
      </trkpt>
      <trkpt lat="47.611277" lon="12.270128">
        <ele>1906.3</ele>
      </trkpt>
      <trkpt lat="47.611298" lon="12.270142">
        <ele>1907.0</ele>
      </trkpt>
      <trkpt lat="47.611307" lon="12.270173">
        <ele>1907.4</ele>
      </trkpt>
      <trkpt lat="47.611303" lon="12.2702">
        <ele>1907.5</ele>
      </trkpt>
      <trkpt lat="47.611271" lon="12.27026">
        <ele>1907.7</ele>
      </trkpt>
      <trkpt lat="47.611223" lon="12.270336">
        <ele>1908.7</ele>
      </trkpt>
      <trkpt lat="47.611217" lon="12.270388">
        <ele>1909.6</ele>
      </trkpt>
      <trkpt lat="47.611223" lon="12.27047">
        <ele>1911.3</ele>
      </trkpt>
      <trkpt lat="47.611211" lon="12.270529">
        <ele>1911.8</ele>
      </trkpt>
      <trkpt lat="47.611195" lon="12.270564">
        <ele>1911.6</ele>
      </trkpt>
      <trkpt lat="47.611195" lon="12.270602">
        <ele>1912.3</ele>
      </trkpt>
      <trkpt lat="47.611198" lon="12.270655">
        <ele>1913.7</ele>
      </trkpt>
      <trkpt lat="47.611183" lon="12.270699">
        <ele>1914.0</ele>
      </trkpt>
      <trkpt lat="47.611186" lon="12.270749">
        <ele>1914.6</ele>
      </trkpt>
      <trkpt lat="47.611182" lon="12.27079">
        <ele>1914.2</ele>
      </trkpt>
      <trkpt lat="47.611182" lon="12.270827">
        <ele>1913.7</ele>
      </trkpt>
      <trkpt lat="47.611187" lon="12.270852">
        <ele>1913.5</ele>
      </trkpt>
      <trkpt lat="47.611208" lon="12.270902">
        <ele>1913.3</ele>
      </trkpt>
      <trkpt lat="47.611236" lon="12.270937">
        <ele>1913.4</ele>
      </trkpt>
      <trkpt lat="47.611278" lon="12.271003">
        <ele>1912.9</ele>
      </trkpt>
      <trkpt lat="47.61133" lon="12.271055">
        <ele>1913.7</ele>
      </trkpt>
      <trkpt lat="47.611343" lon="12.271107">
        <ele>1913.1</ele>
      </trkpt>
      <trkpt lat="47.611357" lon="12.271152">
        <ele>1913.2</ele>
      </trkpt>
      <trkpt lat="47.611357" lon="12.271245">
        <ele>1913.0</ele>
      </trkpt>
      <trkpt lat="47.611357" lon="12.27131">
        <ele>1912.8</ele>
      </trkpt>
      <trkpt lat="47.611367" lon="12.27133">
        <ele>1913.2</ele>
      </trkpt>
      <trkpt lat="47.611376" lon="12.271354">
        <ele>1913.6</ele>
      </trkpt>
      <trkpt lat="47.611373" lon="12.271377">
        <ele>1913.4</ele>
      </trkpt>
      <trkpt lat="47.611364" lon="12.271396">
        <ele>1913.0</ele>
      </trkpt>
      <trkpt lat="47.611362" lon="12.27144">
        <ele>1912.9</ele>
      </trkpt>
      <trkpt lat="47.61134" lon="12.271517">
        <ele>1912.5</ele>
      </trkpt>
      <trkpt lat="47.611343" lon="12.271565">
        <ele>1912.5</ele>
      </trkpt>
      <trkpt lat="47.61136" lon="12.271593">
        <ele>1912.2</ele>
      </trkpt>
      <trkpt lat="47.611364" lon="12.271641">
        <ele>1911.4</ele>
      </trkpt>
      <trkpt lat="47.611364" lon="12.271682">
        <ele>1911.0</ele>
      </trkpt>
      <trkpt lat="47.611363" lon="12.271737">
        <ele>1910.6</ele>
      </trkpt>
      <trkpt lat="47.611346" lon="12.271769">
        <ele>1911.9</ele>
      </trkpt>
      <trkpt lat="47.611344" lon="12.271805">
        <ele>1912.0</ele>
      </trkpt>
      <trkpt lat="47.611319" lon="12.271847">
        <ele>1913.5</ele>
      </trkpt>
      <trkpt lat="47.6113" lon="12.271893">
        <ele>1913.7</ele>
      </trkpt>
      <trkpt lat="47.611308" lon="12.271926">
        <ele>1913.3</ele>
      </trkpt>
      <trkpt lat="47.611309" lon="12.271968">
        <ele>1912.8</ele>
      </trkpt>
      <trkpt lat="47.611304" lon="12.272003">
        <ele>1912.5</ele>
      </trkpt>
      <trkpt lat="47.611277" lon="12.272041">
        <ele>1912.6</ele>
      </trkpt>
      <trkpt lat="47.611248" lon="12.272086">
        <ele>1913.1</ele>
      </trkpt>
      <trkpt lat="47.611226" lon="12.272136">
        <ele>1914.1</ele>
      </trkpt>
      <trkpt lat="47.611217" lon="12.272162">
        <ele>1914.6</ele>
      </trkpt>
      <trkpt lat="47.611222" lon="12.272182">
        <ele>1915.0</ele>
      </trkpt>
      <trkpt lat="47.611237" lon="12.272198">
        <ele>1915.2</ele>
      </trkpt>
      <trkpt lat="47.611238" lon="12.27224">
        <ele>1915.9</ele>
      </trkpt>
      <trkpt lat="47.611237" lon="12.272277">
        <ele>1916.6</ele>
      </trkpt>
      <trkpt lat="47.611217" lon="12.272344">
        <ele>1917.5</ele>
      </trkpt>
      <trkpt lat="47.61121" lon="12.27239">
        <ele>1918.1</ele>
      </trkpt>
      <trkpt lat="47.611216" lon="12.272461">
        <ele>1919.2</ele>
      </trkpt>
      <trkpt lat="47.611216" lon="12.272505">
        <ele>1919.8</ele>
      </trkpt>
      <trkpt lat="47.61122" lon="12.272566">
        <ele>1920.7</ele>
      </trkpt>
      <trkpt lat="47.611217" lon="12.272596">
        <ele>1921.2</ele>
      </trkpt>
      <trkpt lat="47.611222" lon="12.27263">
        <ele>1921.8</ele>
      </trkpt>
      <trkpt lat="47.611235" lon="12.272648">
        <ele>1922.0</ele>
      </trkpt>
      <trkpt lat="47.611267" lon="12.272686">
        <ele>1922.3</ele>
      </trkpt>
      <trkpt lat="47.611265" lon="12.272725">
        <ele>1922.9</ele>
      </trkpt>
      <trkpt lat="47.611245" lon="12.272768">
        <ele>1923.9</ele>
      </trkpt>
      <trkpt lat="47.611248" lon="12.272796">
        <ele>1924.3</ele>
      </trkpt>
      <trkpt lat="47.61124" lon="12.272803">
        <ele>1924.5</ele>
      </trkpt>
      <trkpt lat="47.611219" lon="12.272829">
        <ele>1925.4</ele>
      </trkpt>
      <trkpt lat="47.611202" lon="12.272863">
        <ele>1926.3</ele>
      </trkpt>
      <trkpt lat="47.611197" lon="12.272909">
        <ele>1927.3</ele>
      </trkpt>
      <trkpt lat="47.611188" lon="12.272917">
        <ele>1927.6</ele>
      </trkpt>
      <trkpt lat="47.611146" lon="12.272917">
        <ele>1928.4</ele>
      </trkpt>
      <trkpt lat="47.611106" lon="12.272942">
        <ele>1929.5</ele>
      </trkpt>
      <trkpt lat="47.611039" lon="12.272985">
        <ele>1931.3</ele>
      </trkpt>
      <trkpt lat="47.611025" lon="12.273005">
        <ele>1932.0</ele>
      </trkpt>
      <trkpt lat="47.611014" lon="12.273037">
        <ele>1933.0</ele>
      </trkpt>
      <trkpt lat="47.611018" lon="12.273062">
        <ele>1933.7</ele>
      </trkpt>
      <trkpt lat="47.611024" lon="12.273087">
        <ele>1934.3</ele>
      </trkpt>
      <trkpt lat="47.611033" lon="12.273119">
        <ele>1935.1</ele>
      </trkpt>
      <trkpt lat="47.611046" lon="12.273159">
        <ele>1936.3</ele>
      </trkpt>
      <trkpt lat="47.611062" lon="12.273164">
        <ele>1936.3</ele>
      </trkpt>
      <trkpt lat="47.611081" lon="12.273174">
        <ele>1936.5</ele>
      </trkpt>
      <trkpt lat="47.611097" lon="12.273193">
        <ele>1936.9</ele>
      </trkpt>
      <trkpt lat="47.61109" lon="12.273223">
        <ele>1938.1</ele>
      </trkpt>
      <trkpt lat="47.611109" lon="12.273267">
        <ele>1939.3</ele>
      </trkpt>
      <trkpt lat="47.611126" lon="12.273325">
        <ele>1941.0</ele>
      </trkpt>
      <trkpt lat="47.611134" lon="12.273404">
        <ele>1943.1</ele>
      </trkpt>
      <trkpt lat="47.611151" lon="12.273445">
        <ele>1943.4</ele>
      </trkpt>
      <trkpt lat="47.611145" lon="12.273478">
        <ele>1944.0</ele>
      </trkpt>
      <trkpt lat="47.611134" lon="12.273531">
        <ele>1944.9</ele>
      </trkpt>
      <trkpt lat="47.611133" lon="12.273563">
        <ele>1945.1</ele>
      </trkpt>
      <trkpt lat="47.61113" lon="12.2736">
        <ele>1945.3</ele>
      </trkpt>
      <trkpt lat="47.611151" lon="12.273629">
        <ele>1945.0</ele>
      </trkpt>
      <trkpt lat="47.611151" lon="12.273665">
        <ele>1945.1</ele>
      </trkpt>
      <trkpt lat="47.611136" lon="12.273694">
        <ele>1945.4</ele>
      </trkpt>
      <trkpt lat="47.611131" lon="12.27372">
        <ele>1945.5</ele>
      </trkpt>
      <trkpt lat="47.611119" lon="12.273746">
        <ele>1945.6</ele>
      </trkpt>
      <trkpt lat="47.611116" lon="12.273802">
        <ele>1945.6</ele>
      </trkpt>
      <trkpt lat="47.611125" lon="12.273838">
        <ele>1945.4</ele>
      </trkpt>
      <trkpt lat="47.61112" lon="12.273876">
        <ele>1945.4</ele>
      </trkpt>
      <trkpt lat="47.611108" lon="12.27392">
        <ele>1945.7</ele>
      </trkpt>
      <trkpt lat="47.611097" lon="12.273994">
        <ele>1947.1</ele>
      </trkpt>
      <trkpt lat="47.611084" lon="12.274046">
        <ele>1948.4</ele>
      </trkpt>
      <trkpt lat="47.611078" lon="12.27412">
        <ele>1950.3</ele>
      </trkpt>
      <trkpt lat="47.611067" lon="12.274147">
        <ele>1950.8</ele>
      </trkpt>
      <trkpt lat="47.611059" lon="12.27421">
        <ele>1952.4</ele>
      </trkpt>
      <trkpt lat="47.611045" lon="12.274264">
        <ele>1953.5</ele>
      </trkpt>
      <trkpt lat="47.611025" lon="12.274296">
        <ele>1954.0</ele>
      </trkpt>
      <trkpt lat="47.611011" lon="12.274363">
        <ele>1955.8</ele>
      </trkpt>
      <trkpt lat="47.610984" lon="12.274395">
        <ele>1956.2</ele>
      </trkpt>
      <trkpt lat="47.610972" lon="12.274442">
        <ele>1957.2</ele>
      </trkpt>
      <trkpt lat="47.610962" lon="12.274479">
        <ele>1957.6</ele>
      </trkpt>
      <trkpt lat="47.610942" lon="12.274547">
        <ele>1957.1</ele>
      </trkpt>
      <trkpt lat="47.610947" lon="12.2746">
        <ele>1957.7</ele>
      </trkpt>
      <trkpt lat="47.61096" lon="12.274623">
        <ele>1958.6</ele>
      </trkpt>
      <trkpt lat="47.610959" lon="12.274636">
        <ele>1958.7</ele>
      </trkpt>
      <trkpt lat="47.610936" lon="12.274667">
        <ele>1958.2</ele>
      </trkpt>
      <trkpt lat="47.610908" lon="12.274713">
        <ele>1958.2</ele>
      </trkpt>
      <trkpt lat="47.610875" lon="12.27477">
        <ele>1958.9</ele>
      </trkpt>
      <trkpt lat="47.610839" lon="12.274787">
        <ele>1958.3</ele>
      </trkpt>
      <trkpt lat="47.610804" lon="12.274809">
        <ele>1957.9</ele>
      </trkpt>
      <trkpt lat="47.610793" lon="12.274848">
        <ele>1958.7</ele>
      </trkpt>
      <trkpt lat="47.610785" lon="12.27487">
        <ele>1959.1</ele>
      </trkpt>
      <trkpt lat="47.610747" lon="12.274882">
        <ele>1959.2</ele>
      </trkpt>
      <trkpt lat="47.610711" lon="12.274892">
        <ele>1959.0</ele>
      </trkpt>
      <trkpt lat="47.610675" lon="12.274876">
        <ele>1957.5</ele>
      </trkpt>
      <trkpt lat="47.610646" lon="12.274894">
        <ele>1957.1</ele>
      </trkpt>
      <trkpt lat="47.610596" lon="12.274928">
        <ele>1957.8</ele>
      </trkpt>
      <trkpt lat="47.610555" lon="12.274927">
        <ele>1958.2</ele>
      </trkpt>
      <trkpt lat="47.610536" lon="12.274956">
        <ele>1959.2</ele>
      </trkpt>
      <trkpt lat="47.610527" lon="12.274997">
        <ele>1959.9</ele>
      </trkpt>
      <trkpt lat="47.610506" lon="12.275008">
        <ele>1960.2</ele>
      </trkpt>
      <trkpt lat="47.610477" lon="12.275031">
        <ele>1960.7</ele>
      </trkpt>
      <trkpt lat="47.610446" lon="12.275062">
        <ele>1961.6</ele>
      </trkpt>
      <trkpt lat="47.610415" lon="12.275053">
        <ele>1962.4</ele>
      </trkpt>
      <trkpt lat="47.610395" lon="12.275065">
        <ele>1963.4</ele>
      </trkpt>
      <trkpt lat="47.610371" lon="12.275084">
        <ele>1964.6</ele>
      </trkpt>
      <trkpt lat="47.610327" lon="12.275077">
        <ele>1965.5</ele>
      </trkpt>
      <trkpt lat="47.610267" lon="12.27512">
        <ele>1967.2</ele>
      </trkpt>
      <trkpt lat="47.610208" lon="12.275168">
        <ele>1968.3</ele>
      </trkpt>
      <trkpt lat="47.610172" lon="12.275184">
        <ele>1969.2</ele>
      </trkpt>
      <trkpt lat="47.610169" lon="12.275237">
        <ele>1970.4</ele>
      </trkpt>
      <trkpt lat="47.610174" lon="12.275301">
        <ele>1971.6</ele>
      </trkpt>
      <trkpt lat="47.610177" lon="12.27538">
        <ele>1972.9</ele>
      </trkpt>
      <trkpt lat="47.610168" lon="12.275386">
        <ele>1973.5</ele>
      </trkpt>
      <trkpt lat="47.610143" lon="12.275385">
        <ele>1974.6</ele>
      </trkpt>
      <trkpt lat="47.610128" lon="12.275433">
        <ele>1976.3</ele>
      </trkpt>
      <trkpt lat="47.610111" lon="12.275488">
        <ele>1978.1</ele>
      </trkpt>
      <trkpt lat="47.61009" lon="12.275493">
        <ele>1978.8</ele>
      </trkpt>
      <trkpt lat="47.610085" lon="12.275526">
        <ele>1979.7</ele>
      </trkpt>
      <trkpt lat="47.610094" lon="12.275551">
        <ele>1980.0</ele>
      </trkpt>
      <trkpt lat="47.610095" lon="12.275578">
        <ele>1980.6</ele>
      </trkpt>
      <trkpt lat="47.610072" lon="12.275634">
        <ele>1982.4</ele>
      </trkpt>
      <trkpt lat="47.610051" lon="12.275705">
        <ele>1983.6</ele>
      </trkpt>
      <trkpt lat="47.610062" lon="12.275727">
        <ele>1983.8</ele>
      </trkpt>
      <trkpt lat="47.610086" lon="12.275815">
        <ele>1984.4</ele>
      </trkpt>
      <trkpt lat="47.610096" lon="12.275884">
        <ele>1983.9</ele>
      </trkpt>
      <trkpt lat="47.610092" lon="12.275946">
        <ele>1983.7</ele>
      </trkpt>
      <trkpt lat="47.610104" lon="12.27597">
        <ele>1983.6</ele>
      </trkpt>
      <trkpt lat="47.610121" lon="12.276018">
        <ele>1983.8</ele>
      </trkpt>
      <trkpt lat="47.610114" lon="12.276071">
        <ele>1985.0</ele>
      </trkpt>
      <trkpt lat="47.610109" lon="12.276141">
        <ele>1986.2</ele>
      </trkpt>
      <trkpt lat="47.610091" lon="12.276178">
        <ele>1987.2</ele>
      </trkpt>
      <trkpt lat="47.610055" lon="12.276237">
        <ele>1988.4</ele>
      </trkpt>
      <trkpt lat="47.610032" lon="12.276275">
        <ele>1989.1</ele>
      </trkpt>
      <trkpt lat="47.610018" lon="12.276337">
        <ele>1990.6</ele>
      </trkpt>
      <trkpt lat="47.610012" lon="12.276412">
        <ele>1991.9</ele>
      </trkpt>
      <trkpt lat="47.610027" lon="12.276474">
        <ele>1992.9</ele>
      </trkpt>
      <trkpt lat="47.610022" lon="12.276534">
        <ele>1993.7</ele>
      </trkpt>
      <trkpt lat="47.610028" lon="12.276577">
        <ele>1994.3</ele>
      </trkpt>
      <trkpt lat="47.610011" lon="12.276614">
        <ele>1994.5</ele>
      </trkpt>
      <trkpt lat="47.61001" lon="12.27666">
        <ele>1994.8</ele>
      </trkpt>
      <trkpt lat="47.610021" lon="12.276705">
        <ele>1995.0</ele>
      </trkpt>
      <trkpt lat="47.610045" lon="12.276755">
        <ele>1994.4</ele>
        <name>Pyramidenspitze, Walchsee</name>
        <extensions>
          <oa:Extension>
            <oa:mapZoom>17</oa:mapZoom>
          </oa:Extension>
        </extensions>
      </trkpt>
      <trkpt lat="47.610021" lon="12.276705">
        <ele>1995.0</ele>
      </trkpt>
      <trkpt lat="47.61001" lon="12.27666">
        <ele>1994.8</ele>
      </trkpt>
      <trkpt lat="47.609989" lon="12.276619">
        <ele>1994.1</ele>
      </trkpt>
      <trkpt lat="47.60997" lon="12.276623">
        <ele>1993.5</ele>
      </trkpt>
      <trkpt lat="47.609936" lon="12.276596">
        <ele>1992.5</ele>
      </trkpt>
      <trkpt lat="47.609882" lon="12.276583">
        <ele>1991.0</ele>
      </trkpt>
      <trkpt lat="47.609849" lon="12.276579">
        <ele>1990.0</ele>
      </trkpt>
      <trkpt lat="47.609834" lon="12.276535">
        <ele>1989.9</ele>
      </trkpt>
      <trkpt lat="47.609819" lon="12.276501">
        <ele>1989.6</ele>
      </trkpt>
      <trkpt lat="47.609781" lon="12.276446">
        <ele>1988.5</ele>
      </trkpt>
      <trkpt lat="47.60975" lon="12.276356">
        <ele>1987.5</ele>
      </trkpt>
      <trkpt lat="47.609722" lon="12.276316">
        <ele>1986.4</ele>
      </trkpt>
      <trkpt lat="47.609695" lon="12.2763">
        <ele>1985.4</ele>
      </trkpt>
      <trkpt lat="47.609652" lon="12.276301">
        <ele>1983.8</ele>
      </trkpt>
      <trkpt lat="47.609595" lon="12.276271">
        <ele>1981.6</ele>
      </trkpt>
      <trkpt lat="47.609572" lon="12.276284">
        <ele>1980.6</ele>
      </trkpt>
      <trkpt lat="47.609538" lon="12.276319">
        <ele>1979.1</ele>
      </trkpt>
      <trkpt lat="47.6095" lon="12.276311">
        <ele>1977.3</ele>
      </trkpt>
      <trkpt lat="47.609455" lon="12.27628">
        <ele>1975.2</ele>
      </trkpt>
      <trkpt lat="47.609413" lon="12.27625">
        <ele>1973.1</ele>
      </trkpt>
      <trkpt lat="47.609381" lon="12.276194">
        <ele>1971.9</ele>
      </trkpt>
      <trkpt lat="47.609337" lon="12.276161">
        <ele>1970.5</ele>
      </trkpt>
      <trkpt lat="47.609288" lon="12.276162">
        <ele>1968.3</ele>
      </trkpt>
      <trkpt lat="47.609257" lon="12.276169">
        <ele>1966.7</ele>
      </trkpt>
      <trkpt lat="47.609221" lon="12.276191">
        <ele>1965.0</ele>
      </trkpt>
      <trkpt lat="47.609206" lon="12.27622">
        <ele>1964.2</ele>
      </trkpt>
      <trkpt lat="47.609188" lon="12.276233">
        <ele>1963.4</ele>
      </trkpt>
      <trkpt lat="47.609115" lon="12.276212">
        <ele>1960.8</ele>
      </trkpt>
      <trkpt lat="47.609078" lon="12.276226">
        <ele>1959.6</ele>
      </trkpt>
      <trkpt lat="47.609052" lon="12.276232">
        <ele>1958.9</ele>
      </trkpt>
      <trkpt lat="47.609014" lon="12.276205">
        <ele>1957.8</ele>
      </trkpt>
      <trkpt lat="47.608976" lon="12.276206">
        <ele>1956.6</ele>
      </trkpt>
      <trkpt lat="47.608953" lon="12.276219">
        <ele>1956.1</ele>
      </trkpt>
      <trkpt lat="47.608921" lon="12.276235">
        <ele>1955.2</ele>
      </trkpt>
      <trkpt lat="47.608898" lon="12.276198">
        <ele>1954.2</ele>
      </trkpt>
      <trkpt lat="47.608857" lon="12.276133">
        <ele>1951.3</ele>
      </trkpt>
      <trkpt lat="47.60884" lon="12.276121">
        <ele>1950.3</ele>
      </trkpt>
      <trkpt lat="47.60881" lon="12.276125">
        <ele>1949.2</ele>
      </trkpt>
      <trkpt lat="47.608694" lon="12.276176">
        <ele>1946.5</ele>
      </trkpt>
      <trkpt lat="47.608623" lon="12.276211">
        <ele>1944.7</ele>
      </trkpt>
      <trkpt lat="47.608568" lon="12.27628">
        <ele>1943.4</ele>
      </trkpt>
      <trkpt lat="47.608541" lon="12.276326">
        <ele>1943.1</ele>
      </trkpt>
      <trkpt lat="47.608517" lon="12.276342">
        <ele>1942.7</ele>
      </trkpt>
      <trkpt lat="47.608475" lon="12.276355">
        <ele>1942.3</ele>
      </trkpt>
      <trkpt lat="47.608415" lon="12.276341">
        <ele>1942.0</ele>
      </trkpt>
      <trkpt lat="47.6084" lon="12.276308">
        <ele>1940.9</ele>
      </trkpt>
      <trkpt lat="47.608365" lon="12.276293">
        <ele>1940.0</ele>
      </trkpt>
      <trkpt lat="47.608331" lon="12.276284">
        <ele>1939.0</ele>
      </trkpt>
      <trkpt lat="47.608304" lon="12.276257">
        <ele>1937.6</ele>
      </trkpt>
      <trkpt lat="47.608275" lon="12.276218">
        <ele>1936.1</ele>
      </trkpt>
      <trkpt lat="47.608241" lon="12.276176">
        <ele>1934.5</ele>
      </trkpt>
      <trkpt lat="47.608206" lon="12.276155">
        <ele>1933.8</ele>
      </trkpt>
      <trkpt lat="47.608174" lon="12.276125">
        <ele>1933.1</ele>
      </trkpt>
      <trkpt lat="47.608134" lon="12.27608">
        <ele>1932.5</ele>
      </trkpt>
      <trkpt lat="47.608101" lon="12.276031">
        <ele>1932.0</ele>
      </trkpt>
      <trkpt lat="47.608059" lon="12.275996">
        <ele>1931.5</ele>
      </trkpt>
      <trkpt lat="47.608011" lon="12.275944">
        <ele>1930.2</ele>
      </trkpt>
      <trkpt lat="47.607975" lon="12.275905">
        <ele>1929.3</ele>
      </trkpt>
      <trkpt lat="47.607933" lon="12.275839">
        <ele>1927.8</ele>
      </trkpt>
      <trkpt lat="47.607902" lon="12.275827">
        <ele>1927.3</ele>
      </trkpt>
      <trkpt lat="47.607864" lon="12.275803">
        <ele>1926.5</ele>
      </trkpt>
      <trkpt lat="47.607847" lon="12.275773">
        <ele>1925.8</ele>
      </trkpt>
      <trkpt lat="47.607818" lon="12.275749">
        <ele>1925.2</ele>
      </trkpt>
      <trkpt lat="47.607791" lon="12.275728">
        <ele>1924.6</ele>
      </trkpt>
      <trkpt lat="47.607782" lon="12.275673">
        <ele>1923.3</ele>
      </trkpt>
      <trkpt lat="47.607757" lon="12.275624">
        <ele>1922.1</ele>
      </trkpt>
      <trkpt lat="47.607736" lon="12.275616">
        <ele>1921.6</ele>
      </trkpt>
      <trkpt lat="47.607715" lon="12.275591">
        <ele>1920.8</ele>
      </trkpt>
      <trkpt lat="47.607682" lon="12.275508">
        <ele>1919.1</ele>
      </trkpt>
      <trkpt lat="47.607641" lon="12.275484">
        <ele>1918.2</ele>
      </trkpt>
      <trkpt lat="47.607609" lon="12.275439">
        <ele>1916.9</ele>
      </trkpt>
      <trkpt lat="47.607584" lon="12.275384">
        <ele>1916.2</ele>
      </trkpt>
      <trkpt lat="47.607517" lon="12.275306">
        <ele>1914.8</ele>
      </trkpt>
      <trkpt lat="47.607491" lon="12.275248">
        <ele>1913.9</ele>
      </trkpt>
      <trkpt lat="47.607447" lon="12.275191">
        <ele>1912.6</ele>
      </trkpt>
      <trkpt lat="47.607419" lon="12.275102">
        <ele>1912.5</ele>
      </trkpt>
      <trkpt lat="47.60739" lon="12.27509">
        <ele>1912.8</ele>
      </trkpt>
      <trkpt lat="47.607351" lon="12.275082">
        <ele>1913.2</ele>
      </trkpt>
      <trkpt lat="47.607311" lon="12.275052">
        <ele>1913.3</ele>
      </trkpt>
      <trkpt lat="47.607257" lon="12.275038">
        <ele>1913.6</ele>
      </trkpt>
      <trkpt lat="47.607198" lon="12.274996">
        <ele>1913.1</ele>
      </trkpt>
      <trkpt lat="47.607165" lon="12.274948">
        <ele>1912.2</ele>
      </trkpt>
      <trkpt lat="47.607119" lon="12.274982">
        <ele>1913.2</ele>
      </trkpt>
      <trkpt lat="47.607065" lon="12.274987">
        <ele>1910.8</ele>
      </trkpt>
      <trkpt lat="47.607058" lon="12.274986">
        <ele>1910.3</ele>
      </trkpt>
      <trkpt lat="47.607046" lon="12.274988">
        <ele>1909.6</ele>
      </trkpt>
      <trkpt lat="47.607036" lon="12.274983">
        <ele>1908.7</ele>
      </trkpt>
      <trkpt lat="47.607023" lon="12.27497">
        <ele>1907.3</ele>
      </trkpt>
      <trkpt lat="47.607005" lon="12.274976">
        <ele>1906.5</ele>
      </trkpt>
      <trkpt lat="47.60698" lon="12.27499">
        <ele>1905.7</ele>
      </trkpt>
      <trkpt lat="47.606959" lon="12.274992">
        <ele>1904.5</ele>
      </trkpt>
      <trkpt lat="47.606933" lon="12.275004">
        <ele>1903.6</ele>
      </trkpt>
      <trkpt lat="47.606908" lon="12.275006">
        <ele>1902.5</ele>
      </trkpt>
      <trkpt lat="47.606891" lon="12.274998">
        <ele>1901.2</ele>
      </trkpt>
      <trkpt lat="47.60689" lon="12.274982">
        <ele>1900.4</ele>
      </trkpt>
      <trkpt lat="47.606892" lon="12.274967">
        <ele>1899.8</ele>
      </trkpt>
      <trkpt lat="47.606898" lon="12.274943">
        <ele>1898.9</ele>
      </trkpt>
      <trkpt lat="47.606902" lon="12.274915">
        <ele>1897.8</ele>
      </trkpt>
      <trkpt lat="47.606912" lon="12.274877">
        <ele>1896.6</ele>
      </trkpt>
      <trkpt lat="47.606918" lon="12.274849">
        <ele>1895.7</ele>
      </trkpt>
      <trkpt lat="47.606925" lon="12.274803">
        <ele>1894.2</ele>
      </trkpt>
      <trkpt lat="47.60693" lon="12.274777">
        <ele>1893.4</ele>
      </trkpt>
      <trkpt lat="47.606937" lon="12.274746">
        <ele>1892.5</ele>
      </trkpt>
      <trkpt lat="47.606943" lon="12.274726">
        <ele>1892.1</ele>
      </trkpt>
      <trkpt lat="47.606958" lon="12.274708">
        <ele>1892.4</ele>
      </trkpt>
      <trkpt lat="47.606973" lon="12.274687">
        <ele>1892.5</ele>
      </trkpt>
      <trkpt lat="47.606978" lon="12.274672">
        <ele>1892.3</ele>
      </trkpt>
      <trkpt lat="47.606977" lon="12.274646">
        <ele>1891.3</ele>
      </trkpt>
      <trkpt lat="47.606976" lon="12.274627">
        <ele>1890.7</ele>
      </trkpt>
      <trkpt lat="47.606979" lon="12.274602">
        <ele>1890.1</ele>
      </trkpt>
      <trkpt lat="47.606986" lon="12.274583">
        <ele>1890.1</ele>
      </trkpt>
      <trkpt lat="47.606994" lon="12.274567">
        <ele>1890.2</ele>
      </trkpt>
      <trkpt lat="47.606992" lon="12.274553">
        <ele>1889.7</ele>
      </trkpt>
      <trkpt lat="47.606989" lon="12.274519">
        <ele>1888.6</ele>
      </trkpt>
      <trkpt lat="47.606988" lon="12.274496">
        <ele>1887.9</ele>
      </trkpt>
      <trkpt lat="47.606997" lon="12.274473">
        <ele>1888.1</ele>
      </trkpt>
      <trkpt lat="47.607001" lon="12.274454">
        <ele>1888.0</ele>
      </trkpt>
      <trkpt lat="47.606998" lon="12.27442">
        <ele>1887.1</ele>
      </trkpt>
      <trkpt lat="47.606997" lon="12.274397">
        <ele>1886.6</ele>
      </trkpt>
      <trkpt lat="47.606995" lon="12.274362">
        <ele>1885.8</ele>
      </trkpt>
      <trkpt lat="47.606994" lon="12.274323">
        <ele>1885.0</ele>
      </trkpt>
      <trkpt lat="47.60699" lon="12.274278">
        <ele>1883.9</ele>
      </trkpt>
      <trkpt lat="47.606983" lon="12.274253">
        <ele>1882.7</ele>
      </trkpt>
      <trkpt lat="47.606979" lon="12.274234">
        <ele>1881.9</ele>
      </trkpt>
      <trkpt lat="47.606978" lon="12.274211">
        <ele>1881.2</ele>
      </trkpt>
      <trkpt lat="47.606981" lon="12.274183">
        <ele>1880.7</ele>
      </trkpt>
      <trkpt lat="47.606986" lon="12.274164">
        <ele>1880.5</ele>
      </trkpt>
      <trkpt lat="47.606981" lon="12.274144">
        <ele>1879.7</ele>
      </trkpt>
      <trkpt lat="47.60697" lon="12.274138">
        <ele>1878.8</ele>
      </trkpt>
      <trkpt lat="47.606965" lon="12.274131">
        <ele>1878.2</ele>
      </trkpt>
      <trkpt lat="47.606959" lon="12.2741">
        <ele>1877.0</ele>
      </trkpt>
      <trkpt lat="47.606957" lon="12.274072">
        <ele>1876.1</ele>
      </trkpt>
      <trkpt lat="47.606955" lon="12.274053">
        <ele>1875.5</ele>
      </trkpt>
      <trkpt lat="47.606954" lon="12.274019">
        <ele>1874.6</ele>
      </trkpt>
      <trkpt lat="47.606948" lon="12.27401">
        <ele>1874.0</ele>
      </trkpt>
      <trkpt lat="47.606936" lon="12.274007">
        <ele>1873.2</ele>
      </trkpt>
      <trkpt lat="47.606929" lon="12.273978">
        <ele>1872.2</ele>
      </trkpt>
      <trkpt lat="47.606927" lon="12.273943">
        <ele>1871.4</ele>
      </trkpt>
      <trkpt lat="47.606924" lon="12.273926">
        <ele>1870.9</ele>
      </trkpt>
      <trkpt lat="47.606919" lon="12.273915">
        <ele>1870.4</ele>
      </trkpt>
      <trkpt lat="47.606914" lon="12.2739">
        <ele>1869.7</ele>
      </trkpt>
      <trkpt lat="47.60691" lon="12.273887">
        <ele>1869.1</ele>
      </trkpt>
      <trkpt lat="47.606909" lon="12.273875">
        <ele>1868.8</ele>
      </trkpt>
      <trkpt lat="47.606917" lon="12.273855">
        <ele>1868.7</ele>
      </trkpt>
      <trkpt lat="47.606916" lon="12.273831">
        <ele>1867.7</ele>
      </trkpt>
      <trkpt lat="47.606915" lon="12.273805">
        <ele>1866.7</ele>
      </trkpt>
      <trkpt lat="47.606916" lon="12.273789">
        <ele>1866.1</ele>
      </trkpt>
      <trkpt lat="47.606916" lon="12.273768">
        <ele>1865.3</ele>
      </trkpt>
      <trkpt lat="47.606917" lon="12.273754">
        <ele>1864.9</ele>
      </trkpt>
      <trkpt lat="47.606924" lon="12.273738">
        <ele>1864.7</ele>
      </trkpt>
      <trkpt lat="47.606926" lon="12.27372">
        <ele>1864.2</ele>
      </trkpt>
      <trkpt lat="47.606923" lon="12.273701">
        <ele>1863.5</ele>
      </trkpt>
      <trkpt lat="47.606927" lon="12.273692">
        <ele>1863.4</ele>
      </trkpt>
      <trkpt lat="47.606939" lon="12.27368">
        <ele>1863.5</ele>
      </trkpt>
      <trkpt lat="47.606938" lon="12.273657">
        <ele>1862.7</ele>
      </trkpt>
      <trkpt lat="47.606922" lon="12.273634">
        <ele>1861.5</ele>
      </trkpt>
      <trkpt lat="47.606916" lon="12.273616">
        <ele>1860.7</ele>
      </trkpt>
      <trkpt lat="47.606912" lon="12.273596">
        <ele>1859.9</ele>
      </trkpt>
      <trkpt lat="47.606909" lon="12.273577">
        <ele>1859.2</ele>
      </trkpt>
      <trkpt lat="47.606904" lon="12.273562">
        <ele>1858.6</ele>
      </trkpt>
      <trkpt lat="47.6069" lon="12.273541">
        <ele>1857.8</ele>
      </trkpt>
      <trkpt lat="47.606899" lon="12.27354">
        <ele>1857.7</ele>
      </trkpt>
      <trkpt lat="47.606904" lon="12.273529">
        <ele>1857.6</ele>
      </trkpt>
      <trkpt lat="47.606912" lon="12.273521">
        <ele>1857.6</ele>
      </trkpt>
      <trkpt lat="47.606917" lon="12.273491">
        <ele>1856.8</ele>
      </trkpt>
      <trkpt lat="47.606922" lon="12.273463">
        <ele>1856.1</ele>
      </trkpt>
      <trkpt lat="47.606922" lon="12.273437">
        <ele>1855.3</ele>
      </trkpt>
      <trkpt lat="47.606919" lon="12.273393">
        <ele>1853.9</ele>
      </trkpt>
      <trkpt lat="47.606911" lon="12.273374">
        <ele>1853.1</ele>
      </trkpt>
      <trkpt lat="47.606902" lon="12.273367">
        <ele>1852.7</ele>
      </trkpt>
      <trkpt lat="47.606889" lon="12.273355">
        <ele>1851.9</ele>
      </trkpt>
      <trkpt lat="47.606883" lon="12.273341">
        <ele>1851.4</ele>
      </trkpt>
      <trkpt lat="47.606882" lon="12.273331">
        <ele>1851.1</ele>
      </trkpt>
      <trkpt lat="47.606883" lon="12.273306">
        <ele>1850.8</ele>
      </trkpt>
      <trkpt lat="47.606881" lon="12.27329">
        <ele>1850.5</ele>
      </trkpt>
      <trkpt lat="47.606872" lon="12.273282">
        <ele>1850.1</ele>
      </trkpt>
      <trkpt lat="47.606866" lon="12.273282">
        <ele>1849.8</ele>
      </trkpt>
      <trkpt lat="47.606858" lon="12.273278">
        <ele>1849.5</ele>
      </trkpt>
      <trkpt lat="47.606835" lon="12.273279">
        <ele>1848.6</ele>
      </trkpt>
      <trkpt lat="47.606822" lon="12.27329">
        <ele>1848.2</ele>
      </trkpt>
      <trkpt lat="47.606809" lon="12.27329">
        <ele>1847.5</ele>
      </trkpt>
      <trkpt lat="47.60679" lon="12.273275">
        <ele>1846.3</ele>
      </trkpt>
      <trkpt lat="47.606783" lon="12.273257">
        <ele>1845.7</ele>
      </trkpt>
      <trkpt lat="47.606772" lon="12.273239">
        <ele>1844.9</ele>
      </trkpt>
      <trkpt lat="47.606762" lon="12.273229">
        <ele>1844.2</ele>
      </trkpt>
      <trkpt lat="47.606754" lon="12.273223">
        <ele>1843.6</ele>
      </trkpt>
      <trkpt lat="47.606747" lon="12.273216">
        <ele>1843.1</ele>
      </trkpt>
      <trkpt lat="47.606738" lon="12.273214">
        <ele>1842.6</ele>
      </trkpt>
      <trkpt lat="47.606724" lon="12.27323">
        <ele>1842.0</ele>
      </trkpt>
      <trkpt lat="47.606714" lon="12.273235">
        <ele>1841.4</ele>
      </trkpt>
      <trkpt lat="47.606701" lon="12.273229">
        <ele>1840.6</ele>
      </trkpt>
      <trkpt lat="47.606694" lon="12.273223">
        <ele>1840.1</ele>
      </trkpt>
      <trkpt lat="47.606679" lon="12.273219">
        <ele>1839.2</ele>
      </trkpt>
      <trkpt lat="47.60667" lon="12.273208">
        <ele>1838.5</ele>
      </trkpt>
      <trkpt lat="47.606665" lon="12.273174">
        <ele>1837.9</ele>
      </trkpt>
      <trkpt lat="47.606655" lon="12.273137">
        <ele>1837.3</ele>
      </trkpt>
      <trkpt lat="47.606653" lon="12.273118">
        <ele>1837.2</ele>
      </trkpt>
      <trkpt lat="47.60665" lon="12.273092">
        <ele>1836.9</ele>
      </trkpt>
      <trkpt lat="47.606646" lon="12.273076">
        <ele>1836.5</ele>
      </trkpt>
      <trkpt lat="47.606641" lon="12.27305">
        <ele>1835.9</ele>
      </trkpt>
      <trkpt lat="47.606634" lon="12.273027">
        <ele>1835.2</ele>
      </trkpt>
      <trkpt lat="47.606616" lon="12.273007">
        <ele>1834.1</ele>
      </trkpt>
      <trkpt lat="47.606598" lon="12.27298">
        <ele>1832.9</ele>
      </trkpt>
      <trkpt lat="47.606581" lon="12.272968">
        <ele>1832.0</ele>
      </trkpt>
      <trkpt lat="47.606566" lon="12.272952">
        <ele>1831.2</ele>
      </trkpt>
      <trkpt lat="47.606553" lon="12.272941">
        <ele>1830.5</ele>
      </trkpt>
      <trkpt lat="47.606548" lon="12.272909">
        <ele>1829.7</ele>
      </trkpt>
      <trkpt lat="47.606536" lon="12.272893">
        <ele>1829.0</ele>
      </trkpt>
      <trkpt lat="47.606524" lon="12.272884">
        <ele>1828.4</ele>
      </trkpt>
      <trkpt lat="47.606503" lon="12.27286">
        <ele>1827.1</ele>
      </trkpt>
      <trkpt lat="47.606495" lon="12.272846">
        <ele>1826.5</ele>
      </trkpt>
      <trkpt lat="47.606483" lon="12.272823">
        <ele>1825.4</ele>
      </trkpt>
      <trkpt lat="47.606469" lon="12.272819">
        <ele>1824.7</ele>
      </trkpt>
      <trkpt lat="47.606456" lon="12.272811">
        <ele>1823.9</ele>
      </trkpt>
      <trkpt lat="47.60643" lon="12.272789">
        <ele>1822.2</ele>
      </trkpt>
      <trkpt lat="47.606423" lon="12.272781">
        <ele>1821.8</ele>
      </trkpt>
      <trkpt lat="47.606408" lon="12.272776">
        <ele>1821.0</ele>
      </trkpt>
      <trkpt lat="47.606391" lon="12.272756">
        <ele>1820.0</ele>
      </trkpt>
      <trkpt lat="47.606373" lon="12.27275">
        <ele>1819.1</ele>
      </trkpt>
      <trkpt lat="47.606352" lon="12.272728">
        <ele>1817.7</ele>
      </trkpt>
      <trkpt lat="47.606313" lon="12.27269">
        <ele>1814.6</ele>
      </trkpt>
      <trkpt lat="47.6063" lon="12.272656">
        <ele>1813.2</ele>
      </trkpt>
      <trkpt lat="47.606264" lon="12.272626">
        <ele>1810.8</ele>
      </trkpt>
      <trkpt lat="47.606229" lon="12.27259">
        <ele>1808.4</ele>
      </trkpt>
      <trkpt lat="47.606203" lon="12.27252">
        <ele>1806.6</ele>
      </trkpt>
      <trkpt lat="47.606169" lon="12.272475">
        <ele>1805.4</ele>
      </trkpt>
      <trkpt lat="47.606129" lon="12.272402">
        <ele>1803.6</ele>
      </trkpt>
      <trkpt lat="47.606102" lon="12.272335">
        <ele>1802.1</ele>
      </trkpt>
      <trkpt lat="47.60607" lon="12.272299">
        <ele>1800.9</ele>
      </trkpt>
      <trkpt lat="47.606008" lon="12.272248">
        <ele>1797.7</ele>
      </trkpt>
      <trkpt lat="47.605957" lon="12.272215">
        <ele>1795.1</ele>
      </trkpt>
      <trkpt lat="47.605893" lon="12.272195">
        <ele>1792.6</ele>
      </trkpt>
      <trkpt lat="47.605857" lon="12.272125">
        <ele>1789.2</ele>
      </trkpt>
      <trkpt lat="47.605809" lon="12.272083">
        <ele>1786.0</ele>
      </trkpt>
      <trkpt lat="47.605769" lon="12.272069">
        <ele>1784.0</ele>
      </trkpt>
      <trkpt lat="47.605726" lon="12.272057">
        <ele>1781.8</ele>
      </trkpt>
      <trkpt lat="47.605692" lon="12.272092">
        <ele>1780.3</ele>
      </trkpt>
      <trkpt lat="47.605672" lon="12.272144">
        <ele>1779.0</ele>
      </trkpt>
      <trkpt lat="47.605645" lon="12.272209">
        <ele>1776.6</ele>
      </trkpt>
      <trkpt lat="47.605625" lon="12.272283">
        <ele>1774.0</ele>
      </trkpt>
      <trkpt lat="47.605622" lon="12.272332">
        <ele>1773.0</ele>
      </trkpt>
      <trkpt lat="47.605633" lon="12.272406">
        <ele>1772.3</ele>
      </trkpt>
      <trkpt lat="47.605641" lon="12.27243">
        <ele>1772.4</ele>
      </trkpt>
      <trkpt lat="47.605642" lon="12.272464">
        <ele>1772.0</ele>
      </trkpt>
      <trkpt lat="47.605642" lon="12.272494">
        <ele>1771.6</ele>
      </trkpt>
      <trkpt lat="47.605625" lon="12.272516">
        <ele>1770.7</ele>
      </trkpt>
      <trkpt lat="47.605613" lon="12.272556">
        <ele>1770.2</ele>
      </trkpt>
      <trkpt lat="47.605603" lon="12.272584">
        <ele>1770.2</ele>
      </trkpt>
      <trkpt lat="47.605585" lon="12.272585">
        <ele>1769.7</ele>
      </trkpt>
      <trkpt lat="47.605553" lon="12.272573">
        <ele>1768.9</ele>
      </trkpt>
      <trkpt lat="47.605532" lon="12.272558">
        <ele>1768.4</ele>
      </trkpt>
      <trkpt lat="47.605499" lon="12.272553">
        <ele>1767.9</ele>
      </trkpt>
      <trkpt lat="47.605491" lon="12.27254">
        <ele>1767.5</ele>
      </trkpt>
      <trkpt lat="47.60547" lon="12.272529">
        <ele>1766.8</ele>
      </trkpt>
      <trkpt lat="47.605451" lon="12.272517">
        <ele>1766.1</ele>
      </trkpt>
      <trkpt lat="47.605426" lon="12.272483">
        <ele>1765.2</ele>
      </trkpt>
      <trkpt lat="47.60542" lon="12.272474">
        <ele>1765.0</ele>
      </trkpt>
      <trkpt lat="47.605373" lon="12.272362">
        <ele>1762.5</ele>
      </trkpt>
      <trkpt lat="47.605354" lon="12.272332">
        <ele>1761.6</ele>
      </trkpt>
      <trkpt lat="47.605337" lon="12.272353">
        <ele>1761.7</ele>
      </trkpt>
      <trkpt lat="47.605313" lon="12.272385">
        <ele>1761.5</ele>
      </trkpt>
      <trkpt lat="47.605271" lon="12.272349">
        <ele>1759.9</ele>
      </trkpt>
      <trkpt lat="47.60525" lon="12.2723">
        <ele>1758.4</ele>
      </trkpt>
      <trkpt lat="47.605221" lon="12.272279">
        <ele>1756.9</ele>
      </trkpt>
      <trkpt lat="47.605196" lon="12.272322">
        <ele>1756.5</ele>
      </trkpt>
      <trkpt lat="47.605155" lon="12.272336">
        <ele>1755.2</ele>
      </trkpt>
      <trkpt lat="47.60508" lon="12.272331">
        <ele>1753.2</ele>
      </trkpt>
      <trkpt lat="47.605044" lon="12.272307">
        <ele>1752.1</ele>
      </trkpt>
      <trkpt lat="47.604973" lon="12.272247">
        <ele>1749.7</ele>
      </trkpt>
      <trkpt lat="47.60494" lon="12.272194">
        <ele>1747.8</ele>
      </trkpt>
      <trkpt lat="47.604925" lon="12.272105">
        <ele>1745.3</ele>
      </trkpt>
      <trkpt lat="47.604922" lon="12.27205">
        <ele>1743.4</ele>
      </trkpt>
      <trkpt lat="47.604893" lon="12.272038">
        <ele>1742.4</ele>
      </trkpt>
      <trkpt lat="47.60486" lon="12.272027">
        <ele>1741.3</ele>
      </trkpt>
      <trkpt lat="47.604818" lon="12.272015">
        <ele>1740.0</ele>
      </trkpt>
      <trkpt lat="47.604789" lon="12.27201">
        <ele>1739.2</ele>
      </trkpt>
      <trkpt lat="47.604764" lon="12.27201">
        <ele>1738.9</ele>
      </trkpt>
      <trkpt lat="47.604745" lon="12.271974">
        <ele>1736.6</ele>
      </trkpt>
      <trkpt lat="47.604716" lon="12.271947">
        <ele>1734.9</ele>
      </trkpt>
      <trkpt lat="47.604701" lon="12.271886">
        <ele>1731.3</ele>
      </trkpt>
      <trkpt lat="47.604686" lon="12.271865">
        <ele>1730.0</ele>
      </trkpt>
      <trkpt lat="47.604677" lon="12.271846">
        <ele>1729.0</ele>
      </trkpt>
      <trkpt lat="47.604679" lon="12.271825">
        <ele>1727.8</ele>
      </trkpt>
      <trkpt lat="47.604708" lon="12.271806">
        <ele>1726.9</ele>
      </trkpt>
      <trkpt lat="47.604739" lon="12.271802">
        <ele>1727.0</ele>
      </trkpt>
      <trkpt lat="47.604758" lon="12.271759">
        <ele>1725.2</ele>
      </trkpt>
      <trkpt lat="47.604774" lon="12.2717">
        <ele>1722.6</ele>
      </trkpt>
      <trkpt lat="47.604798" lon="12.27166">
        <ele>1720.7</ele>
      </trkpt>
      <trkpt lat="47.604823" lon="12.271635">
        <ele>1719.5</ele>
      </trkpt>
      <trkpt lat="47.604841" lon="12.271607">
        <ele>1718.4</ele>
      </trkpt>
      <trkpt lat="47.604866" lon="12.271576">
        <ele>1717.4</ele>
      </trkpt>
      <trkpt lat="47.604882" lon="12.271526">
        <ele>1715.7</ele>
      </trkpt>
      <trkpt lat="47.604892" lon="12.271502">
        <ele>1715.0</ele>
      </trkpt>
      <trkpt lat="47.604917" lon="12.271498">
        <ele>1715.5</ele>
      </trkpt>
      <trkpt lat="47.604925" lon="12.271492">
        <ele>1715.5</ele>
      </trkpt>
      <trkpt lat="47.604917" lon="12.27144">
        <ele>1713.5</ele>
      </trkpt>
      <trkpt lat="47.604916" lon="12.271403">
        <ele>1712.4</ele>
      </trkpt>
      <trkpt lat="47.60492" lon="12.271366">
        <ele>1711.6</ele>
      </trkpt>
      <trkpt lat="47.604893" lon="12.271342">
        <ele>1710.1</ele>
      </trkpt>
      <trkpt lat="47.60488" lon="12.271324">
        <ele>1709.3</ele>
      </trkpt>
      <trkpt lat="47.604859" lon="12.271272">
        <ele>1707.1</ele>
      </trkpt>
      <trkpt lat="47.604854" lon="12.271236">
        <ele>1705.8</ele>
      </trkpt>
      <trkpt lat="47.604854" lon="12.271137">
        <ele>1702.8</ele>
      </trkpt>
      <trkpt lat="47.604868" lon="12.271082">
        <ele>1702.3</ele>
      </trkpt>
      <trkpt lat="47.604867" lon="12.271042">
        <ele>1701.7</ele>
      </trkpt>
      <trkpt lat="47.604863" lon="12.271015">
        <ele>1701.1</ele>
      </trkpt>
      <trkpt lat="47.604844" lon="12.270997">
        <ele>1700.0</ele>
      </trkpt>
      <trkpt lat="47.604819" lon="12.270951">
        <ele>1698.5</ele>
      </trkpt>
      <trkpt lat="47.604787" lon="12.270903">
        <ele>1696.8</ele>
      </trkpt>
      <trkpt lat="47.604752" lon="12.270879">
        <ele>1695.1</ele>
      </trkpt>
      <trkpt lat="47.60473" lon="12.270845">
        <ele>1693.9</ele>
      </trkpt>
      <trkpt lat="47.604701" lon="12.270803">
        <ele>1692.1</ele>
      </trkpt>
      <trkpt lat="47.604673" lon="12.270745">
        <ele>1690.3</ele>
      </trkpt>
      <trkpt lat="47.604665" lon="12.270721">
        <ele>1689.7</ele>
      </trkpt>
      <trkpt lat="47.604644" lon="12.270728">
        <ele>1688.8</ele>
      </trkpt>
      <trkpt lat="47.604628" lon="12.270734">
        <ele>1688.2</ele>
      </trkpt>
      <trkpt lat="47.604595" lon="12.27072">
        <ele>1686.6</ele>
      </trkpt>
      <trkpt lat="47.604568" lon="12.270687">
        <ele>1685.0</ele>
      </trkpt>
      <trkpt lat="47.604563" lon="12.270647">
        <ele>1684.3</ele>
      </trkpt>
      <trkpt lat="47.604577" lon="12.27061">
        <ele>1684.5</ele>
      </trkpt>
      <trkpt lat="47.604563" lon="12.270595">
        <ele>1683.7</ele>
      </trkpt>
      <trkpt lat="47.604535" lon="12.27054">
        <ele>1681.9</ele>
      </trkpt>
      <trkpt lat="47.604514" lon="12.270458">
        <ele>1680.6</ele>
      </trkpt>
      <trkpt lat="47.604509" lon="12.270427">
        <ele>1680.4</ele>
      </trkpt>
      <trkpt lat="47.604488" lon="12.270397">
        <ele>1679.5</ele>
      </trkpt>
      <trkpt lat="47.60447" lon="12.270385">
        <ele>1678.6</ele>
      </trkpt>
      <trkpt lat="47.604453" lon="12.27038">
        <ele>1677.9</ele>
      </trkpt>
      <trkpt lat="47.604407" lon="12.270405">
        <ele>1675.9</ele>
      </trkpt>
      <trkpt lat="47.604399" lon="12.270411">
        <ele>1675.6</ele>
      </trkpt>
      <trkpt lat="47.604391" lon="12.270396">
        <ele>1675.1</ele>
      </trkpt>
      <trkpt lat="47.604397" lon="12.270371">
        <ele>1675.3</ele>
      </trkpt>
      <trkpt lat="47.60438" lon="12.270356">
        <ele>1674.5</ele>
      </trkpt>
      <trkpt lat="47.604347" lon="12.270354">
        <ele>1672.9</ele>
      </trkpt>
      <trkpt lat="47.604318" lon="12.270367">
        <ele>1671.5</ele>
      </trkpt>
      <trkpt lat="47.604285" lon="12.270362">
        <ele>1669.8</ele>
      </trkpt>
      <trkpt lat="47.604251" lon="12.270359">
        <ele>1668.1</ele>
      </trkpt>
      <trkpt lat="47.604225" lon="12.270372">
        <ele>1666.6</ele>
      </trkpt>
      <trkpt lat="47.604216" lon="12.270372">
        <ele>1666.1</ele>
      </trkpt>
      <trkpt lat="47.604198" lon="12.270379">
        <ele>1665.0</ele>
      </trkpt>
      <trkpt lat="47.604179" lon="12.270364">
        <ele>1664.1</ele>
      </trkpt>
      <trkpt lat="47.604152" lon="12.27034">
        <ele>1662.8</ele>
      </trkpt>
      <trkpt lat="47.604126" lon="12.270319">
        <ele>1661.4</ele>
      </trkpt>
      <trkpt lat="47.604112" lon="12.270313">
        <ele>1660.5</ele>
      </trkpt>
      <trkpt lat="47.604093" lon="12.270319">
        <ele>1659.4</ele>
      </trkpt>
      <trkpt lat="47.604072" lon="12.270301">
        <ele>1658.2</ele>
      </trkpt>
      <trkpt lat="47.604068" lon="12.270255">
        <ele>1658.1</ele>
      </trkpt>
      <trkpt lat="47.604015" lon="12.270177">
        <ele>1654.9</ele>
      </trkpt>
      <trkpt lat="47.603935" lon="12.270086">
        <ele>1649.6</ele>
      </trkpt>
      <trkpt lat="47.603883" lon="12.270023">
        <ele>1646.1</ele>
      </trkpt>
      <trkpt lat="47.603854" lon="12.270018">
        <ele>1644.3</ele>
      </trkpt>
      <trkpt lat="47.603846" lon="12.270018">
        <ele>1643.8</ele>
      </trkpt>
      <trkpt lat="47.603842" lon="12.270027">
        <ele>1643.5</ele>
      </trkpt>
      <trkpt lat="47.603829" lon="12.270046">
        <ele>1642.7</ele>
      </trkpt>
      <trkpt lat="47.603819" lon="12.270043">
        <ele>1642.0</ele>
      </trkpt>
      <trkpt lat="47.603806" lon="12.270003">
        <ele>1641.2</ele>
      </trkpt>
      <trkpt lat="47.603783" lon="12.269958">
        <ele>1639.6</ele>
      </trkpt>
      <trkpt lat="47.603753" lon="12.269909">
        <ele>1637.3</ele>
      </trkpt>
      <trkpt lat="47.60373" lon="12.269873">
        <ele>1635.4</ele>
      </trkpt>
      <trkpt lat="47.603725" lon="12.269812">
        <ele>1634.4</ele>
      </trkpt>
      <trkpt lat="47.603696" lon="12.269763">
        <ele>1631.7</ele>
      </trkpt>
      <trkpt lat="47.603687" lon="12.26973">
        <ele>1630.6</ele>
      </trkpt>
      <trkpt lat="47.603658" lon="12.269687">
        <ele>1627.9</ele>
      </trkpt>
      <trkpt lat="47.603641" lon="12.26966">
        <ele>1626.3</ele>
      </trkpt>
      <trkpt lat="47.603616" lon="12.269624">
        <ele>1623.8</ele>
      </trkpt>
      <trkpt lat="47.603599" lon="12.269615">
        <ele>1622.5</ele>
      </trkpt>
      <trkpt lat="47.603576" lon="12.269591">
        <ele>1620.5</ele>
      </trkpt>
      <trkpt lat="47.603561" lon="12.269588">
        <ele>1619.5</ele>
      </trkpt>
      <trkpt lat="47.603545" lon="12.26957">
        <ele>1618.1</ele>
      </trkpt>
      <trkpt lat="47.60353" lon="12.26954">
        <ele>1616.7</ele>
      </trkpt>
      <trkpt lat="47.603534" lon="12.269521">
        <ele>1616.8</ele>
      </trkpt>
      <trkpt lat="47.603529" lon="12.269497">
        <ele>1616.2</ele>
      </trkpt>
      <trkpt lat="47.603523" lon="12.269478">
        <ele>1615.6</ele>
      </trkpt>
      <trkpt lat="47.6035" lon="12.269494">
        <ele>1614.3</ele>
      </trkpt>
      <trkpt lat="47.603487" lon="12.269534">
        <ele>1613.9</ele>
      </trkpt>
      <trkpt lat="47.603485" lon="12.269534">
        <ele>1613.8</ele>
      </trkpt>
      <trkpt lat="47.603471" lon="12.269541">
        <ele>1612.9</ele>
      </trkpt>
      <trkpt lat="47.603454" lon="12.269553">
        <ele>1611.9</ele>
      </trkpt>
      <trkpt lat="47.603442" lon="12.269572">
        <ele>1611.2</ele>
      </trkpt>
      <trkpt lat="47.603428" lon="12.269585">
        <ele>1610.4</ele>
      </trkpt>
      <trkpt lat="47.603419" lon="12.269576">
        <ele>1609.7</ele>
      </trkpt>
      <trkpt lat="47.603423" lon="12.269548">
        <ele>1609.8</ele>
      </trkpt>
      <trkpt lat="47.603427" lon="12.269529">
        <ele>1610.0</ele>
      </trkpt>
      <trkpt lat="47.603419" lon="12.269514">
        <ele>1609.3</ele>
      </trkpt>
      <trkpt lat="47.60341" lon="12.269508">
        <ele>1608.8</ele>
      </trkpt>
      <trkpt lat="47.603398" lon="12.269508">
        <ele>1608.0</ele>
      </trkpt>
      <trkpt lat="47.60339" lon="12.269493">
        <ele>1607.4</ele>
      </trkpt>
      <trkpt lat="47.603383" lon="12.269469">
        <ele>1607.0</ele>
      </trkpt>
      <trkpt lat="47.60337" lon="12.269445">
        <ele>1606.4</ele>
      </trkpt>
      <trkpt lat="47.603335" lon="12.26947">
        <ele>1604.0</ele>
      </trkpt>
      <trkpt lat="47.603306" lon="12.26947">
        <ele>1602.2</ele>
      </trkpt>
      <trkpt lat="47.603282" lon="12.269511">
        <ele>1600.5</ele>
      </trkpt>
      <trkpt lat="47.603257" lon="12.269517">
        <ele>1598.9</ele>
      </trkpt>
      <trkpt lat="47.60323" lon="12.269493">
        <ele>1597.3</ele>
      </trkpt>
      <trkpt lat="47.603213" lon="12.269512">
        <ele>1596.3</ele>
      </trkpt>
      <trkpt lat="47.603183" lon="12.269556">
        <ele>1594.1</ele>
      </trkpt>
      <trkpt lat="47.603164" lon="12.269578">
        <ele>1592.8</ele>
      </trkpt>
      <trkpt lat="47.603133" lon="12.269594">
        <ele>1590.7</ele>
      </trkpt>
      <trkpt lat="47.603111" lon="12.269619">
        <ele>1589.2</ele>
      </trkpt>
      <trkpt lat="47.603101" lon="12.269677">
        <ele>1588.8</ele>
      </trkpt>
      <trkpt lat="47.603097" lon="12.269699">
        <ele>1588.6</ele>
      </trkpt>
      <trkpt lat="47.603084" lon="12.269699">
        <ele>1587.7</ele>
      </trkpt>
      <trkpt lat="47.603047" lon="12.269663">
        <ele>1585.1</ele>
      </trkpt>
      <trkpt lat="47.603028" lon="12.269651">
        <ele>1583.9</ele>
      </trkpt>
      <trkpt lat="47.603024" lon="12.26966">
        <ele>1583.6</ele>
      </trkpt>
      <trkpt lat="47.603012" lon="12.269682">
        <ele>1582.7</ele>
      </trkpt>
      <trkpt lat="47.603001" lon="12.269701">
        <ele>1581.9</ele>
      </trkpt>
      <trkpt lat="47.602991" lon="12.269695">
        <ele>1581.2</ele>
      </trkpt>
      <trkpt lat="47.602981" lon="12.269704">
        <ele>1580.4</ele>
      </trkpt>
      <trkpt lat="47.602987" lon="12.269732">
        <ele>1580.7</ele>
      </trkpt>
      <trkpt lat="47.602977" lon="12.269759">
        <ele>1579.8</ele>
      </trkpt>
      <trkpt lat="47.602961" lon="12.269784">
        <ele>1578.6</ele>
      </trkpt>
      <trkpt lat="47.602957" lon="12.269818">
        <ele>1578.3</ele>
      </trkpt>
      <trkpt lat="47.602944" lon="12.269818">
        <ele>1577.5</ele>
      </trkpt>
      <trkpt lat="47.602924" lon="12.269834">
        <ele>1576.3</ele>
      </trkpt>
      <trkpt lat="47.602913" lon="12.269843">
        <ele>1575.7</ele>
      </trkpt>
      <trkpt lat="47.602899" lon="12.269868">
        <ele>1575.0</ele>
      </trkpt>
      <trkpt lat="47.602878" lon="12.269859">
        <ele>1573.6</ele>
      </trkpt>
      <trkpt lat="47.602847" lon="12.269826">
        <ele>1571.6</ele>
      </trkpt>
      <trkpt lat="47.602824" lon="12.269802">
        <ele>1570.2</ele>
      </trkpt>
      <trkpt lat="47.602799" lon="12.269766">
        <ele>1569.1</ele>
      </trkpt>
      <trkpt lat="47.602786" lon="12.269763">
        <ele>1568.6</ele>
      </trkpt>
      <trkpt lat="47.602757" lon="12.269788">
        <ele>1566.9</ele>
      </trkpt>
      <trkpt lat="47.602724" lon="12.269823">
        <ele>1565.0</ele>
      </trkpt>
      <trkpt lat="47.602685" lon="12.269808">
        <ele>1563.2</ele>
      </trkpt>
      <trkpt lat="47.602641" lon="12.269803">
        <ele>1561.1</ele>
      </trkpt>
      <trkpt lat="47.602614" lon="12.2698">
        <ele>1559.7</ele>
      </trkpt>
      <trkpt lat="47.602595" lon="12.269789">
        <ele>1558.9</ele>
      </trkpt>
      <trkpt lat="47.602579" lon="12.26977">
        <ele>1558.3</ele>
      </trkpt>
      <trkpt lat="47.602558" lon="12.26974">
        <ele>1557.6</ele>
      </trkpt>
      <trkpt lat="47.602537" lon="12.269722">
        <ele>1556.8</ele>
      </trkpt>
      <trkpt lat="47.602506" lon="12.269726">
        <ele>1555.0</ele>
      </trkpt>
      <trkpt lat="47.602469" lon="12.269764">
        <ele>1552.1</ele>
      </trkpt>
      <trkpt lat="47.602448" lon="12.269801">
        <ele>1550.3</ele>
      </trkpt>
      <trkpt lat="47.602425" lon="12.269804">
        <ele>1549.0</ele>
      </trkpt>
      <trkpt lat="47.602402" lon="12.269777">
        <ele>1548.1</ele>
      </trkpt>
      <trkpt lat="47.602387" lon="12.26975">
        <ele>1547.8</ele>
      </trkpt>
      <trkpt lat="47.602364" lon="12.269747">
        <ele>1546.5</ele>
      </trkpt>
      <trkpt lat="47.602341" lon="12.269766">
        <ele>1545.0</ele>
      </trkpt>
      <trkpt lat="47.60232" lon="12.26976">
        <ele>1544.0</ele>
      </trkpt>
      <trkpt lat="47.602291" lon="12.269746">
        <ele>1542.7</ele>
      </trkpt>
      <trkpt lat="47.602266" lon="12.269755">
        <ele>1541.2</ele>
      </trkpt>
      <trkpt lat="47.60224" lon="12.269768">
        <ele>1539.5</ele>
      </trkpt>
      <trkpt lat="47.602221" lon="12.269784">
        <ele>1538.1</ele>
      </trkpt>
      <trkpt lat="47.602199" lon="12.269824">
        <ele>1536.1</ele>
      </trkpt>
      <trkpt lat="47.602176" lon="12.269843">
        <ele>1534.6</ele>
      </trkpt>
      <trkpt lat="47.602143" lon="12.269847">
        <ele>1532.7</ele>
      </trkpt>
      <trkpt lat="47.602135" lon="12.269865">
        <ele>1532.0</ele>
      </trkpt>
      <trkpt lat="47.602117" lon="12.269927">
        <ele>1530.7</ele>
      </trkpt>
      <trkpt lat="47.602092" lon="12.269958">
        <ele>1529.0</ele>
      </trkpt>
      <trkpt lat="47.602055" lon="12.269959">
        <ele>1526.3</ele>
      </trkpt>
      <trkpt lat="47.602015" lon="12.269945">
        <ele>1523.6</ele>
      </trkpt>
      <trkpt lat="47.601969" lon="12.269909">
        <ele>1520.4</ele>
      </trkpt>
      <trkpt lat="47.60191" lon="12.269824">
        <ele>1516.8</ele>
      </trkpt>
      <trkpt lat="47.60187" lon="12.26977">
        <ele>1515.4</ele>
      </trkpt>
      <trkpt lat="47.601837" lon="12.269761">
        <ele>1513.2</ele>
      </trkpt>
      <trkpt lat="47.6018" lon="12.269765">
        <ele>1510.6</ele>
      </trkpt>
      <trkpt lat="47.601752" lon="12.269797">
        <ele>1507.4</ele>
      </trkpt>
      <trkpt lat="47.601678" lon="12.269887">
        <ele>1504.3</ele>
      </trkpt>
      <trkpt lat="47.601604" lon="12.269965">
        <ele>1501.9</ele>
      </trkpt>
      <trkpt lat="47.601526" lon="12.270071">
        <ele>1500.3</ele>
      </trkpt>
      <trkpt lat="47.601465" lon="12.270134">
        <ele>1498.9</ele>
      </trkpt>
      <trkpt lat="47.601407" lon="12.27019">
        <ele>1497.4</ele>
      </trkpt>
      <trkpt lat="47.601345" lon="12.270228">
        <ele>1495.2</ele>
      </trkpt>
      <trkpt lat="47.601275" lon="12.270251">
        <ele>1491.9</ele>
      </trkpt>
      <trkpt lat="47.601221" lon="12.270267">
        <ele>1489.3</ele>
      </trkpt>
      <trkpt lat="47.601182" lon="12.27029">
        <ele>1488.0</ele>
      </trkpt>
      <trkpt lat="47.601132" lon="12.270351">
        <ele>1487.5</ele>
      </trkpt>
      <trkpt lat="47.601078" lon="12.27042">
        <ele>1486.8</ele>
      </trkpt>
      <trkpt lat="47.601031" lon="12.270467">
        <ele>1485.0</ele>
      </trkpt>
      <trkpt lat="47.601009" lon="12.270538">
        <ele>1484.9</ele>
      </trkpt>
      <trkpt lat="47.600983" lon="12.270624">
        <ele>1485.4</ele>
      </trkpt>
      <trkpt lat="47.600962" lon="12.270661">
        <ele>1485.2</ele>
      </trkpt>
      <trkpt lat="47.600905" lon="12.270738">
        <ele>1484.4</ele>
      </trkpt>
      <trkpt lat="47.600831" lon="12.270771">
        <ele>1482.0</ele>
      </trkpt>
      <trkpt lat="47.600738" lon="12.270877">
        <ele>1480.3</ele>
      </trkpt>
      <trkpt lat="47.600668" lon="12.270958">
        <ele>1477.6</ele>
      </trkpt>
      <trkpt lat="47.6006" lon="12.271001">
        <ele>1474.7</ele>
      </trkpt>
      <trkpt lat="47.60054" lon="12.27105">
        <ele>1473.2</ele>
      </trkpt>
      <trkpt lat="47.600436" lon="12.271098">
        <ele>1469.4</ele>
      </trkpt>
      <trkpt lat="47.600362" lon="12.271141">
        <ele>1467.1</ele>
      </trkpt>
      <trkpt lat="47.600274" lon="12.271249">
        <ele>1465.3</ele>
      </trkpt>
      <trkpt lat="47.600185" lon="12.271347">
        <ele>1462.5</ele>
      </trkpt>
      <trkpt lat="47.600146" lon="12.27136">
        <ele>1460.6</ele>
      </trkpt>
      <trkpt lat="47.600106" lon="12.271453">
        <ele>1462.6</ele>
      </trkpt>
      <trkpt lat="47.60005" lon="12.271527">
        <ele>1462.7</ele>
      </trkpt>
      <trkpt lat="47.600014" lon="12.271603">
        <ele>1462.5</ele>
      </trkpt>
      <trkpt lat="47.599983" lon="12.271646">
        <ele>1462.2</ele>
      </trkpt>
      <trkpt lat="47.59986" lon="12.271721">
        <ele>1464.3</ele>
      </trkpt>
      <trkpt lat="47.599794" lon="12.271739">
        <ele>1464.1</ele>
      </trkpt>
      <trkpt lat="47.599729" lon="12.271727">
        <ele>1461.8</ele>
      </trkpt>
      <trkpt lat="47.599672" lon="12.271769">
        <ele>1462.2</ele>
      </trkpt>
      <trkpt lat="47.599594" lon="12.271837">
        <ele>1463.2</ele>
      </trkpt>
      <trkpt lat="47.599527" lon="12.271861">
        <ele>1462.5</ele>
      </trkpt>
      <trkpt lat="47.599496" lon="12.271948">
        <ele>1465.6</ele>
      </trkpt>
      <trkpt lat="47.599464" lon="12.271992">
        <ele>1467.0</ele>
      </trkpt>
      <trkpt lat="47.599364" lon="12.272009">
        <ele>1465.2</ele>
      </trkpt>
      <trkpt lat="47.599341" lon="12.272066">
        <ele>1465.6</ele>
      </trkpt>
      <trkpt lat="47.599306" lon="12.272223">
        <ele>1465.8</ele>
      </trkpt>
      <trkpt lat="47.599283" lon="12.272273">
        <ele>1465.7</ele>
      </trkpt>
      <trkpt lat="47.599282" lon="12.272339">
        <ele>1468.1</ele>
      </trkpt>
      <trkpt lat="47.59925" lon="12.272399">
        <ele>1469.8</ele>
      </trkpt>
      <trkpt lat="47.599102" lon="12.272452">
        <ele>1467.8</ele>
      </trkpt>
      <trkpt lat="47.599023" lon="12.272484">
        <ele>1465.7</ele>
      </trkpt>
      <trkpt lat="47.598946" lon="12.272566">
        <ele>1463.6</ele>
      </trkpt>
      <trkpt lat="47.598911" lon="12.27265">
        <ele>1461.3</ele>
      </trkpt>
      <trkpt lat="47.598908" lon="12.272804">
        <ele>1460.8</ele>
      </trkpt>
      <trkpt lat="47.598925" lon="12.272895">
        <ele>1462.9</ele>
      </trkpt>
      <trkpt lat="47.598959" lon="12.27301">
        <ele>1466.4</ele>
      </trkpt>
      <trkpt lat="47.598944" lon="12.273199">
        <ele>1466.8</ele>
      </trkpt>
      <trkpt lat="47.59893" lon="12.273281">
        <ele>1467.3</ele>
      </trkpt>
      <trkpt lat="47.598925" lon="12.273342">
        <ele>1467.9</ele>
      </trkpt>
      <trkpt lat="47.598919" lon="12.273427">
        <ele>1468.9</ele>
      </trkpt>
      <trkpt lat="47.598927" lon="12.273483">
        <ele>1470.5</ele>
      </trkpt>
      <trkpt lat="47.598913" lon="12.273519">
        <ele>1469.8</ele>
      </trkpt>
      <trkpt lat="47.598907" lon="12.273571">
        <ele>1470.1</ele>
      </trkpt>
      <trkpt lat="47.598914" lon="12.27367">
        <ele>1471.8</ele>
      </trkpt>
      <trkpt lat="47.598913" lon="12.273749">
        <ele>1472.0</ele>
      </trkpt>
      <trkpt lat="47.5989" lon="12.273848">
        <ele>1470.9</ele>
      </trkpt>
      <trkpt lat="47.598892" lon="12.273946">
        <ele>1471.0</ele>
      </trkpt>
      <trkpt lat="47.598883" lon="12.274005">
        <ele>1471.1</ele>
      </trkpt>
      <trkpt lat="47.598884" lon="12.274053">
        <ele>1472.3</ele>
      </trkpt>
      <trkpt lat="47.598881" lon="12.274084">
        <ele>1473.1</ele>
      </trkpt>
      <trkpt lat="47.598867" lon="12.274099">
        <ele>1472.9</ele>
      </trkpt>
      <trkpt lat="47.598857" lon="12.274112">
        <ele>1473.0</ele>
      </trkpt>
      <trkpt lat="47.598853" lon="12.27414">
        <ele>1474.0</ele>
      </trkpt>
      <trkpt lat="47.598837" lon="12.274149">
        <ele>1473.8</ele>
      </trkpt>
      <trkpt lat="47.598816" lon="12.274164">
        <ele>1473.9</ele>
      </trkpt>
      <trkpt lat="47.598806" lon="12.274182">
        <ele>1474.6</ele>
      </trkpt>
      <trkpt lat="47.598791" lon="12.274212">
        <ele>1476.0</ele>
      </trkpt>
      <trkpt lat="47.598797" lon="12.274229">
        <ele>1477.1</ele>
      </trkpt>
      <trkpt lat="47.598799" lon="12.274246">
        <ele>1478.1</ele>
      </trkpt>
      <trkpt lat="47.59879" lon="12.274258">
        <ele>1478.7</ele>
      </trkpt>
      <trkpt lat="47.598771" lon="12.274255">
        <ele>1478.1</ele>
      </trkpt>
      <trkpt lat="47.598755" lon="12.27428">
        <ele>1479.0</ele>
      </trkpt>
      <trkpt lat="47.598736" lon="12.274299">
        <ele>1479.2</ele>
      </trkpt>
      <trkpt lat="47.598736" lon="12.274322">
        <ele>1480.3</ele>
      </trkpt>
      <trkpt lat="47.598734" lon="12.274351">
        <ele>1481.4</ele>
      </trkpt>
      <trkpt lat="47.598714" lon="12.274362">
        <ele>1480.8</ele>
      </trkpt>
      <trkpt lat="47.598707" lon="12.274393">
        <ele>1481.6</ele>
      </trkpt>
      <trkpt lat="47.598699" lon="12.274426">
        <ele>1482.4</ele>
      </trkpt>
      <trkpt lat="47.598691" lon="12.274467">
        <ele>1483.6</ele>
      </trkpt>
      <trkpt lat="47.598693" lon="12.2745">
        <ele>1485.0</ele>
      </trkpt>
      <trkpt lat="47.598709" lon="12.27454">
        <ele>1487.5</ele>
      </trkpt>
      <trkpt lat="47.59873" lon="12.274543">
        <ele>1488.7</ele>
      </trkpt>
      <trkpt lat="47.59876" lon="12.274531">
        <ele>1489.6</ele>
      </trkpt>
      <trkpt lat="47.598779" lon="12.274535">
        <ele>1490.6</ele>
      </trkpt>
      <trkpt lat="47.598787" lon="12.27456">
        <ele>1491.8</ele>
      </trkpt>
      <trkpt lat="47.598783" lon="12.274588">
        <ele>1492.6</ele>
      </trkpt>
      <trkpt lat="47.598763" lon="12.274623">
        <ele>1492.7</ele>
      </trkpt>
      <trkpt lat="47.598756" lon="12.274682">
        <ele>1493.8</ele>
      </trkpt>
      <trkpt lat="47.598747" lon="12.274742">
        <ele>1495.0</ele>
      </trkpt>
      <trkpt lat="47.598746" lon="12.274777">
        <ele>1495.9</ele>
      </trkpt>
      <trkpt lat="47.598755" lon="12.274849">
        <ele>1498.7</ele>
      </trkpt>
      <trkpt lat="47.598763" lon="12.274929">
        <ele>1502.3</ele>
      </trkpt>
      <trkpt lat="47.598763" lon="12.274977">
        <ele>1504.0</ele>
      </trkpt>
      <trkpt lat="47.598761" lon="12.275016">
        <ele>1505.0</ele>
      </trkpt>
      <trkpt lat="47.598742" lon="12.275097">
        <ele>1505.7</ele>
      </trkpt>
      <trkpt lat="47.598726" lon="12.275163">
        <ele>1506.2</ele>
      </trkpt>
      <trkpt lat="47.598693" lon="12.27523">
        <ele>1506.0</ele>
      </trkpt>
      <trkpt lat="47.598653" lon="12.275309">
        <ele>1506.4</ele>
      </trkpt>
      <trkpt lat="47.59865" lon="12.275339">
        <ele>1506.8</ele>
      </trkpt>
      <trkpt lat="47.59866" lon="12.275387">
        <ele>1507.7</ele>
      </trkpt>
      <trkpt lat="47.598674" lon="12.275407">
        <ele>1508.5</ele>
      </trkpt>
      <trkpt lat="47.598692" lon="12.275453">
        <ele>1509.0</ele>
      </trkpt>
      <trkpt lat="47.5987" lon="12.275517">
        <ele>1508.6</ele>
      </trkpt>
      <trkpt lat="47.59872" lon="12.275602">
        <ele>1508.3</ele>
      </trkpt>
      <trkpt lat="47.598732" lon="12.275661">
        <ele>1507.9</ele>
      </trkpt>
      <trkpt lat="47.598743" lon="12.275696">
        <ele>1508.0</ele>
      </trkpt>
      <trkpt lat="47.598743" lon="12.275736">
        <ele>1507.4</ele>
      </trkpt>
      <trkpt lat="47.598755" lon="12.275775">
        <ele>1507.4</ele>
      </trkpt>
      <trkpt lat="47.598771" lon="12.275821">
        <ele>1507.6</ele>
      </trkpt>
      <trkpt lat="47.598802" lon="12.275862">
        <ele>1508.0</ele>
      </trkpt>
      <trkpt lat="47.598818" lon="12.275943">
        <ele>1506.6</ele>
      </trkpt>
      <trkpt lat="47.598826" lon="12.27597">
        <ele>1506.2</ele>
      </trkpt>
      <trkpt lat="47.598842" lon="12.275989">
        <ele>1506.1</ele>
      </trkpt>
      <trkpt lat="47.598848" lon="12.27602">
        <ele>1505.7</ele>
      </trkpt>
      <trkpt lat="47.598858" lon="12.27604">
        <ele>1505.7</ele>
      </trkpt>
      <trkpt lat="47.598877" lon="12.276101">
        <ele>1505.7</ele>
      </trkpt>
      <trkpt lat="47.598877" lon="12.27614">
        <ele>1505.5</ele>
      </trkpt>
      <trkpt lat="47.598858" lon="12.276222">
        <ele>1504.3</ele>
      </trkpt>
      <trkpt lat="47.598856" lon="12.276282">
        <ele>1504.4</ele>
      </trkpt>
      <trkpt lat="47.598859" lon="12.276387">
        <ele>1504.1</ele>
      </trkpt>
      <trkpt lat="47.598857" lon="12.276431">
        <ele>1503.7</ele>
      </trkpt>
      <trkpt lat="47.598847" lon="12.276472">
        <ele>1502.5</ele>
      </trkpt>
      <trkpt lat="47.598843" lon="12.276519">
        <ele>1501.5</ele>
      </trkpt>
      <trkpt lat="47.598848" lon="12.276576">
        <ele>1501.3</ele>
      </trkpt>
      <trkpt lat="47.598859" lon="12.276645">
        <ele>1502.3</ele>
      </trkpt>
      <trkpt lat="47.598837" lon="12.276713">
        <ele>1501.3</ele>
      </trkpt>
      <trkpt lat="47.598829" lon="12.276781">
        <ele>1501.6</ele>
      </trkpt>
      <trkpt lat="47.598807" lon="12.276882">
        <ele>1502.2</ele>
      </trkpt>
      <trkpt lat="47.598801" lon="12.276909">
        <ele>1502.5</ele>
      </trkpt>
      <trkpt lat="47.59877" lon="12.277007">
        <ele>1502.9</ele>
      </trkpt>
      <trkpt lat="47.598765" lon="12.277079">
        <ele>1504.1</ele>
      </trkpt>
      <trkpt lat="47.598754" lon="12.277128">
        <ele>1504.3</ele>
      </trkpt>
      <trkpt lat="47.598733" lon="12.277145">
        <ele>1503.7</ele>
      </trkpt>
      <trkpt lat="47.598717" lon="12.277177">
        <ele>1503.3</ele>
      </trkpt>
      <trkpt lat="47.59871" lon="12.277212">
        <ele>1503.3</ele>
      </trkpt>
      <trkpt lat="47.598709" lon="12.277225">
        <ele>1503.4</ele>
      </trkpt>
      <trkpt lat="47.598688" lon="12.277236">
        <ele>1502.9</ele>
      </trkpt>
      <trkpt lat="47.598632" lon="12.27729">
        <ele>1501.9</ele>
      </trkpt>
      <trkpt lat="47.598606" lon="12.277376">
        <ele>1501.9</ele>
      </trkpt>
      <trkpt lat="47.59853" lon="12.277529">
        <ele>1499.6</ele>
      </trkpt>
      <trkpt lat="47.598455" lon="12.277592">
        <ele>1498.2</ele>
      </trkpt>
      <trkpt lat="47.598341" lon="12.277667">
        <ele>1496.2</ele>
      </trkpt>
      <trkpt lat="47.598208" lon="12.277836">
        <ele>1497.5</ele>
      </trkpt>
      <trkpt lat="47.598152" lon="12.27787">
        <ele>1495.8</ele>
      </trkpt>
      <trkpt lat="47.598118" lon="12.277882">
        <ele>1494.4</ele>
      </trkpt>
      <trkpt lat="47.59808" lon="12.277915">
        <ele>1493.6</ele>
      </trkpt>
      <trkpt lat="47.598021" lon="12.277989">
        <ele>1493.2</ele>
      </trkpt>
      <trkpt lat="47.597987" lon="12.278005">
        <ele>1492.1</ele>
      </trkpt>
      <trkpt lat="47.597962" lon="12.27801">
        <ele>1491.2</ele>
      </trkpt>
      <trkpt lat="47.597916" lon="12.278004">
        <ele>1489.2</ele>
      </trkpt>
      <trkpt lat="47.597834" lon="12.277984">
        <ele>1485.8</ele>
      </trkpt>
      <trkpt lat="47.597744" lon="12.277989">
        <ele>1484.1</ele>
      </trkpt>
      <trkpt lat="47.597619" lon="12.278097">
        <ele>1488.9</ele>
      </trkpt>
      <trkpt lat="47.597439" lon="12.278172">
        <ele>1490.0</ele>
      </trkpt>
      <trkpt lat="47.597364" lon="12.278189">
        <ele>1490.2</ele>
      </trkpt>
      <trkpt lat="47.597206" lon="12.27821">
        <ele>1488.7</ele>
      </trkpt>
      <trkpt lat="47.597048" lon="12.278225">
        <ele>1491.2</ele>
      </trkpt>
      <trkpt lat="47.596966" lon="12.278206">
        <ele>1487.3</ele>
      </trkpt>
      <trkpt lat="47.596865" lon="12.278196">
        <ele>1481.5</ele>
      </trkpt>
      <trkpt lat="47.596794" lon="12.278224">
        <ele>1479.5</ele>
      </trkpt>
      <trkpt lat="47.596726" lon="12.278297">
        <ele>1480.1</ele>
      </trkpt>
      <trkpt lat="47.5967" lon="12.278339">
        <ele>1480.8</ele>
      </trkpt>
      <trkpt lat="47.59667" lon="12.278386">
        <ele>1481.1</ele>
      </trkpt>
      <trkpt lat="47.596628" lon="12.278477">
        <ele>1481.6</ele>
      </trkpt>
      <trkpt lat="47.596606" lon="12.278516">
        <ele>1481.1</ele>
      </trkpt>
      <trkpt lat="47.596577" lon="12.278558">
        <ele>1480.1</ele>
      </trkpt>
      <trkpt lat="47.59657" lon="12.27859">
        <ele>1480.1</ele>
      </trkpt>
      <trkpt lat="47.596543" lon="12.278635">
        <ele>1479.1</ele>
      </trkpt>
      <trkpt lat="47.596533" lon="12.278702">
        <ele>1479.0</ele>
      </trkpt>
      <trkpt lat="47.596536" lon="12.278794">
        <ele>1479.6</ele>
      </trkpt>
      <trkpt lat="47.59652" lon="12.27889">
        <ele>1478.4</ele>
      </trkpt>
      <trkpt lat="47.596532" lon="12.278959">
        <ele>1479.2</ele>
      </trkpt>
      <trkpt lat="47.596522" lon="12.279054">
        <ele>1477.8</ele>
      </trkpt>
      <trkpt lat="47.596534" lon="12.279129">
        <ele>1478.1</ele>
      </trkpt>
      <trkpt lat="47.596557" lon="12.279232">
        <ele>1478.3</ele>
      </trkpt>
      <trkpt lat="47.596582" lon="12.279362">
        <ele>1477.5</ele>
      </trkpt>
      <trkpt lat="47.596584" lon="12.279434">
        <ele>1476.1</ele>
      </trkpt>
      <trkpt lat="47.59657" lon="12.279498">
        <ele>1474.0</ele>
      </trkpt>
      <trkpt lat="47.596567" lon="12.279551">
        <ele>1473.1</ele>
      </trkpt>
      <trkpt lat="47.596541" lon="12.279601">
        <ele>1471.4</ele>
      </trkpt>
      <trkpt lat="47.596526" lon="12.279679">
        <ele>1470.7</ele>
      </trkpt>
      <trkpt lat="47.596513" lon="12.279772">
        <ele>1470.3</ele>
      </trkpt>
      <trkpt lat="47.596497" lon="12.279849">
        <ele>1469.5</ele>
      </trkpt>
      <trkpt lat="47.596493" lon="12.279896">
        <ele>1469.2</ele>
      </trkpt>
      <trkpt lat="47.596492" lon="12.280007">
        <ele>1469.9</ele>
      </trkpt>
      <trkpt lat="47.596487" lon="12.280068">
        <ele>1470.3</ele>
      </trkpt>
      <trkpt lat="47.59651" lon="12.280097">
        <ele>1472.1</ele>
      </trkpt>
      <trkpt lat="47.596499" lon="12.280178">
        <ele>1471.8</ele>
      </trkpt>
      <trkpt lat="47.596479" lon="12.280277">
        <ele>1470.7</ele>
      </trkpt>
      <trkpt lat="47.596467" lon="12.280362">
        <ele>1469.7</ele>
      </trkpt>
      <trkpt lat="47.596457" lon="12.280485">
        <ele>1467.5</ele>
      </trkpt>
      <trkpt lat="47.596459" lon="12.28059">
        <ele>1465.0</ele>
      </trkpt>
      <trkpt lat="47.596458" lon="12.280632">
        <ele>1463.7</ele>
      </trkpt>
      <trkpt lat="47.596484" lon="12.28068">
        <ele>1463.9</ele>
      </trkpt>
      <trkpt lat="47.596496" lon="12.280736">
        <ele>1462.5</ele>
      </trkpt>
      <trkpt lat="47.596514" lon="12.280776">
        <ele>1461.5</ele>
      </trkpt>
      <trkpt lat="47.59656" lon="12.280826">
        <ele>1461.2</ele>
      </trkpt>
      <trkpt lat="47.596627" lon="12.280838">
        <ele>1462.2</ele>
      </trkpt>
      <trkpt lat="47.596643" lon="12.280855">
        <ele>1462.2</ele>
      </trkpt>
      <trkpt lat="47.596646" lon="12.280883">
        <ele>1461.5</ele>
      </trkpt>
      <trkpt lat="47.596634" lon="12.280987">
        <ele>1458.8</ele>
      </trkpt>
      <trkpt lat="47.596655" lon="12.281067">
        <ele>1459.5</ele>
      </trkpt>
      <trkpt lat="47.596688" lon="12.281148">
        <ele>1461.2</ele>
      </trkpt>
      <trkpt lat="47.596763" lon="12.281488">
        <ele>1459.5</ele>
      </trkpt>
      <trkpt lat="47.596784" lon="12.281572">
        <ele>1460.0</ele>
      </trkpt>
      <trkpt lat="47.596813" lon="12.281677">
        <ele>1459.9</ele>
      </trkpt>
      <trkpt lat="47.596865" lon="12.281778">
        <ele>1461.2</ele>
      </trkpt>
      <trkpt lat="47.596946" lon="12.281908">
        <ele>1464.2</ele>
      </trkpt>
      <trkpt lat="47.597002" lon="12.282034">
        <ele>1467.1</ele>
      </trkpt>
      <trkpt lat="47.597056" lon="12.282194">
        <ele>1470.4</ele>
      </trkpt>
      <trkpt lat="47.597174" lon="12.282502">
        <ele>1475.6</ele>
      </trkpt>
      <trkpt lat="47.597221" lon="12.282624">
        <ele>1479.5</ele>
      </trkpt>
      <trkpt lat="47.597266" lon="12.282733">
        <ele>1482.7</ele>
      </trkpt>
      <trkpt lat="47.597306" lon="12.28278">
        <ele>1485.5</ele>
      </trkpt>
      <trkpt lat="47.597341" lon="12.282823">
        <ele>1487.9</ele>
      </trkpt>
      <trkpt lat="47.597388" lon="12.282967">
        <ele>1490.5</ele>
      </trkpt>
      <trkpt lat="47.597414" lon="12.282997">
        <ele>1491.6</ele>
      </trkpt>
      <trkpt lat="47.597441" lon="12.283022">
        <ele>1492.8</ele>
      </trkpt>
      <trkpt lat="47.59747" lon="12.283045">
        <ele>1493.9</ele>
      </trkpt>
      <trkpt lat="47.597504" lon="12.283094">
        <ele>1494.5</ele>
      </trkpt>
      <trkpt lat="47.597523" lon="12.283156">
        <ele>1493.7</ele>
      </trkpt>
      <trkpt lat="47.597546" lon="12.283212">
        <ele>1493.6</ele>
      </trkpt>
      <trkpt lat="47.597579" lon="12.283244">
        <ele>1495.0</ele>
      </trkpt>
      <trkpt lat="47.597614" lon="12.283294">
        <ele>1496.6</ele>
      </trkpt>
      <trkpt lat="47.597642" lon="12.283366">
        <ele>1497.7</ele>
      </trkpt>
      <trkpt lat="47.597645" lon="12.283446">
        <ele>1497.3</ele>
      </trkpt>
      <trkpt lat="47.597635" lon="12.283495">
        <ele>1496.4</ele>
      </trkpt>
      <trkpt lat="47.597607" lon="12.283572">
        <ele>1494.7</ele>
      </trkpt>
      <trkpt lat="47.597598" lon="12.283625">
        <ele>1494.3</ele>
      </trkpt>
      <trkpt lat="47.597597" lon="12.283756">
        <ele>1495.2</ele>
      </trkpt>
      <trkpt lat="47.597604" lon="12.283891">
        <ele>1496.3</ele>
      </trkpt>
      <trkpt lat="47.597627" lon="12.284063">
        <ele>1496.7</ele>
      </trkpt>
      <trkpt lat="47.597653" lon="12.284128">
        <ele>1496.3</ele>
      </trkpt>
      <trkpt lat="47.597697" lon="12.284189">
        <ele>1495.7</ele>
      </trkpt>
      <trkpt lat="47.597744" lon="12.28428">
        <ele>1493.6</ele>
      </trkpt>
      <trkpt lat="47.597772" lon="12.284373">
        <ele>1492.3</ele>
      </trkpt>
      <trkpt lat="47.597799" lon="12.284461">
        <ele>1491.6</ele>
      </trkpt>
      <trkpt lat="47.597793" lon="12.284519">
        <ele>1490.4</ele>
      </trkpt>
      <trkpt lat="47.597774" lon="12.284568">
        <ele>1488.2</ele>
      </trkpt>
      <trkpt lat="47.597793" lon="12.284701">
        <ele>1486.7</ele>
      </trkpt>
      <trkpt lat="47.597819" lon="12.284814">
        <ele>1484.7</ele>
      </trkpt>
      <trkpt lat="47.597827" lon="12.284859">
        <ele>1482.9</ele>
      </trkpt>
      <trkpt lat="47.597855" lon="12.284908">
        <ele>1481.2</ele>
      </trkpt>
      <trkpt lat="47.597885" lon="12.284965">
        <ele>1478.5</ele>
      </trkpt>
      <trkpt lat="47.597925" lon="12.285004">
        <ele>1477.8</ele>
      </trkpt>
      <trkpt lat="47.597947" lon="12.285067">
        <ele>1474.1</ele>
      </trkpt>
      <trkpt lat="47.597992" lon="12.285129">
        <ele>1475.3</ele>
      </trkpt>
      <trkpt lat="47.59805" lon="12.285252">
        <ele>1469.5</ele>
      </trkpt>
      <trkpt lat="47.598079" lon="12.285283">
        <ele>1471.1</ele>
      </trkpt>
      <trkpt lat="47.598101" lon="12.285339">
        <ele>1468.2</ele>
      </trkpt>
      <trkpt lat="47.598184" lon="12.285484">
        <ele>1470.4</ele>
      </trkpt>
      <trkpt lat="47.598275" lon="12.285616">
        <ele>1475.4</ele>
      </trkpt>
      <trkpt lat="47.598319" lon="12.285651">
        <ele>1478.2</ele>
      </trkpt>
      <trkpt lat="47.598361" lon="12.285753">
        <ele>1479.6</ele>
      </trkpt>
      <trkpt lat="47.598375" lon="12.285847">
        <ele>1480.7</ele>
      </trkpt>
      <trkpt lat="47.598382" lon="12.285898">
        <ele>1481.0</ele>
      </trkpt>
      <trkpt lat="47.598416" lon="12.285929">
        <ele>1482.5</ele>
      </trkpt>
      <trkpt lat="47.598455" lon="12.285971">
        <ele>1483.6</ele>
      </trkpt>
      <trkpt lat="47.598497" lon="12.286006">
        <ele>1485.1</ele>
      </trkpt>
      <trkpt lat="47.598543" lon="12.286071">
        <ele>1486.9</ele>
      </trkpt>
      <trkpt lat="47.598556" lon="12.286134">
        <ele>1487.2</ele>
      </trkpt>
      <trkpt lat="47.598558" lon="12.286205">
        <ele>1487.2</ele>
      </trkpt>
      <trkpt lat="47.598554" lon="12.286271">
        <ele>1487.1</ele>
      </trkpt>
      <trkpt lat="47.598557" lon="12.286351">
        <ele>1487.3</ele>
      </trkpt>
      <trkpt lat="47.598578" lon="12.286409">
        <ele>1488.7</ele>
      </trkpt>
      <trkpt lat="47.598601" lon="12.286465">
        <ele>1490.0</ele>
      </trkpt>
      <trkpt lat="47.59865" lon="12.286522">
        <ele>1493.8</ele>
      </trkpt>
      <trkpt lat="47.598685" lon="12.286575">
        <ele>1496.8</ele>
      </trkpt>
      <trkpt lat="47.598719" lon="12.286621">
        <ele>1499.1</ele>
      </trkpt>
      <trkpt lat="47.598743" lon="12.286703">
        <ele>1499.8</ele>
      </trkpt>
      <trkpt lat="47.598746" lon="12.286788">
        <ele>1501.0</ele>
      </trkpt>
      <trkpt lat="47.598745" lon="12.28686">
        <ele>1503.1</ele>
      </trkpt>
      <trkpt lat="47.598759" lon="12.286861">
        <ele>1503.8</ele>
      </trkpt>
      <trkpt lat="47.598797" lon="12.286826">
        <ele>1504.7</ele>
      </trkpt>
      <trkpt lat="47.598844" lon="12.286786">
        <ele>1507.7</ele>
      </trkpt>
      <trkpt lat="47.598865" lon="12.286824">
        <ele>1509.4</ele>
      </trkpt>
      <trkpt lat="47.59888" lon="12.286905">
        <ele>1512.0</ele>
      </trkpt>
      <trkpt lat="47.598899" lon="12.286965">
        <ele>1514.9</ele>
      </trkpt>
      <trkpt lat="47.598884" lon="12.287023">
        <ele>1515.5</ele>
      </trkpt>
      <trkpt lat="47.598892" lon="12.287053">
        <ele>1517.0</ele>
      </trkpt>
      <trkpt lat="47.598879" lon="12.287094">
        <ele>1517.7</ele>
      </trkpt>
      <trkpt lat="47.598914" lon="12.287127">
        <ele>1520.5</ele>
      </trkpt>
      <trkpt lat="47.598927" lon="12.287152">
        <ele>1521.9</ele>
      </trkpt>
      <trkpt lat="47.598899" lon="12.287203">
        <ele>1522.1</ele>
      </trkpt>
      <trkpt lat="47.598906" lon="12.287364">
        <ele>1526.5</ele>
      </trkpt>
      <trkpt lat="47.598923" lon="12.287551">
        <ele>1530.7</ele>
      </trkpt>
      <trkpt lat="47.598918" lon="12.287643">
        <ele>1531.8</ele>
      </trkpt>
      <trkpt lat="47.59891" lon="12.287698">
        <ele>1532.1</ele>
      </trkpt>
      <trkpt lat="47.598888" lon="12.287818">
        <ele>1532.2</ele>
      </trkpt>
      <trkpt lat="47.598883" lon="12.287951">
        <ele>1531.4</ele>
      </trkpt>
      <trkpt lat="47.598881" lon="12.288017">
        <ele>1529.7</ele>
      </trkpt>
      <trkpt lat="47.598904" lon="12.288078">
        <ele>1528.6</ele>
      </trkpt>
      <trkpt lat="47.598927" lon="12.28813">
        <ele>1527.6</ele>
      </trkpt>
      <trkpt lat="47.598951" lon="12.288235">
        <ele>1524.7</ele>
      </trkpt>
      <trkpt lat="47.598997" lon="12.288372">
        <ele>1523.4</ele>
      </trkpt>
      <trkpt lat="47.599023" lon="12.288428">
        <ele>1524.3</ele>
      </trkpt>
      <trkpt lat="47.599031" lon="12.288467">
        <ele>1524.3</ele>
      </trkpt>
      <trkpt lat="47.599061" lon="12.28853">
        <ele>1525.6</ele>
      </trkpt>
      <trkpt lat="47.599101" lon="12.288584">
        <ele>1526.7</ele>
      </trkpt>
      <trkpt lat="47.599117" lon="12.288623">
        <ele>1525.9</ele>
      </trkpt>
      <trkpt lat="47.599149" lon="12.288666">
        <ele>1525.7</ele>
      </trkpt>
      <trkpt lat="47.599172" lon="12.28873">
        <ele>1524.1</ele>
      </trkpt>
      <trkpt lat="47.599207" lon="12.288767">
        <ele>1524.1</ele>
      </trkpt>
      <trkpt lat="47.59923" lon="12.288772">
        <ele>1525.2</ele>
      </trkpt>
      <trkpt lat="47.599247" lon="12.288792">
        <ele>1525.4</ele>
      </trkpt>
      <trkpt lat="47.599272" lon="12.288808">
        <ele>1526.5</ele>
      </trkpt>
      <trkpt lat="47.599293" lon="12.288853">
        <ele>1526.9</ele>
      </trkpt>
      <trkpt lat="47.599296" lon="12.288904">
        <ele>1526.0</ele>
      </trkpt>
      <trkpt lat="47.599296" lon="12.28894">
        <ele>1525.4</ele>
      </trkpt>
      <trkpt lat="47.599302" lon="12.288959">
        <ele>1525.5</ele>
      </trkpt>
      <trkpt lat="47.599327" lon="12.288979">
        <ele>1527.3</ele>
      </trkpt>
      <trkpt lat="47.599338" lon="12.288992">
        <ele>1528.1</ele>
      </trkpt>
      <trkpt lat="47.599364" lon="12.289019">
        <ele>1530.1</ele>
      </trkpt>
      <trkpt lat="47.599378" lon="12.289054">
        <ele>1530.8</ele>
      </trkpt>
      <trkpt lat="47.599395" lon="12.28907">
        <ele>1532.2</ele>
      </trkpt>
      <trkpt lat="47.599415" lon="12.289129">
        <ele>1532.3</ele>
      </trkpt>
      <trkpt lat="47.59943" lon="12.289138">
        <ele>1533.1</ele>
      </trkpt>
      <trkpt lat="47.599469" lon="12.289183">
        <ele>1534.5</ele>
      </trkpt>
      <trkpt lat="47.599486" lon="12.289228">
        <ele>1534.7</ele>
      </trkpt>
      <trkpt lat="47.599489" lon="12.289253">
        <ele>1534.5</ele>
      </trkpt>
      <trkpt lat="47.599523" lon="12.289302">
        <ele>1537.4</ele>
      </trkpt>
      <trkpt lat="47.599544" lon="12.289349">
        <ele>1539.6</ele>
      </trkpt>
      <trkpt lat="47.599553" lon="12.289408">
        <ele>1540.5</ele>
      </trkpt>
      <trkpt lat="47.599574" lon="12.289496">
        <ele>1542.4</ele>
      </trkpt>
      <trkpt lat="47.599598" lon="12.289576">
        <ele>1544.5</ele>
      </trkpt>
      <trkpt lat="47.599665" lon="12.289687">
        <ele>1550.0</ele>
      </trkpt>
      <trkpt lat="47.59968" lon="12.289715">
        <ele>1551.1</ele>
      </trkpt>
      <trkpt lat="47.599678" lon="12.289732">
        <ele>1551.0</ele>
      </trkpt>
      <trkpt lat="47.599691" lon="12.289762">
        <ele>1552.3</ele>
      </trkpt>
      <trkpt lat="47.599685" lon="12.289795">
        <ele>1552.4</ele>
      </trkpt>
      <trkpt lat="47.599684" lon="12.289821">
        <ele>1552.7</ele>
      </trkpt>
      <trkpt lat="47.59969" lon="12.289839">
        <ele>1553.4</ele>
      </trkpt>
      <trkpt lat="47.599705" lon="12.289849">
        <ele>1554.7</ele>
      </trkpt>
      <trkpt lat="47.599735" lon="12.289856">
        <ele>1557.0</ele>
      </trkpt>
      <trkpt lat="47.599728" lon="12.289876">
        <ele>1556.7</ele>
      </trkpt>
      <trkpt lat="47.599722" lon="12.289909">
        <ele>1557.0</ele>
      </trkpt>
      <trkpt lat="47.599725" lon="12.289948">
        <ele>1558.0</ele>
      </trkpt>
      <trkpt lat="47.59973" lon="12.289993">
        <ele>1559.2</ele>
      </trkpt>
      <trkpt lat="47.599722" lon="12.290085">
        <ele>1559.9</ele>
      </trkpt>
      <trkpt lat="47.59972" lon="12.290193">
        <ele>1560.2</ele>
      </trkpt>
      <trkpt lat="47.599721" lon="12.290319">
        <ele>1559.8</ele>
      </trkpt>
      <trkpt lat="47.599733" lon="12.290403">
        <ele>1560.1</ele>
      </trkpt>
      <trkpt lat="47.599735" lon="12.290535">
        <ele>1557.6</ele>
      </trkpt>
      <trkpt lat="47.599744" lon="12.290613">
        <ele>1556.7</ele>
      </trkpt>
      <trkpt lat="47.599794" lon="12.290796">
        <ele>1555.9</ele>
      </trkpt>
      <trkpt lat="47.599814" lon="12.29088">
        <ele>1556.1</ele>
      </trkpt>
      <trkpt lat="47.59981" lon="12.290922">
        <ele>1555.7</ele>
      </trkpt>
      <trkpt lat="47.599781" lon="12.290961">
        <ele>1554.1</ele>
      </trkpt>
      <trkpt lat="47.599755" lon="12.291048">
        <ele>1554.0</ele>
      </trkpt>
      <trkpt lat="47.599751" lon="12.291079">
        <ele>1554.4</ele>
      </trkpt>
      <trkpt lat="47.599738" lon="12.291111">
        <ele>1554.4</ele>
      </trkpt>
      <trkpt lat="47.599668" lon="12.291242">
        <ele>1553.8</ele>
      </trkpt>
      <trkpt lat="47.599648" lon="12.291313">
        <ele>1553.4</ele>
      </trkpt>
      <trkpt lat="47.599619" lon="12.291348">
        <ele>1551.1</ele>
      </trkpt>
      <trkpt lat="47.599613" lon="12.291385">
        <ele>1550.2</ele>
      </trkpt>
      <trkpt lat="47.599617" lon="12.291421">
        <ele>1549.8</ele>
      </trkpt>
      <trkpt lat="47.599626" lon="12.291479">
        <ele>1549.2</ele>
      </trkpt>
      <trkpt lat="47.599633" lon="12.291494">
        <ele>1549.3</ele>
      </trkpt>
      <trkpt lat="47.599646" lon="12.291522">
        <ele>1549.4</ele>
      </trkpt>
      <trkpt lat="47.599652" lon="12.291552">
        <ele>1548.8</ele>
      </trkpt>
      <trkpt lat="47.59966" lon="12.291583">
        <ele>1548.5</ele>
      </trkpt>
      <trkpt lat="47.59967" lon="12.291611">
        <ele>1548.6</ele>
      </trkpt>
      <trkpt lat="47.599675" lon="12.291664">
        <ele>1547.9</ele>
      </trkpt>
      <trkpt lat="47.599679" lon="12.291716">
        <ele>1547.6</ele>
      </trkpt>
      <trkpt lat="47.599681" lon="12.291755">
        <ele>1547.3</ele>
      </trkpt>
      <trkpt lat="47.599684" lon="12.291797">
        <ele>1547.2</ele>
      </trkpt>
      <trkpt lat="47.599669" lon="12.291819">
        <ele>1546.4</ele>
      </trkpt>
      <trkpt lat="47.599653" lon="12.291832">
        <ele>1545.6</ele>
      </trkpt>
      <trkpt lat="47.599636" lon="12.291858">
        <ele>1545.4</ele>
      </trkpt>
      <trkpt lat="47.599615" lon="12.291896">
        <ele>1545.9</ele>
      </trkpt>
      <trkpt lat="47.599579" lon="12.291924">
        <ele>1545.7</ele>
      </trkpt>
      <trkpt lat="47.599551" lon="12.291947">
        <ele>1545.5</ele>
      </trkpt>
      <trkpt lat="47.599539" lon="12.29198">
        <ele>1546.4</ele>
      </trkpt>
      <trkpt lat="47.599519" lon="12.292067">
        <ele>1547.6</ele>
      </trkpt>
      <trkpt lat="47.599507" lon="12.292115">
        <ele>1548.0</ele>
      </trkpt>
      <trkpt lat="47.599505" lon="12.292185">
        <ele>1549.6</ele>
      </trkpt>
      <trkpt lat="47.599494" lon="12.292205">
        <ele>1549.4</ele>
      </trkpt>
      <trkpt lat="47.599462" lon="12.292237">
        <ele>1548.1</ele>
      </trkpt>
      <trkpt lat="47.599461" lon="12.292315">
        <ele>1549.0</ele>
      </trkpt>
      <trkpt lat="47.599456" lon="12.292372">
        <ele>1549.0</ele>
      </trkpt>
      <trkpt lat="47.599443" lon="12.292412">
        <ele>1548.4</ele>
      </trkpt>
      <trkpt lat="47.599443" lon="12.292463">
        <ele>1548.5</ele>
      </trkpt>
      <trkpt lat="47.599437" lon="12.292485">
        <ele>1548.2</ele>
      </trkpt>
      <trkpt lat="47.599418" lon="12.292617">
        <ele>1547.3</ele>
      </trkpt>
      <trkpt lat="47.599403" lon="12.292652">
        <ele>1546.4</ele>
      </trkpt>
      <trkpt lat="47.599402" lon="12.292686">
        <ele>1546.3</ele>
      </trkpt>
      <trkpt lat="47.599399" lon="12.292705">
        <ele>1546.1</ele>
      </trkpt>
      <trkpt lat="47.599353" lon="12.292782">
        <ele>1542.9</ele>
      </trkpt>
      <trkpt lat="47.599359" lon="12.292833">
        <ele>1542.8</ele>
      </trkpt>
      <trkpt lat="47.599349" lon="12.292896">
        <ele>1541.5</ele>
      </trkpt>
      <trkpt lat="47.599336" lon="12.292926">
        <ele>1540.4</ele>
      </trkpt>
      <trkpt lat="47.599335" lon="12.292955">
        <ele>1540.0</ele>
      </trkpt>
      <trkpt lat="47.599307" lon="12.293016">
        <ele>1537.7</ele>
      </trkpt>
      <trkpt lat="47.599301" lon="12.29308">
        <ele>1536.4</ele>
      </trkpt>
      <trkpt lat="47.5993" lon="12.293167">
        <ele>1534.9</ele>
      </trkpt>
      <trkpt lat="47.599277" lon="12.29323">
        <ele>1532.3</ele>
      </trkpt>
      <trkpt lat="47.599284" lon="12.293244">
        <ele>1532.4</ele>
      </trkpt>
      <trkpt lat="47.599293" lon="12.293262">
        <ele>1532.6</ele>
      </trkpt>
      <trkpt lat="47.599287" lon="12.293277">
        <ele>1531.9</ele>
      </trkpt>
      <trkpt lat="47.599264" lon="12.293307">
        <ele>1529.9</ele>
      </trkpt>
      <trkpt lat="47.599255" lon="12.293346">
        <ele>1528.5</ele>
      </trkpt>
      <trkpt lat="47.599259" lon="12.293408">
        <ele>1527.5</ele>
      </trkpt>
      <trkpt lat="47.599259" lon="12.293424">
        <ele>1527.2</ele>
      </trkpt>
      <trkpt lat="47.59925" lon="12.293441">
        <ele>1526.3</ele>
      </trkpt>
      <trkpt lat="47.599248" lon="12.293479">
        <ele>1525.4</ele>
      </trkpt>
      <trkpt lat="47.599241" lon="12.29352">
        <ele>1524.2</ele>
      </trkpt>
      <trkpt lat="47.599246" lon="12.293547">
        <ele>1524.0</ele>
      </trkpt>
      <trkpt lat="47.599274" lon="12.293632">
        <ele>1523.4</ele>
      </trkpt>
      <trkpt lat="47.599296" lon="12.293661">
        <ele>1523.5</ele>
      </trkpt>
      <trkpt lat="47.599301" lon="12.293685">
        <ele>1522.9</ele>
      </trkpt>
      <trkpt lat="47.599318" lon="12.2937">
        <ele>1523.3</ele>
      </trkpt>
      <trkpt lat="47.599322" lon="12.293761">
        <ele>1522.1</ele>
      </trkpt>
      <trkpt lat="47.599276" lon="12.29387">
        <ele>1517.9</ele>
      </trkpt>
      <trkpt lat="47.599233" lon="12.294015">
        <ele>1514.8</ele>
      </trkpt>
      <trkpt lat="47.599208" lon="12.294074">
        <ele>1513.2</ele>
      </trkpt>
      <trkpt lat="47.599179" lon="12.294116">
        <ele>1511.4</ele>
      </trkpt>
      <trkpt lat="47.59917" lon="12.294186">
        <ele>1510.5</ele>
      </trkpt>
      <trkpt lat="47.599156" lon="12.294206">
        <ele>1509.5</ele>
      </trkpt>
      <trkpt lat="47.599135" lon="12.29423">
        <ele>1508.2</ele>
      </trkpt>
      <trkpt lat="47.599109" lon="12.294269">
        <ele>1506.7</ele>
      </trkpt>
      <trkpt lat="47.59909" lon="12.294318">
        <ele>1506.1</ele>
      </trkpt>
      <trkpt lat="47.59905" lon="12.294328">
        <ele>1503.9</ele>
      </trkpt>
      <trkpt lat="47.599011" lon="12.29437">
        <ele>1502.1</ele>
      </trkpt>
      <trkpt lat="47.598964" lon="12.294466">
        <ele>1500.3</ele>
      </trkpt>
      <trkpt lat="47.598911" lon="12.294581">
        <ele>1498.2</ele>
      </trkpt>
      <trkpt lat="47.598899" lon="12.294659">
        <ele>1498.4</ele>
      </trkpt>
      <trkpt lat="47.598907" lon="12.294705">
        <ele>1499.3</ele>
      </trkpt>
      <trkpt lat="47.598897" lon="12.294776">
        <ele>1499.4</ele>
      </trkpt>
      <trkpt lat="47.598845" lon="12.294963">
        <ele>1496.6</ele>
      </trkpt>
      <trkpt lat="47.598824" lon="12.295088">
        <ele>1495.5</ele>
      </trkpt>
      <trkpt lat="47.59882" lon="12.295185">
        <ele>1495.6</ele>
      </trkpt>
      <trkpt lat="47.598803" lon="12.295303">
        <ele>1494.3</ele>
      </trkpt>
      <trkpt lat="47.598806" lon="12.295438">
        <ele>1493.6</ele>
      </trkpt>
      <trkpt lat="47.598806" lon="12.295514">
        <ele>1493.0</ele>
      </trkpt>
      <trkpt lat="47.598801" lon="12.295558">
        <ele>1492.3</ele>
      </trkpt>
      <trkpt lat="47.598766" lon="12.29559">
        <ele>1489.9</ele>
      </trkpt>
      <trkpt lat="47.598756" lon="12.295603">
        <ele>1489.2</ele>
      </trkpt>
      <trkpt lat="47.598736" lon="12.295716">
        <ele>1487.5</ele>
      </trkpt>
      <trkpt lat="47.598718" lon="12.29587">
        <ele>1486.4</ele>
      </trkpt>
      <trkpt lat="47.598717" lon="12.295963">
        <ele>1486.3</ele>
      </trkpt>
      <trkpt lat="47.598711" lon="12.296034">
        <ele>1485.9</ele>
      </trkpt>
      <trkpt lat="47.598691" lon="12.296114">
        <ele>1484.7</ele>
      </trkpt>
      <trkpt lat="47.598682" lon="12.296161">
        <ele>1484.2</ele>
      </trkpt>
      <trkpt lat="47.59867" lon="12.296214">
        <ele>1483.5</ele>
      </trkpt>
      <trkpt lat="47.598656" lon="12.296319">
        <ele>1482.9</ele>
      </trkpt>
      <trkpt lat="47.598663" lon="12.296413">
        <ele>1483.5</ele>
      </trkpt>
      <trkpt lat="47.598649" lon="12.296502">
        <ele>1483.0</ele>
      </trkpt>
      <trkpt lat="47.598636" lon="12.296544">
        <ele>1482.3</ele>
      </trkpt>
      <trkpt lat="47.598616" lon="12.296601">
        <ele>1481.1</ele>
      </trkpt>
      <trkpt lat="47.598597" lon="12.296656">
        <ele>1480.0</ele>
      </trkpt>
      <trkpt lat="47.598597" lon="12.296694">
        <ele>1480.0</ele>
      </trkpt>
      <trkpt lat="47.598582" lon="12.296728">
        <ele>1479.1</ele>
      </trkpt>
      <trkpt lat="47.598578" lon="12.29676">
        <ele>1478.8</ele>
      </trkpt>
      <trkpt lat="47.598579" lon="12.296813">
        <ele>1478.7</ele>
      </trkpt>
      <trkpt lat="47.598576" lon="12.296878">
        <ele>1478.3</ele>
      </trkpt>
      <trkpt lat="47.59859" lon="12.296995">
        <ele>1478.2</ele>
      </trkpt>
      <trkpt lat="47.59859" lon="12.297068">
        <ele>1477.6</ele>
      </trkpt>
      <trkpt lat="47.598598" lon="12.29711">
        <ele>1477.6</ele>
      </trkpt>
      <trkpt lat="47.598604" lon="12.297134">
        <ele>1477.6</ele>
      </trkpt>
      <trkpt lat="47.598581" lon="12.297234">
        <ele>1475.2</ele>
      </trkpt>
      <trkpt lat="47.598582" lon="12.297293">
        <ele>1474.4</ele>
      </trkpt>
      <trkpt lat="47.598591" lon="12.297351">
        <ele>1474.0</ele>
      </trkpt>
      <trkpt lat="47.598601" lon="12.297399">
        <ele>1473.7</ele>
      </trkpt>
      <trkpt lat="47.598599" lon="12.297445">
        <ele>1472.7</ele>
      </trkpt>
      <trkpt lat="47.598597" lon="12.297474">
        <ele>1472.0</ele>
      </trkpt>
      <trkpt lat="47.598602" lon="12.297582">
        <ele>1470.2</ele>
      </trkpt>
      <trkpt lat="47.598621" lon="12.297653">
        <ele>1469.8</ele>
      </trkpt>
      <trkpt lat="47.598654" lon="12.297725">
        <ele>1470.1</ele>
      </trkpt>
      <trkpt lat="47.598677" lon="12.2978">
        <ele>1470.0</ele>
      </trkpt>
      <trkpt lat="47.598687" lon="12.297844">
        <ele>1469.7</ele>
      </trkpt>
      <trkpt lat="47.598712" lon="12.297902">
        <ele>1469.9</ele>
      </trkpt>
      <trkpt lat="47.598735" lon="12.297991">
        <ele>1469.0</ele>
      </trkpt>
      <trkpt lat="47.598786" lon="12.298173">
        <ele>1467.0</ele>
      </trkpt>
      <trkpt lat="47.598843" lon="12.298334">
        <ele>1465.1</ele>
      </trkpt>
      <trkpt lat="47.598884" lon="12.29848">
        <ele>1462.7</ele>
      </trkpt>
      <trkpt lat="47.59889" lon="12.298538">
        <ele>1461.4</ele>
      </trkpt>
      <trkpt lat="47.598893" lon="12.298592">
        <ele>1460.3</ele>
      </trkpt>
      <trkpt lat="47.598884" lon="12.29863">
        <ele>1459.1</ele>
      </trkpt>
      <trkpt lat="47.598889" lon="12.298669">
        <ele>1458.4</ele>
      </trkpt>
      <trkpt lat="47.598905" lon="12.298735">
        <ele>1457.3</ele>
      </trkpt>
      <trkpt lat="47.598899" lon="12.298801">
        <ele>1455.3</ele>
      </trkpt>
      <trkpt lat="47.598909" lon="12.298833">
        <ele>1454.9</ele>
      </trkpt>
      <trkpt lat="47.598915" lon="12.298861">
        <ele>1454.4</ele>
      </trkpt>
      <trkpt lat="47.598926" lon="12.298874">
        <ele>1454.6</ele>
      </trkpt>
      <trkpt lat="47.598934" lon="12.298897">
        <ele>1454.3</ele>
      </trkpt>
      <trkpt lat="47.598929" lon="12.298921">
        <ele>1453.5</ele>
      </trkpt>
      <trkpt lat="47.598919" lon="12.298953">
        <ele>1452.5</ele>
      </trkpt>
      <trkpt lat="47.598898" lon="12.29898">
        <ele>1451.3</ele>
      </trkpt>
      <trkpt lat="47.598884" lon="12.298983">
        <ele>1450.7</ele>
      </trkpt>
      <trkpt lat="47.598874" lon="12.298971">
        <ele>1450.5</ele>
      </trkpt>
      <trkpt lat="47.598865" lon="12.29897">
        <ele>1450.1</ele>
      </trkpt>
      <trkpt lat="47.598853" lon="12.298981">
        <ele>1449.5</ele>
      </trkpt>
      <trkpt lat="47.598845" lon="12.29898">
        <ele>1449.2</ele>
      </trkpt>
      <trkpt lat="47.598834" lon="12.298968">
        <ele>1448.8</ele>
      </trkpt>
      <trkpt lat="47.598825" lon="12.29898">
        <ele>1448.3</ele>
      </trkpt>
      <trkpt lat="47.598803" lon="12.299029">
        <ele>1446.9</ele>
      </trkpt>
      <trkpt lat="47.598798" lon="12.299098">
        <ele>1445.1</ele>
      </trkpt>
      <trkpt lat="47.598808" lon="12.299123">
        <ele>1444.6</ele>
      </trkpt>
      <trkpt lat="47.59883" lon="12.299201">
        <ele>1443.4</ele>
      </trkpt>
      <trkpt lat="47.598824" lon="12.299265">
        <ele>1442.9</ele>
      </trkpt>
      <trkpt lat="47.598786" lon="12.299291">
        <ele>1441.3</ele>
      </trkpt>
      <trkpt lat="47.598768" lon="12.299319">
        <ele>1440.5</ele>
      </trkpt>
      <trkpt lat="47.598739" lon="12.299398">
        <ele>1440.0</ele>
      </trkpt>
      <trkpt lat="47.598734" lon="12.299435">
        <ele>1440.0</ele>
      </trkpt>
      <trkpt lat="47.59875" lon="12.299466">
        <ele>1440.4</ele>
      </trkpt>
      <trkpt lat="47.59878" lon="12.299527">
        <ele>1440.1</ele>
      </trkpt>
      <trkpt lat="47.598804" lon="12.299572">
        <ele>1439.9</ele>
      </trkpt>
      <trkpt lat="47.598811" lon="12.299609">
        <ele>1439.8</ele>
      </trkpt>
      <trkpt lat="47.598791" lon="12.299667">
        <ele>1439.4</ele>
      </trkpt>
      <trkpt lat="47.59876" lon="12.299698">
        <ele>1438.7</ele>
      </trkpt>
      <trkpt lat="47.598736" lon="12.299715">
        <ele>1438.2</ele>
      </trkpt>
      <trkpt lat="47.598724" lon="12.299739">
        <ele>1438.1</ele>
      </trkpt>
      <trkpt lat="47.598718" lon="12.299786">
        <ele>1438.3</ele>
      </trkpt>
      <trkpt lat="47.598693" lon="12.299812">
        <ele>1437.5</ele>
      </trkpt>
      <trkpt lat="47.598667" lon="12.299838">
        <ele>1436.6</ele>
      </trkpt>
      <trkpt lat="47.598641" lon="12.299855">
        <ele>1435.5</ele>
      </trkpt>
      <trkpt lat="47.59861" lon="12.299887">
        <ele>1434.2</ele>
      </trkpt>
      <trkpt lat="47.598589" lon="12.299944">
        <ele>1432.9</ele>
      </trkpt>
      <trkpt lat="47.59858" lon="12.299989">
        <ele>1432.1</ele>
      </trkpt>
      <trkpt lat="47.598582" lon="12.300021">
        <ele>1431.6</ele>
      </trkpt>
      <trkpt lat="47.598596" lon="12.300063">
        <ele>1431.2</ele>
      </trkpt>
      <trkpt lat="47.598604" lon="12.300094">
        <ele>1430.9</ele>
      </trkpt>
      <trkpt lat="47.598601" lon="12.30014">
        <ele>1430.1</ele>
      </trkpt>
      <trkpt lat="47.598588" lon="12.300155">
        <ele>1429.5</ele>
      </trkpt>
      <trkpt lat="47.598565" lon="12.30017">
        <ele>1428.6</ele>
      </trkpt>
      <trkpt lat="47.598542" lon="12.300196">
        <ele>1427.6</ele>
      </trkpt>
      <trkpt lat="47.598513" lon="12.300221">
        <ele>1426.3</ele>
      </trkpt>
      <trkpt lat="47.598503" lon="12.300252">
        <ele>1425.5</ele>
      </trkpt>
      <trkpt lat="47.598509" lon="12.300284">
        <ele>1425.1</ele>
      </trkpt>
      <trkpt lat="47.598514" lon="12.300308">
        <ele>1424.9</ele>
      </trkpt>
      <trkpt lat="47.598502" lon="12.300336">
        <ele>1423.9</ele>
      </trkpt>
      <trkpt lat="47.598501" lon="12.300358">
        <ele>1423.5</ele>
      </trkpt>
      <trkpt lat="47.598509" lon="12.300383">
        <ele>1423.4</ele>
      </trkpt>
      <trkpt lat="47.598525" lon="12.300396">
        <ele>1423.7</ele>
      </trkpt>
      <trkpt lat="47.598531" lon="12.300415">
        <ele>1423.7</ele>
      </trkpt>
      <trkpt lat="47.59853" lon="12.30044">
        <ele>1423.3</ele>
      </trkpt>
      <trkpt lat="47.598522" lon="12.30046">
        <ele>1422.9</ele>
      </trkpt>
      <trkpt lat="47.598496" lon="12.300463">
        <ele>1422.1</ele>
      </trkpt>
      <trkpt lat="47.598473" lon="12.300469">
        <ele>1421.4</ele>
      </trkpt>
      <trkpt lat="47.598444" lon="12.30048">
        <ele>1420.5</ele>
      </trkpt>
      <trkpt lat="47.598418" lon="12.300517">
        <ele>1419.5</ele>
      </trkpt>
      <trkpt lat="47.598367" lon="12.300565">
        <ele>1418.1</ele>
      </trkpt>
      <trkpt lat="47.598327" lon="12.300603">
        <ele>1417.8</ele>
      </trkpt>
      <trkpt lat="47.598318" lon="12.300627">
        <ele>1418.1</ele>
      </trkpt>
      <trkpt lat="47.598305" lon="12.300659">
        <ele>1418.3</ele>
      </trkpt>
      <trkpt lat="47.598257" lon="12.3008">
        <ele>1417.2</ele>
      </trkpt>
      <trkpt lat="47.598187" lon="12.300885">
        <ele>1415.4</ele>
      </trkpt>
      <trkpt lat="47.598148" lon="12.300886">
        <ele>1414.5</ele>
      </trkpt>
      <trkpt lat="47.598086" lon="12.300911">
        <ele>1413.4</ele>
      </trkpt>
      <trkpt lat="47.598052" lon="12.300978">
        <ele>1412.7</ele>
      </trkpt>
      <trkpt lat="47.598041" lon="12.301091">
        <ele>1412.0</ele>
      </trkpt>
      <trkpt lat="47.598032" lon="12.301166">
        <ele>1411.0</ele>
      </trkpt>
      <trkpt lat="47.598034" lon="12.301204">
        <ele>1410.7</ele>
      </trkpt>
      <trkpt lat="47.598036" lon="12.301228">
        <ele>1410.6</ele>
      </trkpt>
      <trkpt lat="47.598036" lon="12.301267">
        <ele>1410.2</ele>
      </trkpt>
      <trkpt lat="47.598038" lon="12.301295">
        <ele>1410.0</ele>
      </trkpt>
      <trkpt lat="47.598046" lon="12.301331">
        <ele>1409.9</ele>
      </trkpt>
      <trkpt lat="47.598047" lon="12.301354">
        <ele>1409.7</ele>
      </trkpt>
      <trkpt lat="47.598054" lon="12.301376">
        <ele>1409.8</ele>
      </trkpt>
      <trkpt lat="47.598056" lon="12.30141">
        <ele>1409.5</ele>
      </trkpt>
      <trkpt lat="47.598056" lon="12.301432">
        <ele>1409.3</ele>
      </trkpt>
      <trkpt lat="47.598059" lon="12.301471">
        <ele>1409.1</ele>
      </trkpt>
      <trkpt lat="47.598063" lon="12.301504">
        <ele>1408.9</ele>
      </trkpt>
      <trkpt lat="47.598069" lon="12.301524">
        <ele>1408.9</ele>
      </trkpt>
      <trkpt lat="47.598077" lon="12.301541">
        <ele>1409.0</ele>
      </trkpt>
      <trkpt lat="47.598083" lon="12.301561">
        <ele>1409.0</ele>
      </trkpt>
      <trkpt lat="47.598088" lon="12.301597">
        <ele>1408.8</ele>
      </trkpt>
      <trkpt lat="47.59809" lon="12.30161">
        <ele>1408.7</ele>
      </trkpt>
      <trkpt lat="47.598092" lon="12.30163">
        <ele>1408.6</ele>
      </trkpt>
      <trkpt lat="47.598088" lon="12.301649">
        <ele>1408.2</ele>
      </trkpt>
      <trkpt lat="47.59808" lon="12.301715">
        <ele>1407.4</ele>
      </trkpt>
      <trkpt lat="47.598068" lon="12.301783">
        <ele>1406.8</ele>
      </trkpt>
      <trkpt lat="47.598051" lon="12.301836">
        <ele>1406.1</ele>
      </trkpt>
      <trkpt lat="47.598027" lon="12.301862">
        <ele>1405.4</ele>
      </trkpt>
      <trkpt lat="47.598001" lon="12.301876">
        <ele>1404.7</ele>
      </trkpt>
      <trkpt lat="47.597899" lon="12.301894">
        <ele>1402.9</ele>
      </trkpt>
      <trkpt lat="47.597804" lon="12.301911">
        <ele>1401.5</ele>
      </trkpt>
      <trkpt lat="47.597756" lon="12.301929">
        <ele>1400.8</ele>
      </trkpt>
      <trkpt lat="47.597682" lon="12.301956">
        <ele>1399.9</ele>
      </trkpt>
      <trkpt lat="47.597593" lon="12.301979">
        <ele>1398.6</ele>
      </trkpt>
      <trkpt lat="47.597529" lon="12.301993">
        <ele>1397.4</ele>
      </trkpt>
      <trkpt lat="47.597466" lon="12.302002">
        <ele>1396.3</ele>
      </trkpt>
      <trkpt lat="47.597415" lon="12.302007">
        <ele>1395.9</ele>
      </trkpt>
      <trkpt lat="47.597371" lon="12.302003">
        <ele>1395.7</ele>
      </trkpt>
      <trkpt lat="47.597327" lon="12.301987">
        <ele>1395.9</ele>
      </trkpt>
      <trkpt lat="47.597298" lon="12.301967">
        <ele>1396.1</ele>
      </trkpt>
      <trkpt lat="47.597233" lon="12.301913">
        <ele>1396.9</ele>
      </trkpt>
      <trkpt lat="47.597181" lon="12.301878">
        <ele>1397.8</ele>
      </trkpt>
      <trkpt lat="47.597143" lon="12.301864">
        <ele>1398.4</ele>
      </trkpt>
      <trkpt lat="47.597104" lon="12.301858">
        <ele>1399.1</ele>
      </trkpt>
      <trkpt lat="47.597048" lon="12.301868">
        <ele>1400.0</ele>
      </trkpt>
      <trkpt lat="47.597006" lon="12.301883">
        <ele>1400.6</ele>
      </trkpt>
      <trkpt lat="47.596951" lon="12.301907">
        <ele>1401.3</ele>
      </trkpt>
      <trkpt lat="47.596891" lon="12.301926">
        <ele>1401.8</ele>
      </trkpt>
      <trkpt lat="47.596844" lon="12.301948">
        <ele>1402.1</ele>
      </trkpt>
      <trkpt lat="47.596814" lon="12.301959">
        <ele>1402.2</ele>
      </trkpt>
      <trkpt lat="47.596763" lon="12.301964">
        <ele>1402.2</ele>
      </trkpt>
      <trkpt lat="47.596732" lon="12.301961">
        <ele>1402.3</ele>
      </trkpt>
      <trkpt lat="47.596706" lon="12.301915">
        <ele>1402.4</ele>
      </trkpt>
      <trkpt lat="47.596671" lon="12.30186">
        <ele>1402.5</ele>
      </trkpt>
      <trkpt lat="47.59664" lon="12.301794">
        <ele>1402.7</ele>
      </trkpt>
      <trkpt lat="47.59656" lon="12.301672">
        <ele>1403.3</ele>
      </trkpt>
      <trkpt lat="47.596507" lon="12.301613">
        <ele>1403.9</ele>
      </trkpt>
      <trkpt lat="47.596469" lon="12.30159">
        <ele>1404.2</ele>
      </trkpt>
      <trkpt lat="47.596411" lon="12.301561">
        <ele>1404.7</ele>
      </trkpt>
      <trkpt lat="47.596371" lon="12.301536">
        <ele>1405.2</ele>
      </trkpt>
      <trkpt lat="47.596328" lon="12.301488">
        <ele>1406.0</ele>
      </trkpt>
      <trkpt lat="47.596267" lon="12.301458">
        <ele>1406.4</ele>
      </trkpt>
      <trkpt lat="47.596226" lon="12.301417">
        <ele>1406.7</ele>
      </trkpt>
      <trkpt lat="47.596141" lon="12.301325">
        <ele>1407.1</ele>
      </trkpt>
      <trkpt lat="47.596102" lon="12.30127">
        <ele>1407.4</ele>
      </trkpt>
      <trkpt lat="47.596091" lon="12.301238">
        <ele>1407.6</ele>
      </trkpt>
      <trkpt lat="47.596047" lon="12.30116">
        <ele>1407.8</ele>
      </trkpt>
      <trkpt lat="47.596011" lon="12.301099">
        <ele>1408.2</ele>
      </trkpt>
      <trkpt lat="47.595954" lon="12.301034">
        <ele>1408.8</ele>
      </trkpt>
      <trkpt lat="47.595897" lon="12.300978">
        <ele>1409.5</ele>
      </trkpt>
      <trkpt lat="47.595821" lon="12.3009">
        <ele>1410.6</ele>
      </trkpt>
      <trkpt lat="47.595782" lon="12.300877">
        <ele>1411.4</ele>
      </trkpt>
      <trkpt lat="47.59576" lon="12.300851">
        <ele>1412.0</ele>
      </trkpt>
      <trkpt lat="47.5957" lon="12.300817">
        <ele>1413.0</ele>
      </trkpt>
      <trkpt lat="47.595655" lon="12.300797">
        <ele>1413.8</ele>
      </trkpt>
      <trkpt lat="47.595599" lon="12.300758">
        <ele>1415.1</ele>
      </trkpt>
      <trkpt lat="47.595577" lon="12.300748">
        <ele>1415.6</ele>
      </trkpt>
      <trkpt lat="47.595538" lon="12.300748">
        <ele>1416.6</ele>
      </trkpt>
      <trkpt lat="47.595504" lon="12.300783">
        <ele>1417.4</ele>
      </trkpt>
      <trkpt lat="47.595433" lon="12.30082">
        <ele>1419.1</ele>
      </trkpt>
      <trkpt lat="47.595335" lon="12.300856">
        <ele>1420.8</ele>
      </trkpt>
      <trkpt lat="47.595279" lon="12.300857">
        <ele>1421.8</ele>
      </trkpt>
      <trkpt lat="47.595244" lon="12.300858">
        <ele>1422.5</ele>
      </trkpt>
      <trkpt lat="47.595211" lon="12.300848">
        <ele>1423.1</ele>
      </trkpt>
      <trkpt lat="47.59516" lon="12.300842">
        <ele>1424.2</ele>
      </trkpt>
      <trkpt lat="47.595092" lon="12.300833">
        <ele>1425.8</ele>
      </trkpt>
      <trkpt lat="47.595057" lon="12.300813">
        <ele>1426.6</ele>
      </trkpt>
      <trkpt lat="47.594984" lon="12.300794">
        <ele>1428.4</ele>
      </trkpt>
      <trkpt lat="47.59493" lon="12.300782">
        <ele>1429.7</ele>
      </trkpt>
      <trkpt lat="47.594895" lon="12.300785">
        <ele>1430.5</ele>
      </trkpt>
      <trkpt lat="47.594838" lon="12.300794">
        <ele>1431.8</ele>
      </trkpt>
      <trkpt lat="47.594822" lon="12.300784">
        <ele>1432.1</ele>
      </trkpt>
      <trkpt lat="47.594782" lon="12.300746">
        <ele>1432.8</ele>
      </trkpt>
      <trkpt lat="47.594712" lon="12.300746">
        <ele>1434.2</ele>
      </trkpt>
      <trkpt lat="47.594677" lon="12.300745">
        <ele>1434.9</ele>
      </trkpt>
      <trkpt lat="47.594655" lon="12.30073">
        <ele>1435.4</ele>
      </trkpt>
      <trkpt lat="47.594633" lon="12.300706">
        <ele>1436.0</ele>
      </trkpt>
      <trkpt lat="47.594584" lon="12.300692">
        <ele>1437.1</ele>
      </trkpt>
      <trkpt lat="47.594464" lon="12.300643">
        <ele>1439.4</ele>
      </trkpt>
      <trkpt lat="47.594359" lon="12.300608">
        <ele>1441.1</ele>
      </trkpt>
      <trkpt lat="47.594268" lon="12.300613">
        <ele>1442.8</ele>
      </trkpt>
      <trkpt lat="47.594217" lon="12.300622">
        <ele>1443.9</ele>
      </trkpt>
      <trkpt lat="47.594201" lon="12.300633">
        <ele>1444.2</ele>
      </trkpt>
      <trkpt lat="47.59418" lon="12.300649">
        <ele>1444.7</ele>
      </trkpt>
      <trkpt lat="47.594157" lon="12.300653">
        <ele>1445.3</ele>
      </trkpt>
      <trkpt lat="47.594132" lon="12.30065">
        <ele>1446.0</ele>
      </trkpt>
      <trkpt lat="47.594112" lon="12.300658">
        <ele>1446.5</ele>
      </trkpt>
      <trkpt lat="47.594074" lon="12.300702">
        <ele>1447.2</ele>
      </trkpt>
      <trkpt lat="47.594028" lon="12.300746">
        <ele>1448.2</ele>
      </trkpt>
      <trkpt lat="47.593978" lon="12.300831">
        <ele>1449.7</ele>
      </trkpt>
      <trkpt lat="47.593939" lon="12.300869">
        <ele>1450.9</ele>
      </trkpt>
      <trkpt lat="47.593907" lon="12.30086">
        <ele>1451.4</ele>
      </trkpt>
      <trkpt lat="47.593882" lon="12.300859">
        <ele>1451.7</ele>
      </trkpt>
      <trkpt lat="47.593831" lon="12.300897">
        <ele>1452.4</ele>
      </trkpt>
      <trkpt lat="47.593797" lon="12.30095">
        <ele>1453.0</ele>
      </trkpt>
      <trkpt lat="47.593785" lon="12.300964">
        <ele>1453.1</ele>
      </trkpt>
      <trkpt lat="47.593717" lon="12.301011">
        <ele>1454.2</ele>
      </trkpt>
      <trkpt lat="47.593675" lon="12.30105">
        <ele>1455.3</ele>
      </trkpt>
      <trkpt lat="47.59366" lon="12.301093">
        <ele>1456.1</ele>
      </trkpt>
      <trkpt lat="47.593639" lon="12.301154">
        <ele>1457.1</ele>
      </trkpt>
      <trkpt lat="47.593576" lon="12.301236">
        <ele>1459.6</ele>
      </trkpt>
      <trkpt lat="47.593539" lon="12.301278">
        <ele>1460.9</ele>
      </trkpt>
      <trkpt lat="47.59351" lon="12.30131">
        <ele>1461.7</ele>
      </trkpt>
      <trkpt lat="47.593478" lon="12.30131">
        <ele>1462.8</ele>
      </trkpt>
      <trkpt lat="47.59346" lon="12.301322">
        <ele>1463.4</ele>
      </trkpt>
      <trkpt lat="47.593447" lon="12.301341">
        <ele>1463.6</ele>
      </trkpt>
      <trkpt lat="47.593432" lon="12.301332">
        <ele>1464.3</ele>
      </trkpt>
      <trkpt lat="47.593406" lon="12.301308">
        <ele>1465.5</ele>
      </trkpt>
      <trkpt lat="47.593379" lon="12.301312">
        <ele>1466.7</ele>
      </trkpt>
      <trkpt lat="47.593341" lon="12.301341">
        <ele>1468.0</ele>
      </trkpt>
      <trkpt lat="47.593312" lon="12.301345">
        <ele>1469.1</ele>
      </trkpt>
      <trkpt lat="47.593227" lon="12.301376">
        <ele>1471.4</ele>
      </trkpt>
      <trkpt lat="47.593204" lon="12.301391">
        <ele>1471.8</ele>
      </trkpt>
      <trkpt lat="47.593174" lon="12.301428">
        <ele>1472.3</ele>
      </trkpt>
      <trkpt lat="47.59313" lon="12.301511">
        <ele>1473.5</ele>
      </trkpt>
      <trkpt lat="47.593095" lon="12.301593">
        <ele>1475.1</ele>
      </trkpt>
      <trkpt lat="47.593076" lon="12.30166">
        <ele>1476.5</ele>
      </trkpt>
      <trkpt lat="47.593038" lon="12.301694">
        <ele>1478.1</ele>
      </trkpt>
      <trkpt lat="47.59303" lon="12.301753">
        <ele>1479.0</ele>
      </trkpt>
      <trkpt lat="47.593024" lon="12.301807">
        <ele>1479.8</ele>
      </trkpt>
      <trkpt lat="47.592987" lon="12.301847">
        <ele>1481.2</ele>
      </trkpt>
      <trkpt lat="47.59295" lon="12.301862">
        <ele>1482.6</ele>
      </trkpt>
      <trkpt lat="47.592919" lon="12.301903">
        <ele>1484.3</ele>
      </trkpt>
      <trkpt lat="47.592906" lon="12.301965">
        <ele>1485.1</ele>
      </trkpt>
      <trkpt lat="47.592894" lon="12.301982">
        <ele>1485.5</ele>
      </trkpt>
      <trkpt lat="47.592839" lon="12.301972">
        <ele>1487.0</ele>
      </trkpt>
      <trkpt lat="47.592804" lon="12.301935">
        <ele>1487.8</ele>
      </trkpt>
      <trkpt lat="47.592759" lon="12.301942">
        <ele>1489.2</ele>
      </trkpt>
      <trkpt lat="47.592715" lon="12.301929">
        <ele>1490.5</ele>
      </trkpt>
      <trkpt lat="47.592653" lon="12.301906">
        <ele>1492.9</ele>
      </trkpt>
      <trkpt lat="47.592587" lon="12.301911">
        <ele>1495.7</ele>
      </trkpt>
      <trkpt lat="47.592447" lon="12.302044">
        <ele>1500.6</ele>
      </trkpt>
      <trkpt lat="47.592403" lon="12.302077">
        <ele>1501.9</ele>
      </trkpt>
      <trkpt lat="47.592352" lon="12.302104">
        <ele>1503.5</ele>
      </trkpt>
      <trkpt lat="47.592263" lon="12.302134">
        <ele>1506.0</ele>
      </trkpt>
      <trkpt lat="47.592207" lon="12.302166">
        <ele>1506.9</ele>
      </trkpt>
      <trkpt lat="47.592188" lon="12.302171">
        <ele>1507.1</ele>
      </trkpt>
      <trkpt lat="47.592164" lon="12.302176">
        <ele>1507.3</ele>
      </trkpt>
      <trkpt lat="47.592135" lon="12.302184">
        <ele>1507.7</ele>
      </trkpt>
      <trkpt lat="47.592117" lon="12.302209">
        <ele>1507.6</ele>
      </trkpt>
      <trkpt lat="47.592075" lon="12.302254">
        <ele>1508.5</ele>
      </trkpt>
      <trkpt lat="47.592032" lon="12.302316">
        <ele>1510.3</ele>
      </trkpt>
      <trkpt lat="47.592001" lon="12.302401">
        <ele>1511.2</ele>
      </trkpt>
      <trkpt lat="47.591968" lon="12.302477">
        <ele>1512.3</ele>
      </trkpt>
      <trkpt lat="47.591952" lon="12.302621">
        <ele>1514.2</ele>
      </trkpt>
      <trkpt lat="47.591897" lon="12.302698">
        <ele>1516.8</ele>
      </trkpt>
      <trkpt lat="47.591862" lon="12.302735">
        <ele>1518.4</ele>
      </trkpt>
      <trkpt lat="47.591839" lon="12.302736">
        <ele>1519.2</ele>
      </trkpt>
      <trkpt lat="47.591812" lon="12.302754">
        <ele>1520.0</ele>
      </trkpt>
      <trkpt lat="47.591774" lon="12.302764">
        <ele>1521.1</ele>
      </trkpt>
      <trkpt lat="47.591746" lon="12.302763">
        <ele>1521.8</ele>
      </trkpt>
      <trkpt lat="47.591725" lon="12.302749">
        <ele>1522.3</ele>
      </trkpt>
      <trkpt lat="47.591704" lon="12.302747">
        <ele>1522.6</ele>
      </trkpt>
      <trkpt lat="47.591666" lon="12.302725">
        <ele>1523.0</ele>
      </trkpt>
      <trkpt lat="47.591636" lon="12.302723">
        <ele>1523.1</ele>
      </trkpt>
      <trkpt lat="47.591606" lon="12.302728">
        <ele>1523.1</ele>
      </trkpt>
      <trkpt lat="47.591579" lon="12.302732">
        <ele>1523.1</ele>
      </trkpt>
      <trkpt lat="47.591561" lon="12.302709">
        <ele>1523.2</ele>
      </trkpt>
      <trkpt lat="47.591527" lon="12.302627">
        <ele>1523.3</ele>
      </trkpt>
      <trkpt lat="47.591511" lon="12.30255">
        <ele>1523.4</ele>
      </trkpt>
      <trkpt lat="47.591509" lon="12.302461">
        <ele>1523.8</ele>
      </trkpt>
      <trkpt lat="47.591503" lon="12.302429">
        <ele>1523.9</ele>
      </trkpt>
      <trkpt lat="47.591492" lon="12.302413">
        <ele>1523.8</ele>
      </trkpt>
      <trkpt lat="47.591454" lon="12.302399">
        <ele>1523.1</ele>
      </trkpt>
      <trkpt lat="47.591444" lon="12.302388">
        <ele>1523.0</ele>
      </trkpt>
      <trkpt lat="47.591375" lon="12.302265">
        <ele>1522.1</ele>
      </trkpt>
      <trkpt lat="47.591347" lon="12.302219">
        <ele>1521.2</ele>
      </trkpt>
      <trkpt lat="47.591346" lon="12.302188">
        <ele>1521.2</ele>
      </trkpt>
      <trkpt lat="47.591328" lon="12.30214">
        <ele>1520.7</ele>
      </trkpt>
      <trkpt lat="47.591307" lon="12.302113">
        <ele>1520.0</ele>
      </trkpt>
      <trkpt lat="47.591285" lon="12.302091">
        <ele>1519.0</ele>
      </trkpt>
      <trkpt lat="47.59128" lon="12.302066">
        <ele>1519.0</ele>
      </trkpt>
      <trkpt lat="47.591277" lon="12.302037">
        <ele>1519.2</ele>
      </trkpt>
      <trkpt lat="47.591212" lon="12.301857">
        <ele>1517.6</ele>
      </trkpt>
      <trkpt lat="47.591185" lon="12.301741">
        <ele>1517.5</ele>
      </trkpt>
      <trkpt lat="47.591183" lon="12.301695">
        <ele>1518.0</ele>
      </trkpt>
      <trkpt lat="47.591175" lon="12.301636">
        <ele>1518.6</ele>
      </trkpt>
      <trkpt lat="47.591174" lon="12.301557">
        <ele>1519.5</ele>
      </trkpt>
      <trkpt lat="47.591156" lon="12.301482">
        <ele>1519.3</ele>
      </trkpt>
      <trkpt lat="47.591156" lon="12.301374">
        <ele>1520.9</ele>
      </trkpt>
      <trkpt lat="47.59113" lon="12.301357">
        <ele>1520.3</ele>
      </trkpt>
      <trkpt lat="47.5911" lon="12.301331">
        <ele>1519.7</ele>
      </trkpt>
      <trkpt lat="47.591076" lon="12.301262">
        <ele>1520.1</ele>
      </trkpt>
      <trkpt lat="47.591046" lon="12.301227">
        <ele>1519.4</ele>
      </trkpt>
      <trkpt lat="47.591029" lon="12.301177">
        <ele>1519.5</ele>
      </trkpt>
      <trkpt lat="47.590989" lon="12.301082">
        <ele>1519.0</ele>
      </trkpt>
      <trkpt lat="47.590944" lon="12.300991">
        <ele>1518.5</ele>
      </trkpt>
      <trkpt lat="47.590875" lon="12.300901">
        <ele>1517.0</ele>
      </trkpt>
      <trkpt lat="47.590808" lon="12.300817">
        <ele>1516.8</ele>
      </trkpt>
      <trkpt lat="47.590785" lon="12.300766">
        <ele>1517.7</ele>
      </trkpt>
      <trkpt lat="47.590765" lon="12.30074">
        <ele>1517.6</ele>
      </trkpt>
      <trkpt lat="47.590743" lon="12.300685">
        <ele>1518.7</ele>
      </trkpt>
      <trkpt lat="47.590735" lon="12.30065">
        <ele>1519.9</ele>
      </trkpt>
      <trkpt lat="47.590715" lon="12.300618">
        <ele>1520.1</ele>
      </trkpt>
      <trkpt lat="47.59062" lon="12.300551">
        <ele>1518.6</ele>
      </trkpt>
      <trkpt lat="47.590556" lon="12.3005">
        <ele>1517.4</ele>
      </trkpt>
      <trkpt lat="47.590508" lon="12.300433">
        <ele>1518.1</ele>
      </trkpt>
      <trkpt lat="47.590486" lon="12.300416">
        <ele>1518.1</ele>
      </trkpt>
      <trkpt lat="47.590468" lon="12.300415">
        <ele>1517.6</ele>
      </trkpt>
      <trkpt lat="47.590447" lon="12.300415">
        <ele>1517.2</ele>
      </trkpt>
      <trkpt lat="47.590417" lon="12.300413">
        <ele>1516.7</ele>
      </trkpt>
      <trkpt lat="47.59034" lon="12.300398">
        <ele>1516.6</ele>
      </trkpt>
      <trkpt lat="47.59027" lon="12.300398">
        <ele>1516.0</ele>
      </trkpt>
      <trkpt lat="47.590202" lon="12.300412">
        <ele>1515.6</ele>
      </trkpt>
      <trkpt lat="47.590177" lon="12.300413">
        <ele>1515.7</ele>
      </trkpt>
      <trkpt lat="47.590154" lon="12.300416">
        <ele>1515.6</ele>
      </trkpt>
      <trkpt lat="47.590119" lon="12.300443">
        <ele>1514.9</ele>
      </trkpt>
      <trkpt lat="47.590104" lon="12.300472">
        <ele>1514.2</ele>
      </trkpt>
      <trkpt lat="47.5901" lon="12.300497">
        <ele>1513.5</ele>
      </trkpt>
      <trkpt lat="47.590079" lon="12.300529">
        <ele>1512.6</ele>
      </trkpt>
      <trkpt lat="47.590073" lon="12.300553">
        <ele>1511.9</ele>
      </trkpt>
      <trkpt lat="47.590055" lon="12.300572">
        <ele>1511.3</ele>
      </trkpt>
      <trkpt lat="47.590012" lon="12.300624">
        <ele>1509.5</ele>
      </trkpt>
      <trkpt lat="47.589983" lon="12.300635">
        <ele>1508.8</ele>
      </trkpt>
      <trkpt lat="47.589968" lon="12.300639">
        <ele>1508.3</ele>
      </trkpt>
      <trkpt lat="47.589954" lon="12.300644">
        <ele>1507.9</ele>
      </trkpt>
      <trkpt lat="47.589941" lon="12.300642">
        <ele>1507.5</ele>
      </trkpt>
      <trkpt lat="47.589907" lon="12.300645">
        <ele>1506.5</ele>
      </trkpt>
      <trkpt lat="47.589899" lon="12.300651">
        <ele>1506.0</ele>
      </trkpt>
      <trkpt lat="47.589871" lon="12.300656">
        <ele>1505.2</ele>
      </trkpt>
      <trkpt lat="47.589836" lon="12.300646">
        <ele>1504.5</ele>
      </trkpt>
      <trkpt lat="47.589795" lon="12.300621">
        <ele>1503.9</ele>
      </trkpt>
      <trkpt lat="47.589761" lon="12.300611">
        <ele>1502.8</ele>
      </trkpt>
      <trkpt lat="47.589726" lon="12.300621">
        <ele>1501.2</ele>
      </trkpt>
      <trkpt lat="47.589707" lon="12.300615">
        <ele>1500.7</ele>
      </trkpt>
      <trkpt lat="47.589682" lon="12.300615">
        <ele>1499.7</ele>
      </trkpt>
      <trkpt lat="47.589666" lon="12.30059">
        <ele>1500.0</ele>
      </trkpt>
      <trkpt lat="47.589644" lon="12.300592">
        <ele>1499.3</ele>
      </trkpt>
      <trkpt lat="47.589614" lon="12.300616">
        <ele>1497.7</ele>
      </trkpt>
      <trkpt lat="47.589588" lon="12.300625">
        <ele>1497.1</ele>
      </trkpt>
      <trkpt lat="47.589562" lon="12.30063">
        <ele>1496.8</ele>
      </trkpt>
      <trkpt lat="47.589544" lon="12.300652">
        <ele>1495.9</ele>
      </trkpt>
      <trkpt lat="47.589523" lon="12.300665">
        <ele>1495.5</ele>
      </trkpt>
      <trkpt lat="47.589502" lon="12.300696">
        <ele>1494.4</ele>
      </trkpt>
      <trkpt lat="47.589487" lon="12.300698">
        <ele>1494.6</ele>
      </trkpt>
      <trkpt lat="47.589457" lon="12.300697">
        <ele>1495.3</ele>
      </trkpt>
      <trkpt lat="47.589447" lon="12.300705">
        <ele>1495.0</ele>
      </trkpt>
      <trkpt lat="47.589444" lon="12.300735">
        <ele>1493.5</ele>
      </trkpt>
      <trkpt lat="47.589427" lon="12.300759">
        <ele>1492.4</ele>
      </trkpt>
      <trkpt lat="47.589378" lon="12.300775">
        <ele>1491.9</ele>
      </trkpt>
      <trkpt lat="47.589343" lon="12.30078">
        <ele>1491.8</ele>
      </trkpt>
      <trkpt lat="47.589317" lon="12.300806">
        <ele>1490.5</ele>
      </trkpt>
      <trkpt lat="47.589279" lon="12.30089">
        <ele>1486.6</ele>
      </trkpt>
      <trkpt lat="47.589214" lon="12.301008">
        <ele>1481.8</ele>
      </trkpt>
      <trkpt lat="47.589179" lon="12.301021">
        <ele>1481.3</ele>
      </trkpt>
      <trkpt lat="47.589134" lon="12.301065">
        <ele>1479.8</ele>
      </trkpt>
      <trkpt lat="47.589062" lon="12.301126">
        <ele>1477.6</ele>
      </trkpt>
      <trkpt lat="47.589014" lon="12.301146">
        <ele>1477.0</ele>
      </trkpt>
      <trkpt lat="47.588937" lon="12.301188">
        <ele>1475.5</ele>
      </trkpt>
      <trkpt lat="47.588906" lon="12.30122">
        <ele>1474.4</ele>
      </trkpt>
      <trkpt lat="47.588882" lon="12.301255">
        <ele>1473.2</ele>
      </trkpt>
      <trkpt lat="47.588866" lon="12.301282">
        <ele>1472.1</ele>
      </trkpt>
      <trkpt lat="47.588813" lon="12.301296">
        <ele>1471.5</ele>
      </trkpt>
      <trkpt lat="47.58876" lon="12.301293">
        <ele>1471.4</ele>
      </trkpt>
      <trkpt lat="47.588732" lon="12.301299">
        <ele>1470.9</ele>
      </trkpt>
      <trkpt lat="47.588682" lon="12.301334">
        <ele>1469.1</ele>
      </trkpt>
      <trkpt lat="47.588649" lon="12.301337">
        <ele>1468.5</ele>
      </trkpt>
      <trkpt lat="47.58861" lon="12.301317">
        <ele>1468.1</ele>
      </trkpt>
      <trkpt lat="47.588567" lon="12.301291">
        <ele>1467.4</ele>
      </trkpt>
      <trkpt lat="47.588518" lon="12.301257">
        <ele>1466.6</ele>
      </trkpt>
      <trkpt lat="47.588419" lon="12.301188">
        <ele>1464.1</ele>
      </trkpt>
      <trkpt lat="47.588371" lon="12.301127">
        <ele>1463.9</ele>
      </trkpt>
      <trkpt lat="47.588351" lon="12.301116">
        <ele>1463.2</ele>
      </trkpt>
      <trkpt lat="47.588323" lon="12.301126">
        <ele>1461.1</ele>
      </trkpt>
      <trkpt lat="47.588309" lon="12.301117">
        <ele>1461.0</ele>
      </trkpt>
      <trkpt lat="47.588279" lon="12.301121">
        <ele>1459.9</ele>
      </trkpt>
      <trkpt lat="47.588266" lon="12.301116">
        <ele>1460.0</ele>
      </trkpt>
      <trkpt lat="47.588241" lon="12.301122">
        <ele>1459.9</ele>
      </trkpt>
      <trkpt lat="47.588228" lon="12.301134">
        <ele>1459.7</ele>
      </trkpt>
      <trkpt lat="47.588214" lon="12.301178">
        <ele>1458.7</ele>
      </trkpt>
      <trkpt lat="47.588171" lon="12.301243">
        <ele>1457.8</ele>
      </trkpt>
      <trkpt lat="47.58813" lon="12.301325">
        <ele>1456.4</ele>
      </trkpt>
      <trkpt lat="47.588065" lon="12.301362">
        <ele>1456.4</ele>
      </trkpt>
      <trkpt lat="47.588033" lon="12.301394">
        <ele>1455.5</ele>
      </trkpt>
      <trkpt lat="47.587978" lon="12.301445">
        <ele>1454.2</ele>
      </trkpt>
      <trkpt lat="47.587915" lon="12.301505">
        <ele>1452.7</ele>
      </trkpt>
      <trkpt lat="47.58789" lon="12.301528">
        <ele>1451.9</ele>
      </trkpt>
      <trkpt lat="47.58785" lon="12.301529">
        <ele>1451.3</ele>
      </trkpt>
      <trkpt lat="47.587755" lon="12.301526">
        <ele>1449.4</ele>
      </trkpt>
      <trkpt lat="47.587679" lon="12.301537">
        <ele>1447.8</ele>
      </trkpt>
      <trkpt lat="47.587611" lon="12.301552">
        <ele>1446.3</ele>
      </trkpt>
      <trkpt lat="47.587522" lon="12.30154">
        <ele>1445.8</ele>
      </trkpt>
      <trkpt lat="47.58744" lon="12.301541">
        <ele>1444.7</ele>
      </trkpt>
      <trkpt lat="47.587326" lon="12.301584">
        <ele>1441.5</ele>
      </trkpt>
      <trkpt lat="47.587292" lon="12.301591">
        <ele>1440.6</ele>
      </trkpt>
      <trkpt lat="47.587241" lon="12.301582">
        <ele>1439.4</ele>
      </trkpt>
      <trkpt lat="47.587198" lon="12.301569">
        <ele>1438.1</ele>
      </trkpt>
      <trkpt lat="47.587158" lon="12.301556">
        <ele>1436.7</ele>
      </trkpt>
      <trkpt lat="47.587084" lon="12.301503">
        <ele>1435.0</ele>
      </trkpt>
      <trkpt lat="47.587034" lon="12.301468">
        <ele>1434.0</ele>
      </trkpt>
      <trkpt lat="47.586994" lon="12.301424">
        <ele>1433.6</ele>
      </trkpt>
      <trkpt lat="47.586942" lon="12.301397">
        <ele>1432.2</ele>
      </trkpt>
      <trkpt lat="47.586917" lon="12.301393">
        <ele>1431.5</ele>
      </trkpt>
      <trkpt lat="47.586896" lon="12.301393">
        <ele>1431.0</ele>
      </trkpt>
      <trkpt lat="47.586838" lon="12.301475">
        <ele>1429.2</ele>
      </trkpt>
      <trkpt lat="47.586824" lon="12.301535">
        <ele>1429.0</ele>
      </trkpt>
      <trkpt lat="47.58679" lon="12.301543">
        <ele>1429.4</ele>
      </trkpt>
      <trkpt lat="47.586753" lon="12.301519">
        <ele>1429.8</ele>
      </trkpt>
      <trkpt lat="47.586692" lon="12.301523">
        <ele>1430.8</ele>
      </trkpt>
      <trkpt lat="47.586617" lon="12.301491">
        <ele>1431.1</ele>
      </trkpt>
      <trkpt lat="47.58646" lon="12.30155">
        <ele>1430.5</ele>
      </trkpt>
      <trkpt lat="47.586358" lon="12.301632">
        <ele>1431.2</ele>
      </trkpt>
      <trkpt lat="47.586311" lon="12.301674">
        <ele>1432.3</ele>
      </trkpt>
      <trkpt lat="47.586284" lon="12.301669">
        <ele>1432.6</ele>
      </trkpt>
      <trkpt lat="47.586239" lon="12.301691">
        <ele>1433.7</ele>
      </trkpt>
      <trkpt lat="47.586203" lon="12.301706">
        <ele>1435.0</ele>
      </trkpt>
      <trkpt lat="47.586177" lon="12.301698">
        <ele>1435.8</ele>
      </trkpt>
      <trkpt lat="47.586137" lon="12.301656">
        <ele>1436.6</ele>
      </trkpt>
      <trkpt lat="47.586107" lon="12.301614">
        <ele>1437.2</ele>
      </trkpt>
      <trkpt lat="47.586103" lon="12.301579">
        <ele>1436.9</ele>
      </trkpt>
      <trkpt lat="47.586085" lon="12.301547">
        <ele>1438.0</ele>
      </trkpt>
      <trkpt lat="47.586074" lon="12.301545">
        <ele>1438.7</ele>
      </trkpt>
      <trkpt lat="47.586056" lon="12.301564">
        <ele>1439.9</ele>
      </trkpt>
      <trkpt lat="47.586049" lon="12.301593">
        <ele>1440.5</ele>
      </trkpt>
      <trkpt lat="47.586015" lon="12.301597">
        <ele>1442.0</ele>
      </trkpt>
      <trkpt lat="47.585983" lon="12.301554">
        <ele>1442.5</ele>
      </trkpt>
      <trkpt lat="47.585956" lon="12.301528">
        <ele>1443.1</ele>
      </trkpt>
      <trkpt lat="47.585905" lon="12.301505">
        <ele>1444.5</ele>
      </trkpt>
      <trkpt lat="47.585865" lon="12.301503">
        <ele>1445.3</ele>
      </trkpt>
      <trkpt lat="47.585829" lon="12.301504">
        <ele>1446.0</ele>
      </trkpt>
      <trkpt lat="47.585803" lon="12.301475">
        <ele>1446.8</ele>
      </trkpt>
      <trkpt lat="47.585774" lon="12.301467">
        <ele>1447.2</ele>
      </trkpt>
      <trkpt lat="47.585746" lon="12.301444">
        <ele>1447.6</ele>
      </trkpt>
      <trkpt lat="47.585713" lon="12.301412">
        <ele>1448.0</ele>
      </trkpt>
      <trkpt lat="47.585673" lon="12.301389">
        <ele>1448.7</ele>
      </trkpt>
      <trkpt lat="47.585626" lon="12.301395">
        <ele>1449.7</ele>
      </trkpt>
      <trkpt lat="47.58557" lon="12.301441">
        <ele>1451.0</ele>
      </trkpt>
      <trkpt lat="47.585517" lon="12.30148">
        <ele>1452.5</ele>
      </trkpt>
      <trkpt lat="47.585469" lon="12.301502">
        <ele>1454.0</ele>
      </trkpt>
      <trkpt lat="47.585443" lon="12.301513">
        <ele>1454.9</ele>
      </trkpt>
      <trkpt lat="47.585418" lon="12.301544">
        <ele>1455.6</ele>
      </trkpt>
      <trkpt lat="47.585414" lon="12.301587">
        <ele>1455.7</ele>
      </trkpt>
      <trkpt lat="47.585394" lon="12.301663">
        <ele>1457.2</ele>
      </trkpt>
      <trkpt lat="47.58536" lon="12.30171">
        <ele>1459.1</ele>
      </trkpt>
      <trkpt lat="47.585333" lon="12.301727">
        <ele>1460.3</ele>
      </trkpt>
      <trkpt lat="47.585313" lon="12.301725">
        <ele>1461.0</ele>
      </trkpt>
      <trkpt lat="47.585287" lon="12.301689">
        <ele>1461.4</ele>
      </trkpt>
      <trkpt lat="47.585272" lon="12.301669">
        <ele>1461.6</ele>
      </trkpt>
      <trkpt lat="47.585256" lon="12.30167">
        <ele>1462.1</ele>
      </trkpt>
      <trkpt lat="47.58523" lon="12.301704">
        <ele>1463.2</ele>
      </trkpt>
      <trkpt lat="47.585214" lon="12.301738">
        <ele>1464.0</ele>
      </trkpt>
      <trkpt lat="47.585197" lon="12.301815">
        <ele>1465.2</ele>
      </trkpt>
      <trkpt lat="47.585162" lon="12.301933">
        <ele>1467.0</ele>
      </trkpt>
      <trkpt lat="47.585151" lon="12.302015">
        <ele>1468.5</ele>
      </trkpt>
      <trkpt lat="47.585142" lon="12.302032">
        <ele>1469.0</ele>
      </trkpt>
      <trkpt lat="47.585126" lon="12.302056">
        <ele>1469.7</ele>
      </trkpt>
      <trkpt lat="47.585126" lon="12.302089">
        <ele>1470.5</ele>
      </trkpt>
      <trkpt lat="47.585127" lon="12.302134">
        <ele>1471.5</ele>
      </trkpt>
      <trkpt lat="47.585124" lon="12.302153">
        <ele>1472.0</ele>
      </trkpt>
      <trkpt lat="47.585104" lon="12.302181">
        <ele>1472.9</ele>
      </trkpt>
      <trkpt lat="47.585094" lon="12.30221">
        <ele>1473.6</ele>
      </trkpt>
      <trkpt lat="47.585097" lon="12.302244">
        <ele>1474.4</ele>
      </trkpt>
      <trkpt lat="47.585107" lon="12.302276">
        <ele>1474.9</ele>
      </trkpt>
      <trkpt lat="47.585103" lon="12.302329">
        <ele>1475.9</ele>
      </trkpt>
      <trkpt lat="47.585102" lon="12.302399">
        <ele>1477.3</ele>
      </trkpt>
      <trkpt lat="47.58512" lon="12.30245">
        <ele>1478.3</ele>
      </trkpt>
      <trkpt lat="47.585154" lon="12.302514">
        <ele>1479.6</ele>
      </trkpt>
      <trkpt lat="47.585194" lon="12.302584">
        <ele>1481.1</ele>
      </trkpt>
      <trkpt lat="47.585256" lon="12.302682">
        <ele>1483.4</ele>
      </trkpt>
      <trkpt lat="47.585262" lon="12.302713">
        <ele>1484.2</ele>
      </trkpt>
      <trkpt lat="47.585283" lon="12.30276">
        <ele>1485.5</ele>
      </trkpt>
      <trkpt lat="47.585302" lon="12.302786">
        <ele>1486.2</ele>
      </trkpt>
      <trkpt lat="47.585322" lon="12.302805">
        <ele>1486.7</ele>
      </trkpt>
      <trkpt lat="47.585329" lon="12.302816">
        <ele>1487.0</ele>
      </trkpt>
      <trkpt lat="47.585327" lon="12.302835">
        <ele>1487.5</ele>
      </trkpt>
      <trkpt lat="47.585322" lon="12.302861">
        <ele>1488.2</ele>
      </trkpt>
      <trkpt lat="47.585323" lon="12.302886">
        <ele>1488.8</ele>
      </trkpt>
      <trkpt lat="47.585328" lon="12.302911">
        <ele>1489.5</ele>
      </trkpt>
      <trkpt lat="47.585334" lon="12.302942">
        <ele>1490.3</ele>
      </trkpt>
      <trkpt lat="47.585348" lon="12.302961">
        <ele>1490.7</ele>
      </trkpt>
      <trkpt lat="47.585366" lon="12.302981">
        <ele>1491.2</ele>
      </trkpt>
      <trkpt lat="47.58538" lon="12.303019">
        <ele>1492.3</ele>
      </trkpt>
      <trkpt lat="47.585407" lon="12.303068">
        <ele>1493.4</ele>
      </trkpt>
      <trkpt lat="47.585425" lon="12.303096">
        <ele>1493.8</ele>
      </trkpt>
      <trkpt lat="47.585443" lon="12.303116">
        <ele>1493.9</ele>
      </trkpt>
      <trkpt lat="47.585443" lon="12.303129">
        <ele>1494.1</ele>
      </trkpt>
      <trkpt lat="47.585437" lon="12.303149">
        <ele>1494.7</ele>
      </trkpt>
      <trkpt lat="47.585429" lon="12.303172">
        <ele>1495.3</ele>
      </trkpt>
      <trkpt lat="47.585428" lon="12.303189">
        <ele>1495.8</ele>
      </trkpt>
      <trkpt lat="47.585424" lon="12.303195">
        <ele>1496.0</ele>
      </trkpt>
      <trkpt lat="47.585402" lon="12.303206">
        <ele>1496.7</ele>
      </trkpt>
      <trkpt lat="47.585363" lon="12.303212">
        <ele>1497.5</ele>
      </trkpt>
      <trkpt lat="47.58533" lon="12.30321">
        <ele>1497.9</ele>
      </trkpt>
      <trkpt lat="47.585255" lon="12.303227">
        <ele>1499.8</ele>
      </trkpt>
      <trkpt lat="47.585236" lon="12.303237">
        <ele>1500.3</ele>
      </trkpt>
      <trkpt lat="47.585214" lon="12.303274">
        <ele>1501.6</ele>
      </trkpt>
      <trkpt lat="47.585176" lon="12.303309">
        <ele>1502.9</ele>
      </trkpt>
      <trkpt lat="47.58517" lon="12.303324">
        <ele>1503.4</ele>
      </trkpt>
      <trkpt lat="47.585155" lon="12.303327">
        <ele>1503.6</ele>
      </trkpt>
      <trkpt lat="47.585127" lon="12.303335">
        <ele>1504.3</ele>
      </trkpt>
      <trkpt lat="47.585083" lon="12.303333">
        <ele>1505.1</ele>
      </trkpt>
      <trkpt lat="47.585053" lon="12.303342">
        <ele>1506.2</ele>
      </trkpt>
      <trkpt lat="47.585021" lon="12.303344">
        <ele>1507.2</ele>
      </trkpt>
      <trkpt lat="47.585" lon="12.303353">
        <ele>1508.2</ele>
      </trkpt>
      <trkpt lat="47.584977" lon="12.303349">
        <ele>1508.7</ele>
      </trkpt>
      <trkpt lat="47.584939" lon="12.30333">
        <ele>1508.9</ele>
      </trkpt>
      <trkpt lat="47.584905" lon="12.303343">
        <ele>1510.4</ele>
      </trkpt>
      <trkpt lat="47.584896" lon="12.303374">
        <ele>1511.8</ele>
      </trkpt>
      <trkpt lat="47.584889" lon="12.303391">
        <ele>1512.6</ele>
      </trkpt>
      <trkpt lat="47.584866" lon="12.303394">
        <ele>1513.3</ele>
      </trkpt>
      <trkpt lat="47.584849" lon="12.303411">
        <ele>1514.2</ele>
      </trkpt>
      <trkpt lat="47.584833" lon="12.303414">
        <ele>1514.7</ele>
      </trkpt>
      <trkpt lat="47.584798" lon="12.303403">
        <ele>1515.3</ele>
      </trkpt>
      <trkpt lat="47.584741" lon="12.303375">
        <ele>1517.1</ele>
      </trkpt>
      <trkpt lat="47.584724" lon="12.30336">
        <ele>1517.5</ele>
      </trkpt>
      <trkpt lat="47.584708" lon="12.303371">
        <ele>1518.7</ele>
      </trkpt>
      <trkpt lat="47.584691" lon="12.303391">
        <ele>1520.2</ele>
      </trkpt>
      <trkpt lat="47.58466" lon="12.303387">
        <ele>1521.3</ele>
      </trkpt>
      <trkpt lat="47.584627" lon="12.303388">
        <ele>1522.7</ele>
      </trkpt>
      <trkpt lat="47.584584" lon="12.303356">
        <ele>1523.4</ele>
      </trkpt>
      <trkpt lat="47.584507" lon="12.303307">
        <ele>1524.9</ele>
      </trkpt>
      <trkpt lat="47.584471" lon="12.303282">
        <ele>1525.7</ele>
      </trkpt>
      <trkpt lat="47.584409" lon="12.303285">
        <ele>1528.4</ele>
      </trkpt>
      <trkpt lat="47.584366" lon="12.303324">
        <ele>1531.2</ele>
      </trkpt>
      <trkpt lat="47.584325" lon="12.303341">
        <ele>1532.8</ele>
      </trkpt>
      <trkpt lat="47.584271" lon="12.303371">
        <ele>1534.7</ele>
      </trkpt>
      <trkpt lat="47.584242" lon="12.303378">
        <ele>1535.6</ele>
      </trkpt>
      <trkpt lat="47.58422" lon="12.30337">
        <ele>1535.7</ele>
      </trkpt>
      <trkpt lat="47.58416" lon="12.303369">
        <ele>1537.1</ele>
      </trkpt>
      <trkpt lat="47.584098" lon="12.303356">
        <ele>1539.2</ele>
      </trkpt>
      <trkpt lat="47.584057" lon="12.303339">
        <ele>1540.5</ele>
      </trkpt>
      <trkpt lat="47.584016" lon="12.303331">
        <ele>1542.1</ele>
      </trkpt>
      <trkpt lat="47.58397" lon="12.30335">
        <ele>1544.5</ele>
      </trkpt>
      <trkpt lat="47.583952" lon="12.303342">
        <ele>1545.1</ele>
      </trkpt>
      <trkpt lat="47.583944" lon="12.303329">
        <ele>1545.1</ele>
      </trkpt>
      <trkpt lat="47.583923" lon="12.303309">
        <ele>1545.6</ele>
      </trkpt>
      <trkpt lat="47.583878" lon="12.30329">
        <ele>1546.8</ele>
      </trkpt>
      <trkpt lat="47.58386" lon="12.303283">
        <ele>1547.1</ele>
      </trkpt>
      <trkpt lat="47.583838" lon="12.303285">
        <ele>1547.8</ele>
      </trkpt>
      <trkpt lat="47.58382" lon="12.303297">
        <ele>1548.5</ele>
      </trkpt>
      <trkpt lat="47.583805" lon="12.303303">
        <ele>1549.1</ele>
      </trkpt>
      <trkpt lat="47.58379" lon="12.303308">
        <ele>1549.8</ele>
      </trkpt>
      <trkpt lat="47.583782" lon="12.303302">
        <ele>1549.9</ele>
      </trkpt>
      <trkpt lat="47.583767" lon="12.303289">
        <ele>1550.2</ele>
      </trkpt>
      <trkpt lat="47.583736" lon="12.303289">
        <ele>1551.4</ele>
      </trkpt>
      <trkpt lat="47.583708" lon="12.303299">
        <ele>1552.9</ele>
      </trkpt>
      <trkpt lat="47.583697" lon="12.303298">
        <ele>1553.4</ele>
      </trkpt>
      <trkpt lat="47.58369" lon="12.303287">
        <ele>1553.6</ele>
      </trkpt>
      <trkpt lat="47.583643" lon="12.303242">
        <ele>1555.6</ele>
      </trkpt>
      <trkpt lat="47.5836" lon="12.303205">
        <ele>1557.0</ele>
      </trkpt>
      <trkpt lat="47.583574" lon="12.303202">
        <ele>1558.1</ele>
      </trkpt>
      <trkpt lat="47.58354" lon="12.303176">
        <ele>1558.7</ele>
      </trkpt>
      <trkpt lat="47.58352" lon="12.303174">
        <ele>1559.4</ele>
      </trkpt>
      <trkpt lat="47.58351" lon="12.303168">
        <ele>1559.6</ele>
      </trkpt>
      <trkpt lat="47.583489" lon="12.303169">
        <ele>1560.5</ele>
      </trkpt>
      <trkpt lat="47.583452" lon="12.303166">
        <ele>1561.7</ele>
      </trkpt>
      <trkpt lat="47.583443" lon="12.30318">
        <ele>1562.5</ele>
      </trkpt>
      <trkpt lat="47.583436" lon="12.303202">
        <ele>1563.4</ele>
      </trkpt>
      <trkpt lat="47.583418" lon="12.303211">
        <ele>1564.2</ele>
      </trkpt>
      <trkpt lat="47.58341" lon="12.303238">
        <ele>1565.2</ele>
      </trkpt>
      <trkpt lat="47.583406" lon="12.303256">
        <ele>1565.8</ele>
      </trkpt>
      <trkpt lat="47.583418" lon="12.30327">
        <ele>1565.8</ele>
      </trkpt>
      <trkpt lat="47.583425" lon="12.303289">
        <ele>1566.0</ele>
      </trkpt>
      <trkpt lat="47.583424" lon="12.303307">
        <ele>1566.5</ele>
      </trkpt>
      <trkpt lat="47.583414" lon="12.303315">
        <ele>1567.0</ele>
      </trkpt>
      <trkpt lat="47.583399" lon="12.303319">
        <ele>1567.5</ele>
      </trkpt>
      <trkpt lat="47.583357" lon="12.303331">
        <ele>1568.9</ele>
      </trkpt>
      <trkpt lat="47.583327" lon="12.303355">
        <ele>1570.4</ele>
      </trkpt>
      <trkpt lat="47.583312" lon="12.303356">
        <ele>1570.8</ele>
      </trkpt>
      <trkpt lat="47.583307" lon="12.303339">
        <ele>1570.5</ele>
      </trkpt>
      <trkpt lat="47.583285" lon="12.303346">
        <ele>1571.3</ele>
      </trkpt>
      <trkpt lat="47.583258" lon="12.303349">
        <ele>1572.2</ele>
      </trkpt>
      <trkpt lat="47.583248" lon="12.303352">
        <ele>1572.6</ele>
      </trkpt>
      <trkpt lat="47.583235" lon="12.303361">
        <ele>1573.2</ele>
      </trkpt>
      <trkpt lat="47.583222" lon="12.30335">
        <ele>1573.3</ele>
      </trkpt>
      <trkpt lat="47.583209" lon="12.303341">
        <ele>1573.5</ele>
      </trkpt>
      <trkpt lat="47.583185" lon="12.303341">
        <ele>1574.3</ele>
      </trkpt>
      <trkpt lat="47.583146" lon="12.303334">
        <ele>1575.7</ele>
      </trkpt>
      <trkpt lat="47.583122" lon="12.303322">
        <ele>1576.4</ele>
      </trkpt>
      <trkpt lat="47.583116" lon="12.303315">
        <ele>1576.5</ele>
      </trkpt>
      <trkpt lat="47.583111" lon="12.303301">
        <ele>1576.4</ele>
      </trkpt>
      <trkpt lat="47.583101" lon="12.303257">
        <ele>1575.8</ele>
      </trkpt>
      <trkpt lat="47.583081" lon="12.303222">
        <ele>1576.0</ele>
      </trkpt>
      <trkpt lat="47.583047" lon="12.303194">
        <ele>1577.3</ele>
      </trkpt>
      <trkpt lat="47.583036" lon="12.303185">
        <ele>1577.7</ele>
      </trkpt>
      <trkpt lat="47.583028" lon="12.303208">
        <ele>1578.7</ele>
      </trkpt>
      <trkpt lat="47.582993" lon="12.30319">
        <ele>1580.2</ele>
      </trkpt>
      <trkpt lat="47.582972" lon="12.303185">
        <ele>1581.0</ele>
      </trkpt>
      <trkpt lat="47.582948" lon="12.303178">
        <ele>1581.7</ele>
      </trkpt>
      <trkpt lat="47.582916" lon="12.303154">
        <ele>1582.4</ele>
      </trkpt>
      <trkpt lat="47.582901" lon="12.303126">
        <ele>1582.5</ele>
      </trkpt>
      <trkpt lat="47.582874" lon="12.303067">
        <ele>1582.6</ele>
      </trkpt>
      <trkpt lat="47.582842" lon="12.303007">
        <ele>1583.3</ele>
      </trkpt>
      <trkpt lat="47.582817" lon="12.302944">
        <ele>1583.8</ele>
      </trkpt>
      <trkpt lat="47.582796" lon="12.302928">
        <ele>1584.9</ele>
      </trkpt>
      <trkpt lat="47.582779" lon="12.302912">
        <ele>1585.9</ele>
      </trkpt>
      <trkpt lat="47.582769" lon="12.302879">
        <ele>1586.2</ele>
      </trkpt>
      <trkpt lat="47.582762" lon="12.302841">
        <ele>1586.2</ele>
      </trkpt>
      <trkpt lat="47.582734" lon="12.302771">
        <ele>1587.2</ele>
      </trkpt>
      <trkpt lat="47.5827" lon="12.302743">
        <ele>1588.9</ele>
      </trkpt>
      <trkpt lat="47.582672" lon="12.302703">
        <ele>1590.0</ele>
      </trkpt>
      <trkpt lat="47.582644" lon="12.302664">
        <ele>1590.9</ele>
      </trkpt>
      <trkpt lat="47.582623" lon="12.302604">
        <ele>1591.1</ele>
      </trkpt>
      <trkpt lat="47.582614" lon="12.302555">
        <ele>1590.8</ele>
      </trkpt>
      <trkpt lat="47.582612" lon="12.30249">
        <ele>1589.8</ele>
      </trkpt>
      <trkpt lat="47.582593" lon="12.302423">
        <ele>1590.3</ele>
      </trkpt>
      <trkpt lat="47.582553" lon="12.302345">
        <ele>1593.0</ele>
      </trkpt>
      <trkpt lat="47.582542" lon="12.302248">
        <ele>1593.9</ele>
      </trkpt>
      <trkpt lat="47.582522" lon="12.30218">
        <ele>1595.4</ele>
      </trkpt>
      <trkpt lat="47.582508" lon="12.302174">
        <ele>1595.7</ele>
      </trkpt>
      <trkpt lat="47.582489" lon="12.302193">
        <ele>1595.8</ele>
      </trkpt>
      <trkpt lat="47.582477" lon="12.302275">
        <ele>1596.2</ele>
      </trkpt>
      <trkpt lat="47.582478" lon="12.302312">
        <ele>1596.5</ele>
      </trkpt>
      <trkpt lat="47.582457" lon="12.302334">
        <ele>1597.0</ele>
      </trkpt>
      <trkpt lat="47.58242" lon="12.302382">
        <ele>1597.4</ele>
      </trkpt>
      <trkpt lat="47.582375" lon="12.302437">
        <ele>1596.8</ele>
      </trkpt>
      <trkpt lat="47.582357" lon="12.302457">
        <ele>1596.5</ele>
      </trkpt>
      <trkpt lat="47.5823" lon="12.302502">
        <ele>1595.3</ele>
      </trkpt>
      <trkpt lat="47.58227" lon="12.302541">
        <ele>1595.0</ele>
      </trkpt>
      <trkpt lat="47.582192" lon="12.302644">
        <ele>1593.9</ele>
      </trkpt>
      <trkpt lat="47.58215" lon="12.302705">
        <ele>1593.0</ele>
      </trkpt>
      <trkpt lat="47.582117" lon="12.302782">
        <ele>1592.4</ele>
      </trkpt>
      <trkpt lat="47.582082" lon="12.302832">
        <ele>1590.7</ele>
      </trkpt>
      <trkpt lat="47.582058" lon="12.302869">
        <ele>1590.1</ele>
      </trkpt>
      <trkpt lat="47.582029" lon="12.302939">
        <ele>1590.9</ele>
      </trkpt>
      <trkpt lat="47.582009" lon="12.302997">
        <ele>1592.1</ele>
      </trkpt>
      <trkpt lat="47.581994" lon="12.303034">
        <ele>1592.8</ele>
      </trkpt>
      <trkpt lat="47.581968" lon="12.303074">
        <ele>1592.9</ele>
      </trkpt>
      <trkpt lat="47.581931" lon="12.303128">
        <ele>1593.4</ele>
      </trkpt>
      <trkpt lat="47.581884" lon="12.303177">
        <ele>1592.4</ele>
      </trkpt>
      <trkpt lat="47.581868" lon="12.303221">
        <ele>1593.1</ele>
      </trkpt>
      <trkpt lat="47.581852" lon="12.303251">
        <ele>1593.2</ele>
      </trkpt>
      <trkpt lat="47.581826" lon="12.303273">
        <ele>1592.2</ele>
      </trkpt>
      <trkpt lat="47.581805" lon="12.303307">
        <ele>1591.7</ele>
      </trkpt>
      <trkpt lat="47.581777" lon="12.303355">
        <ele>1591.0</ele>
      </trkpt>
      <trkpt lat="47.581739" lon="12.303428">
        <ele>1590.7</ele>
      </trkpt>
      <trkpt lat="47.581679" lon="12.303519">
        <ele>1590.1</ele>
      </trkpt>
      <trkpt lat="47.581619" lon="12.303632">
        <ele>1590.0</ele>
      </trkpt>
      <trkpt lat="47.581549" lon="12.303755">
        <ele>1588.8</ele>
      </trkpt>
      <trkpt lat="47.581496" lon="12.303849">
        <ele>1588.7</ele>
      </trkpt>
      <trkpt lat="47.581452" lon="12.303903">
        <ele>1588.0</ele>
      </trkpt>
      <trkpt lat="47.581393" lon="12.30398">
        <ele>1586.9</ele>
      </trkpt>
      <trkpt lat="47.581358" lon="12.304054">
        <ele>1587.7</ele>
      </trkpt>
      <trkpt lat="47.581329" lon="12.304094">
        <ele>1587.4</ele>
      </trkpt>
      <trkpt lat="47.58129" lon="12.304153">
        <ele>1587.9</ele>
      </trkpt>
      <trkpt lat="47.581266" lon="12.304181">
        <ele>1588.1</ele>
      </trkpt>
      <trkpt lat="47.581217" lon="12.30423">
        <ele>1588.1</ele>
      </trkpt>
      <trkpt lat="47.581189" lon="12.304283">
        <ele>1588.7</ele>
      </trkpt>
      <trkpt lat="47.581164" lon="12.304323">
        <ele>1588.7</ele>
      </trkpt>
      <trkpt lat="47.581149" lon="12.304362">
        <ele>1589.0</ele>
      </trkpt>
      <trkpt lat="47.581129" lon="12.304426">
        <ele>1589.3</ele>
      </trkpt>
      <trkpt lat="47.5811" lon="12.304467">
        <ele>1588.4</ele>
      </trkpt>
      <trkpt lat="47.581072" lon="12.304527">
        <ele>1588.2</ele>
      </trkpt>
      <trkpt lat="47.581054" lon="12.304557">
        <ele>1587.8</ele>
      </trkpt>
      <trkpt lat="47.581029" lon="12.304616">
        <ele>1587.7</ele>
      </trkpt>
      <trkpt lat="47.581007" lon="12.304697">
        <ele>1588.2</ele>
      </trkpt>
      <trkpt lat="47.580992" lon="12.304747">
        <ele>1588.5</ele>
      </trkpt>
      <trkpt lat="47.580962" lon="12.304781">
        <ele>1587.4</ele>
      </trkpt>
      <trkpt lat="47.58093" lon="12.304815">
        <ele>1586.9</ele>
      </trkpt>
      <trkpt lat="47.580907" lon="12.304844">
        <ele>1586.8</ele>
      </trkpt>
      <trkpt lat="47.580906" lon="12.304865">
        <ele>1587.6</ele>
      </trkpt>
      <trkpt lat="47.5809" lon="12.304876">
        <ele>1587.6</ele>
      </trkpt>
      <trkpt lat="47.580876" lon="12.304901">
        <ele>1586.8</ele>
      </trkpt>
      <trkpt lat="47.580847" lon="12.304979">
        <ele>1586.3</ele>
      </trkpt>
      <trkpt lat="47.580841" lon="12.305004">
        <ele>1586.1</ele>
      </trkpt>
      <trkpt lat="47.580842" lon="12.305027">
        <ele>1586.4</ele>
      </trkpt>
      <trkpt lat="47.580846" lon="12.30505">
        <ele>1586.8</ele>
      </trkpt>
      <trkpt lat="47.580844" lon="12.305085">
        <ele>1586.7</ele>
      </trkpt>
      <trkpt lat="47.580834" lon="12.305133">
        <ele>1585.8</ele>
      </trkpt>
      <trkpt lat="47.580833" lon="12.305156">
        <ele>1585.9</ele>
      </trkpt>
      <trkpt lat="47.580827" lon="12.305198">
        <ele>1585.9</ele>
      </trkpt>
      <trkpt lat="47.580813" lon="12.305244">
        <ele>1585.6</ele>
      </trkpt>
      <trkpt lat="47.580803" lon="12.30526">
        <ele>1585.2</ele>
      </trkpt>
      <trkpt lat="47.580787" lon="12.305269">
        <ele>1584.5</ele>
      </trkpt>
      <trkpt lat="47.580754" lon="12.305272">
        <ele>1582.7</ele>
      </trkpt>
      <trkpt lat="47.580696" lon="12.305273">
        <ele>1581.6</ele>
      </trkpt>
      <trkpt lat="47.580669" lon="12.30528">
        <ele>1581.5</ele>
      </trkpt>
      <trkpt lat="47.580654" lon="12.305312">
        <ele>1582.7</ele>
      </trkpt>
      <trkpt lat="47.580623" lon="12.305345">
        <ele>1582.9</ele>
      </trkpt>
      <trkpt lat="47.580579" lon="12.305384">
        <ele>1582.6</ele>
      </trkpt>
      <trkpt lat="47.580533" lon="12.305422">
        <ele>1582.4</ele>
      </trkpt>
      <trkpt lat="47.580491" lon="12.305472">
        <ele>1582.9</ele>
      </trkpt>
      <trkpt lat="47.580445" lon="12.305516">
        <ele>1582.1</ele>
      </trkpt>
      <trkpt lat="47.58042" lon="12.305556">
        <ele>1581.7</ele>
      </trkpt>
      <trkpt lat="47.580415" lon="12.305579">
        <ele>1581.9</ele>
      </trkpt>
      <trkpt lat="47.580408" lon="12.305631">
        <ele>1582.6</ele>
      </trkpt>
      <trkpt lat="47.580396" lon="12.305669">
        <ele>1582.5</ele>
      </trkpt>
      <trkpt lat="47.580389" lon="12.305709">
        <ele>1582.7</ele>
      </trkpt>
      <trkpt lat="47.580378" lon="12.305751">
        <ele>1582.9</ele>
      </trkpt>
      <trkpt lat="47.580363" lon="12.30578">
        <ele>1582.5</ele>
      </trkpt>
      <trkpt lat="47.580341" lon="12.305807">
        <ele>1581.9</ele>
      </trkpt>
      <trkpt lat="47.580298" lon="12.305851">
        <ele>1581.0</ele>
      </trkpt>
      <trkpt lat="47.580254" lon="12.305908">
        <ele>1580.9</ele>
      </trkpt>
      <trkpt lat="47.580213" lon="12.305978">
        <ele>1580.7</ele>
      </trkpt>
      <trkpt lat="47.580174" lon="12.306074">
        <ele>1580.9</ele>
      </trkpt>
      <trkpt lat="47.58016" lon="12.306115">
        <ele>1580.6</ele>
      </trkpt>
      <trkpt lat="47.580159" lon="12.306144">
        <ele>1580.7</ele>
      </trkpt>
      <trkpt lat="47.580159" lon="12.306218">
        <ele>1581.0</ele>
      </trkpt>
      <trkpt lat="47.580171" lon="12.306264">
        <ele>1581.7</ele>
      </trkpt>
      <trkpt lat="47.580181" lon="12.306303">
        <ele>1582.3</ele>
      </trkpt>
      <trkpt lat="47.580179" lon="12.306327">
        <ele>1582.1</ele>
      </trkpt>
      <trkpt lat="47.580171" lon="12.306354">
        <ele>1581.7</ele>
      </trkpt>
      <trkpt lat="47.58016" lon="12.30637">
        <ele>1581.2</ele>
      </trkpt>
      <trkpt lat="47.580142" lon="12.306377">
        <ele>1580.1</ele>
      </trkpt>
      <trkpt lat="47.58012" lon="12.306378">
        <ele>1578.4</ele>
      </trkpt>
      <trkpt lat="47.58011" lon="12.306384">
        <ele>1578.0</ele>
      </trkpt>
      <trkpt lat="47.5801" lon="12.306406">
        <ele>1578.4</ele>
      </trkpt>
      <trkpt lat="47.580084" lon="12.306454">
        <ele>1579.8</ele>
      </trkpt>
      <trkpt lat="47.580073" lon="12.30647">
        <ele>1579.9</ele>
      </trkpt>
      <trkpt lat="47.580049" lon="12.306489">
        <ele>1579.5</ele>
      </trkpt>
      <trkpt lat="47.580005" lon="12.306509">
        <ele>1578.9</ele>
      </trkpt>
      <trkpt lat="47.579981" lon="12.306524">
        <ele>1578.8</ele>
      </trkpt>
      <trkpt lat="47.579928" lon="12.306549">
        <ele>1578.1</ele>
      </trkpt>
      <trkpt lat="47.579898" lon="12.306547">
        <ele>1577.0</ele>
      </trkpt>
      <trkpt lat="47.579865" lon="12.306556">
        <ele>1576.3</ele>
      </trkpt>
      <trkpt lat="47.579825" lon="12.306563">
        <ele>1574.8</ele>
      </trkpt>
      <trkpt lat="47.579814" lon="12.30656">
        <ele>1574.1</ele>
      </trkpt>
      <trkpt lat="47.579813" lon="12.306552">
        <ele>1573.6</ele>
      </trkpt>
      <trkpt lat="47.579836" lon="12.306521">
        <ele>1573.1</ele>
      </trkpt>
      <trkpt lat="47.579852" lon="12.306493">
        <ele>1572.3</ele>
      </trkpt>
      <trkpt lat="47.57987" lon="12.306471">
        <ele>1572.0</ele>
      </trkpt>
      <trkpt lat="47.579897" lon="12.306442">
        <ele>1571.8</ele>
      </trkpt>
      <trkpt lat="47.579907" lon="12.306424">
        <ele>1571.3</ele>
      </trkpt>
      <trkpt lat="47.579907" lon="12.306409">
        <ele>1570.6</ele>
      </trkpt>
      <trkpt lat="47.579917" lon="12.306386">
        <ele>1569.9</ele>
      </trkpt>
      <trkpt lat="47.579916" lon="12.306373">
        <ele>1569.2</ele>
      </trkpt>
      <trkpt lat="47.579925" lon="12.306344">
        <ele>1567.8</ele>
      </trkpt>
      <trkpt lat="47.579919" lon="12.306337">
        <ele>1567.1</ele>
      </trkpt>
      <trkpt lat="47.579911" lon="12.306344">
        <ele>1567.4</ele>
      </trkpt>
      <trkpt lat="47.579903" lon="12.306352">
        <ele>1567.6</ele>
      </trkpt>
      <trkpt lat="47.579885" lon="12.306351">
        <ele>1567.1</ele>
      </trkpt>
      <trkpt lat="47.579873" lon="12.306366">
        <ele>1567.5</ele>
      </trkpt>
      <trkpt lat="47.579861" lon="12.306378">
        <ele>1567.7</ele>
      </trkpt>
      <trkpt lat="47.579846" lon="12.306378">
        <ele>1567.1</ele>
      </trkpt>
      <trkpt lat="47.579819" lon="12.306372">
        <ele>1565.9</ele>
      </trkpt>
      <trkpt lat="47.57977" lon="12.306386">
        <ele>1564.2</ele>
      </trkpt>
      <trkpt lat="47.579715" lon="12.30641">
        <ele>1561.6</ele>
      </trkpt>
      <trkpt lat="47.579692" lon="12.306431">
        <ele>1561.1</ele>
      </trkpt>
      <trkpt lat="47.579653" lon="12.30646">
        <ele>1560.6</ele>
      </trkpt>
      <trkpt lat="47.579641" lon="12.306462">
        <ele>1560.2</ele>
      </trkpt>
      <trkpt lat="47.57963" lon="12.306455">
        <ele>1559.2</ele>
      </trkpt>
      <trkpt lat="47.579609" lon="12.306466">
        <ele>1558.9</ele>
      </trkpt>
      <trkpt lat="47.579586" lon="12.30647">
        <ele>1557.9</ele>
      </trkpt>
      <trkpt lat="47.57955" lon="12.306485">
        <ele>1556.8</ele>
      </trkpt>
      <trkpt lat="47.579507" lon="12.306537">
        <ele>1557.2</ele>
      </trkpt>
      <trkpt lat="47.579461" lon="12.306606">
        <ele>1556.8</ele>
      </trkpt>
      <trkpt lat="47.579451" lon="12.306647">
        <ele>1557.7</ele>
      </trkpt>
      <trkpt lat="47.579426" lon="12.306695">
        <ele>1557.1</ele>
      </trkpt>
      <trkpt lat="47.579391" lon="12.306804">
        <ele>1559.3</ele>
      </trkpt>
      <trkpt lat="47.57937" lon="12.306875">
        <ele>1560.8</ele>
      </trkpt>
      <trkpt lat="47.579361" lon="12.306946">
        <ele>1561.8</ele>
      </trkpt>
      <trkpt lat="47.57936" lon="12.307062">
        <ele>1562.1</ele>
      </trkpt>
      <trkpt lat="47.579368" lon="12.307132">
        <ele>1562.0</ele>
      </trkpt>
      <trkpt lat="47.579381" lon="12.30718">
        <ele>1563.3</ele>
      </trkpt>
      <trkpt lat="47.579385" lon="12.30723">
        <ele>1564.0</ele>
      </trkpt>
      <trkpt lat="47.579382" lon="12.307249">
        <ele>1564.1</ele>
      </trkpt>
      <trkpt lat="47.579347" lon="12.307328">
        <ele>1562.8</ele>
      </trkpt>
      <trkpt lat="47.579324" lon="12.307403">
        <ele>1562.6</ele>
      </trkpt>
      <trkpt lat="47.579312" lon="12.307467">
        <ele>1562.9</ele>
      </trkpt>
      <trkpt lat="47.579313" lon="12.307512">
        <ele>1563.7</ele>
      </trkpt>
      <trkpt lat="47.579322" lon="12.307544">
        <ele>1564.9</ele>
      </trkpt>
      <trkpt lat="47.579319" lon="12.307584">
        <ele>1565.4</ele>
      </trkpt>
      <trkpt lat="47.579307" lon="12.307611">
        <ele>1564.8</ele>
      </trkpt>
      <trkpt lat="47.579304" lon="12.307643">
        <ele>1564.9</ele>
      </trkpt>
      <trkpt lat="47.579304" lon="12.307737">
        <ele>1565.6</ele>
      </trkpt>
      <trkpt lat="47.579299" lon="12.307793">
        <ele>1565.4</ele>
      </trkpt>
      <trkpt lat="47.579289" lon="12.307809">
        <ele>1564.8</ele>
      </trkpt>
      <trkpt lat="47.579273" lon="12.307839">
        <ele>1564.5</ele>
      </trkpt>
      <trkpt lat="47.579262" lon="12.307874">
        <ele>1564.9</ele>
      </trkpt>
      <trkpt lat="47.579249" lon="12.307896">
        <ele>1565.0</ele>
      </trkpt>
      <trkpt lat="47.579223" lon="12.307925">
        <ele>1564.8</ele>
      </trkpt>
      <trkpt lat="47.579191" lon="12.307941">
        <ele>1563.9</ele>
      </trkpt>
      <trkpt lat="47.579133" lon="12.307988">
        <ele>1563.4</ele>
      </trkpt>
      <trkpt lat="47.579104" lon="12.308022">
        <ele>1563.5</ele>
      </trkpt>
      <trkpt lat="47.579094" lon="12.30805">
        <ele>1564.0</ele>
      </trkpt>
      <trkpt lat="47.579084" lon="12.308078">
        <ele>1564.5</ele>
      </trkpt>
      <trkpt lat="47.579035" lon="12.30815">
        <ele>1564.4</ele>
      </trkpt>
      <trkpt lat="47.579014" lon="12.308196">
        <ele>1564.5</ele>
      </trkpt>
      <trkpt lat="47.579004" lon="12.308246">
        <ele>1565.1</ele>
      </trkpt>
      <trkpt lat="47.579" lon="12.308284">
        <ele>1565.7</ele>
      </trkpt>
      <trkpt lat="47.578995" lon="12.308291">
        <ele>1565.5</ele>
      </trkpt>
      <trkpt lat="47.578986" lon="12.308301">
        <ele>1565.2</ele>
      </trkpt>
      <trkpt lat="47.578972" lon="12.30833">
        <ele>1565.1</ele>
      </trkpt>
      <trkpt lat="47.578947" lon="12.308364">
        <ele>1564.9</ele>
      </trkpt>
      <trkpt lat="47.578932" lon="12.308379">
        <ele>1564.9</ele>
      </trkpt>
      <trkpt lat="47.57891" lon="12.308395">
        <ele>1564.8</ele>
      </trkpt>
      <trkpt lat="47.578894" lon="12.308403">
        <ele>1564.6</ele>
      </trkpt>
      <trkpt lat="47.578882" lon="12.308415">
        <ele>1564.8</ele>
      </trkpt>
      <trkpt lat="47.578867" lon="12.30843">
        <ele>1565.1</ele>
      </trkpt>
      <trkpt lat="47.57886" lon="12.308435">
        <ele>1565.1</ele>
      </trkpt>
      <trkpt lat="47.578823" lon="12.308435">
        <ele>1564.1</ele>
      </trkpt>
      <trkpt lat="47.578815" lon="12.308444">
        <ele>1564.2</ele>
      </trkpt>
      <trkpt lat="47.578791" lon="12.308478">
        <ele>1564.7</ele>
      </trkpt>
      <trkpt lat="47.578766" lon="12.308531">
        <ele>1565.3</ele>
      </trkpt>
      <trkpt lat="47.578752" lon="12.308585">
        <ele>1565.8</ele>
      </trkpt>
      <trkpt lat="47.578748" lon="12.30864">
        <ele>1566.3</ele>
      </trkpt>
      <trkpt lat="47.578746" lon="12.308663">
        <ele>1566.4</ele>
      </trkpt>
      <trkpt lat="47.578736" lon="12.308708">
        <ele>1565.9</ele>
      </trkpt>
      <trkpt lat="47.578723" lon="12.308736">
        <ele>1565.4</ele>
      </trkpt>
      <trkpt lat="47.578704" lon="12.30877">
        <ele>1564.8</ele>
      </trkpt>
      <trkpt lat="47.578678" lon="12.308851">
        <ele>1565.1</ele>
      </trkpt>
      <trkpt lat="47.578663" lon="12.308899">
        <ele>1565.5</ele>
      </trkpt>
      <trkpt lat="47.578644" lon="12.308937">
        <ele>1565.6</ele>
      </trkpt>
      <trkpt lat="47.578618" lon="12.30897">
        <ele>1565.4</ele>
      </trkpt>
      <trkpt lat="47.578566" lon="12.309019">
        <ele>1565.3</ele>
      </trkpt>
      <trkpt lat="47.578508" lon="12.309088">
        <ele>1566.7</ele>
      </trkpt>
      <trkpt lat="47.578484" lon="12.309124">
        <ele>1567.6</ele>
      </trkpt>
      <trkpt lat="47.57844" lon="12.30917">
        <ele>1568.3</ele>
      </trkpt>
      <trkpt lat="47.578392" lon="12.309222">
        <ele>1569.5</ele>
      </trkpt>
      <trkpt lat="47.57834" lon="12.309259">
        <ele>1569.9</ele>
      </trkpt>
      <trkpt lat="47.578323" lon="12.309278">
        <ele>1570.7</ele>
      </trkpt>
      <trkpt lat="47.578311" lon="12.309285">
        <ele>1570.9</ele>
      </trkpt>
      <trkpt lat="47.578281" lon="12.309291">
        <ele>1571.1</ele>
      </trkpt>
      <trkpt lat="47.578254" lon="12.309302">
        <ele>1571.5</ele>
      </trkpt>
      <trkpt lat="47.578222" lon="12.309327">
        <ele>1572.5</ele>
      </trkpt>
      <trkpt lat="47.578198" lon="12.309351">
        <ele>1573.2</ele>
      </trkpt>
      <trkpt lat="47.57818" lon="12.30939">
        <ele>1573.9</ele>
      </trkpt>
      <trkpt lat="47.578162" lon="12.309441">
        <ele>1574.4</ele>
      </trkpt>
      <trkpt lat="47.578143" lon="12.309518">
        <ele>1574.8</ele>
      </trkpt>
      <trkpt lat="47.578121" lon="12.309605">
        <ele>1575.3</ele>
      </trkpt>
      <trkpt lat="47.578107" lon="12.309649">
        <ele>1575.6</ele>
      </trkpt>
      <trkpt lat="47.578087" lon="12.30969">
        <ele>1576.0</ele>
      </trkpt>
      <trkpt lat="47.578063" lon="12.309737">
        <ele>1576.7</ele>
      </trkpt>
      <trkpt lat="47.578053" lon="12.309752">
        <ele>1577.0</ele>
      </trkpt>
      <trkpt lat="47.578037" lon="12.309756">
        <ele>1576.9</ele>
      </trkpt>
      <trkpt lat="47.578019" lon="12.309758">
        <ele>1576.8</ele>
      </trkpt>
      <trkpt lat="47.577982" lon="12.309759">
        <ele>1576.6</ele>
      </trkpt>
      <trkpt lat="47.577949" lon="12.30977">
        <ele>1577.0</ele>
      </trkpt>
      <trkpt lat="47.5779" lon="12.309809">
        <ele>1577.6</ele>
      </trkpt>
      <trkpt lat="47.577863" lon="12.309844">
        <ele>1577.6</ele>
      </trkpt>
      <trkpt lat="47.577804" lon="12.309913">
        <ele>1577.9</ele>
      </trkpt>
      <trkpt lat="47.577766" lon="12.309956">
        <ele>1578.1</ele>
      </trkpt>
      <trkpt lat="47.577702" lon="12.310007">
        <ele>1578.2</ele>
      </trkpt>
      <trkpt lat="47.577658" lon="12.310048">
        <ele>1578.6</ele>
      </trkpt>
      <trkpt lat="47.577628" lon="12.310088">
        <ele>1579.1</ele>
      </trkpt>
      <trkpt lat="47.57759" lon="12.310125">
        <ele>1579.6</ele>
      </trkpt>
      <trkpt lat="47.577557" lon="12.310144">
        <ele>1579.8</ele>
      </trkpt>
      <trkpt lat="47.577536" lon="12.310148">
        <ele>1579.9</ele>
      </trkpt>
      <trkpt lat="47.577471" lon="12.310168">
        <ele>1580.4</ele>
      </trkpt>
      <trkpt lat="47.577446" lon="12.310181">
        <ele>1580.1</ele>
      </trkpt>
      <trkpt lat="47.577406" lon="12.310197">
        <ele>1579.1</ele>
      </trkpt>
      <trkpt lat="47.577361" lon="12.310289">
        <ele>1579.1</ele>
      </trkpt>
      <trkpt lat="47.57731" lon="12.310399">
        <ele>1579.7</ele>
      </trkpt>
      <trkpt lat="47.57728" lon="12.310399">
        <ele>1578.9</ele>
      </trkpt>
      <trkpt lat="47.577242" lon="12.310423">
        <ele>1578.6</ele>
      </trkpt>
      <trkpt lat="47.577215" lon="12.310444">
        <ele>1578.4</ele>
      </trkpt>
      <trkpt lat="47.577121" lon="12.310425">
        <ele>1576.6</ele>
      </trkpt>
      <trkpt lat="47.577084" lon="12.310375">
        <ele>1575.4</ele>
      </trkpt>
      <trkpt lat="47.577055" lon="12.310336">
        <ele>1574.2</ele>
      </trkpt>
      <trkpt lat="47.576993" lon="12.310326">
        <ele>1573.7</ele>
      </trkpt>
      <trkpt lat="47.576959" lon="12.310316">
        <ele>1573.2</ele>
      </trkpt>
      <trkpt lat="47.576936" lon="12.310352">
        <ele>1574.5</ele>
      </trkpt>
      <trkpt lat="47.576927" lon="12.310379">
        <ele>1575.3</ele>
        <name>Stripsenjochhaus (Bewirtschaftete AV-Hütte)</name>
        <extensions>
          <oa:Extension>
            <oa:mapZoom>17</oa:mapZoom>
          </oa:Extension>
        </extensions>
      </trkpt>
      <trkpt lat="47.576936" lon="12.310352">
        <ele>1574.5</ele>
      </trkpt>
      <trkpt lat="47.576959" lon="12.310316">
        <ele>1573.2</ele>
      </trkpt>
      <trkpt lat="47.576993" lon="12.310326">
        <ele>1573.7</ele>
      </trkpt>
      <trkpt lat="47.577055" lon="12.310336">
        <ele>1574.2</ele>
      </trkpt>
      <trkpt lat="47.577084" lon="12.310375">
        <ele>1575.4</ele>
      </trkpt>
      <trkpt lat="47.577121" lon="12.310425">
        <ele>1576.6</ele>
      </trkpt>
      <trkpt lat="47.577215" lon="12.310444">
        <ele>1578.4</ele>
      </trkpt>
      <trkpt lat="47.577242" lon="12.310423">
        <ele>1578.6</ele>
      </trkpt>
      <trkpt lat="47.57728" lon="12.310399">
        <ele>1578.9</ele>
      </trkpt>
      <trkpt lat="47.57731" lon="12.310399">
        <ele>1579.7</ele>
      </trkpt>
      <trkpt lat="47.5773" lon="12.310437">
        <ele>1580.4</ele>
      </trkpt>
      <trkpt lat="47.577256" lon="12.310491">
        <ele>1580.2</ele>
      </trkpt>
      <trkpt lat="47.577232" lon="12.310623">
        <ele>1581.3</ele>
      </trkpt>
      <trkpt lat="47.577178" lon="12.310704">
        <ele>1580.8</ele>
      </trkpt>
      <trkpt lat="47.577146" lon="12.310766">
        <ele>1581.3</ele>
      </trkpt>
      <trkpt lat="47.577151" lon="12.310791">
        <ele>1581.7</ele>
      </trkpt>
      <trkpt lat="47.577181" lon="12.310795">
        <ele>1582.6</ele>
      </trkpt>
      <trkpt lat="47.577261" lon="12.310774">
        <ele>1585.0</ele>
      </trkpt>
      <trkpt lat="47.577298" lon="12.310753">
        <ele>1586.0</ele>
      </trkpt>
      <trkpt lat="47.577343" lon="12.310759">
        <ele>1586.9</ele>
      </trkpt>
      <trkpt lat="47.57737" lon="12.310771">
        <ele>1587.3</ele>
      </trkpt>
      <trkpt lat="47.577447" lon="12.310752">
        <ele>1588.5</ele>
      </trkpt>
      <trkpt lat="47.577501" lon="12.310708">
        <ele>1589.9</ele>
      </trkpt>
      <trkpt lat="47.577557" lon="12.310677">
        <ele>1591.6</ele>
      </trkpt>
      <trkpt lat="47.577588" lon="12.310651">
        <ele>1592.6</ele>
      </trkpt>
      <trkpt lat="47.577639" lon="12.310665">
        <ele>1595.2</ele>
      </trkpt>
      <trkpt lat="47.577695" lon="12.310629">
        <ele>1596.9</ele>
      </trkpt>
      <trkpt lat="47.577748" lon="12.310587">
        <ele>1597.6</ele>
      </trkpt>
      <trkpt lat="47.577774" lon="12.310599">
        <ele>1598.5</ele>
      </trkpt>
      <trkpt lat="47.577784" lon="12.310612">
        <ele>1598.9</ele>
        <name>Panoramasteig, Ebbs</name>
        <extensions>
          <oa:Extension>
            <oa:mapZoom>17</oa:mapZoom>
          </oa:Extension>
        </extensions>
      </trkpt>
      <trkpt lat="47.577805" lon="12.310639">
        <ele>1599.7</ele>
      </trkpt>
      <trkpt lat="47.577843" lon="12.310661">
        <ele>1600.0</ele>
      </trkpt>
      <trkpt lat="47.577874" lon="12.310678">
        <ele>1599.9</ele>
      </trkpt>
      <trkpt lat="47.57794" lon="12.310662">
        <ele>1598.9</ele>
      </trkpt>
      <trkpt lat="47.57802" lon="12.31062">
        <ele>1596.2</ele>
      </trkpt>
      <trkpt lat="47.57811" lon="12.31058">
        <ele>1593.2</ele>
      </trkpt>
      <trkpt lat="47.578151" lon="12.310582">
        <ele>1591.9</ele>
      </trkpt>
      <trkpt lat="47.578244" lon="12.31061">
        <ele>1590.3</ele>
      </trkpt>
      <trkpt lat="47.578306" lon="12.310643">
        <ele>1590.3</ele>
      </trkpt>
      <trkpt lat="47.578367" lon="12.31066">
        <ele>1590.9</ele>
      </trkpt>
      <trkpt lat="47.578393" lon="12.31066">
        <ele>1591.5</ele>
      </trkpt>
      <trkpt lat="47.578411" lon="12.310648">
        <ele>1592.2</ele>
      </trkpt>
      <trkpt lat="47.578426" lon="12.310615">
        <ele>1593.2</ele>
      </trkpt>
      <trkpt lat="47.578445" lon="12.310584">
        <ele>1594.3</ele>
      </trkpt>
      <trkpt lat="47.57846" lon="12.310591">
        <ele>1594.7</ele>
      </trkpt>
      <trkpt lat="47.578478" lon="12.310581">
        <ele>1595.4</ele>
      </trkpt>
      <trkpt lat="47.578505" lon="12.310536">
        <ele>1597.4</ele>
      </trkpt>
      <trkpt lat="47.578545" lon="12.310496">
        <ele>1600.4</ele>
      </trkpt>
      <trkpt lat="47.578563" lon="12.310485">
        <ele>1601.4</ele>
      </trkpt>
      <trkpt lat="47.578587" lon="12.310448">
        <ele>1603.4</ele>
      </trkpt>
      <trkpt lat="47.578618" lon="12.310428">
        <ele>1605.1</ele>
      </trkpt>
      <trkpt lat="47.578629" lon="12.310409">
        <ele>1606.0</ele>
      </trkpt>
      <trkpt lat="47.578632" lon="12.310375">
        <ele>1606.8</ele>
      </trkpt>
      <trkpt lat="47.578625" lon="12.310345">
        <ele>1607.2</ele>
      </trkpt>
      <trkpt lat="47.578636" lon="12.310339">
        <ele>1607.9</ele>
      </trkpt>
      <trkpt lat="47.578644" lon="12.310298">
        <ele>1609.1</ele>
      </trkpt>
      <trkpt lat="47.578657" lon="12.310233">
        <ele>1610.7</ele>
      </trkpt>
      <trkpt lat="47.578671" lon="12.310197">
        <ele>1611.6</ele>
      </trkpt>
      <trkpt lat="47.578682" lon="12.310184">
        <ele>1612.1</ele>
      </trkpt>
      <trkpt lat="47.578697" lon="12.310186">
        <ele>1612.7</ele>
      </trkpt>
      <trkpt lat="47.578715" lon="12.310206">
        <ele>1613.5</ele>
      </trkpt>
      <trkpt lat="47.578725" lon="12.310217">
        <ele>1613.8</ele>
      </trkpt>
      <trkpt lat="47.578734" lon="12.310214">
        <ele>1614.3</ele>
      </trkpt>
      <trkpt lat="47.578753" lon="12.31018">
        <ele>1615.3</ele>
      </trkpt>
      <trkpt lat="47.578759" lon="12.310153">
        <ele>1615.6</ele>
      </trkpt>
      <trkpt lat="47.578775" lon="12.310124">
        <ele>1616.2</ele>
      </trkpt>
      <trkpt lat="47.578787" lon="12.31011">
        <ele>1616.7</ele>
      </trkpt>
      <trkpt lat="47.578804" lon="12.310123">
        <ele>1617.7</ele>
      </trkpt>
      <trkpt lat="47.578821" lon="12.310144">
        <ele>1618.5</ele>
      </trkpt>
      <trkpt lat="47.578834" lon="12.310147">
        <ele>1618.9</ele>
      </trkpt>
      <trkpt lat="47.578854" lon="12.310113">
        <ele>1619.6</ele>
      </trkpt>
      <trkpt lat="47.578893" lon="12.310035">
        <ele>1621.0</ele>
      </trkpt>
      <trkpt lat="47.57894" lon="12.31">
        <ele>1621.7</ele>
      </trkpt>
      <trkpt lat="47.578955" lon="12.309997">
        <ele>1621.8</ele>
      </trkpt>
      <trkpt lat="47.578981" lon="12.30998">
        <ele>1622.4</ele>
      </trkpt>
      <trkpt lat="47.579003" lon="12.309971">
        <ele>1623.1</ele>
      </trkpt>
      <trkpt lat="47.579053" lon="12.309928">
        <ele>1625.7</ele>
      </trkpt>
      <trkpt lat="47.579116" lon="12.309898">
        <ele>1628.5</ele>
      </trkpt>
      <trkpt lat="47.579139" lon="12.309897">
        <ele>1629.8</ele>
      </trkpt>
      <trkpt lat="47.579158" lon="12.309913">
        <ele>1631.3</ele>
      </trkpt>
      <trkpt lat="47.579173" lon="12.309894">
        <ele>1631.8</ele>
      </trkpt>
      <trkpt lat="47.579189" lon="12.309891">
        <ele>1632.9</ele>
      </trkpt>
      <trkpt lat="47.579191" lon="12.309913">
        <ele>1633.6</ele>
      </trkpt>
      <trkpt lat="47.57919" lon="12.309936">
        <ele>1633.9</ele>
      </trkpt>
      <trkpt lat="47.57918" lon="12.309975">
        <ele>1633.0</ele>
      </trkpt>
      <trkpt lat="47.579183" lon="12.309993">
        <ele>1633.0</ele>
      </trkpt>
      <trkpt lat="47.579193" lon="12.309995">
        <ele>1634.0</ele>
      </trkpt>
      <trkpt lat="47.579209" lon="12.309977">
        <ele>1635.7</ele>
      </trkpt>
      <trkpt lat="47.579223" lon="12.30999">
        <ele>1637.2</ele>
      </trkpt>
      <trkpt lat="47.579239" lon="12.31002">
        <ele>1638.9</ele>
      </trkpt>
      <trkpt lat="47.579247" lon="12.310055">
        <ele>1639.3</ele>
      </trkpt>
      <trkpt lat="47.57928" lon="12.31008">
        <ele>1641.7</ele>
      </trkpt>
      <trkpt lat="47.579295" lon="12.31011">
        <ele>1640.8</ele>
      </trkpt>
      <trkpt lat="47.579303" lon="12.310107">
        <ele>1641.6</ele>
      </trkpt>
      <trkpt lat="47.579316" lon="12.310091">
        <ele>1643.8</ele>
      </trkpt>
      <trkpt lat="47.579334" lon="12.3101">
        <ele>1644.1</ele>
      </trkpt>
      <trkpt lat="47.579356" lon="12.310087">
        <ele>1646.2</ele>
      </trkpt>
      <trkpt lat="47.579378" lon="12.310102">
        <ele>1646.1</ele>
      </trkpt>
      <trkpt lat="47.579396" lon="12.310108">
        <ele>1646.5</ele>
      </trkpt>
      <trkpt lat="47.579405" lon="12.310101">
        <ele>1647.6</ele>
      </trkpt>
      <trkpt lat="47.579406" lon="12.310024">
        <ele>1650.8</ele>
      </trkpt>
      <trkpt lat="47.579429" lon="12.30996">
        <ele>1650.2</ele>
      </trkpt>
      <trkpt lat="47.579449" lon="12.309948">
        <ele>1650.6</ele>
      </trkpt>
      <trkpt lat="47.5795" lon="12.309927">
        <ele>1651.9</ele>
      </trkpt>
      <trkpt lat="47.579517" lon="12.309925">
        <ele>1652.4</ele>
      </trkpt>
      <trkpt lat="47.579556" lon="12.309911">
        <ele>1653.1</ele>
      </trkpt>
      <trkpt lat="47.579593" lon="12.309914">
        <ele>1653.1</ele>
      </trkpt>
      <trkpt lat="47.579651" lon="12.309869">
        <ele>1654.7</ele>
      </trkpt>
      <trkpt lat="47.579663" lon="12.309814">
        <ele>1656.0</ele>
      </trkpt>
      <trkpt lat="47.579695" lon="12.309811">
        <ele>1657.4</ele>
      </trkpt>
      <trkpt lat="47.579751" lon="12.309798">
        <ele>1660.5</ele>
      </trkpt>
      <trkpt lat="47.579776" lon="12.3098">
        <ele>1662.0</ele>
      </trkpt>
      <trkpt lat="47.579828" lon="12.309843">
        <ele>1664.6</ele>
      </trkpt>
      <trkpt lat="47.579894" lon="12.309898">
        <ele>1667.1</ele>
      </trkpt>
      <trkpt lat="47.579932" lon="12.309934">
        <ele>1668.6</ele>
      </trkpt>
      <trkpt lat="47.579974" lon="12.30997">
        <ele>1671.1</ele>
      </trkpt>
      <trkpt lat="47.580008" lon="12.310022">
        <ele>1672.9</ele>
      </trkpt>
      <trkpt lat="47.580019" lon="12.310032">
        <ele>1673.4</ele>
      </trkpt>
      <trkpt lat="47.580033" lon="12.31003">
        <ele>1674.4</ele>
      </trkpt>
      <trkpt lat="47.580037" lon="12.309969">
        <ele>1676.0</ele>
      </trkpt>
      <trkpt lat="47.580075" lon="12.310004">
        <ele>1677.6</ele>
      </trkpt>
      <trkpt lat="47.58008" lon="12.30991">
        <ele>1680.5</ele>
      </trkpt>
      <trkpt lat="47.580103" lon="12.309927">
        <ele>1681.6</ele>
      </trkpt>
      <trkpt lat="47.580147" lon="12.309952">
        <ele>1683.2</ele>
      </trkpt>
      <trkpt lat="47.580185" lon="12.309958">
        <ele>1684.4</ele>
      </trkpt>
      <trkpt lat="47.58026" lon="12.309926">
        <ele>1687.8</ele>
      </trkpt>
      <trkpt lat="47.580357" lon="12.309951">
        <ele>1690.2</ele>
      </trkpt>
      <trkpt lat="47.580392" lon="12.30996">
        <ele>1691.6</ele>
      </trkpt>
      <trkpt lat="47.580401" lon="12.309943">
        <ele>1692.8</ele>
      </trkpt>
      <trkpt lat="47.580381" lon="12.309913">
        <ele>1693.1</ele>
      </trkpt>
      <trkpt lat="47.580341" lon="12.309862">
        <ele>1694.0</ele>
      </trkpt>
      <trkpt lat="47.580313" lon="12.30984">
        <ele>1693.9</ele>
      </trkpt>
      <trkpt lat="47.580326" lon="12.309829">
        <ele>1695.0</ele>
      </trkpt>
      <trkpt lat="47.580347" lon="12.309811">
        <ele>1696.7</ele>
      </trkpt>
      <trkpt lat="47.58036" lon="12.309782">
        <ele>1698.5</ele>
      </trkpt>
      <trkpt lat="47.580342" lon="12.309723">
        <ele>1698.8</ele>
      </trkpt>
      <trkpt lat="47.580343" lon="12.309678">
        <ele>1699.3</ele>
      </trkpt>
      <trkpt lat="47.580378" lon="12.309598">
        <ele>1701.9</ele>
      </trkpt>
      <trkpt lat="47.580405" lon="12.309533">
        <ele>1701.8</ele>
      </trkpt>
      <trkpt lat="47.58044" lon="12.309494">
        <ele>1703.1</ele>
      </trkpt>
      <trkpt lat="47.580472" lon="12.309486">
        <ele>1705.4</ele>
      </trkpt>
      <trkpt lat="47.580482" lon="12.30946">
        <ele>1705.0</ele>
      </trkpt>
      <trkpt lat="47.580534" lon="12.309409">
        <ele>1706.6</ele>
      </trkpt>
      <trkpt lat="47.580577" lon="12.309374">
        <ele>1708.6</ele>
      </trkpt>
      <trkpt lat="47.58061" lon="12.309367">
        <ele>1710.8</ele>
      </trkpt>
      <trkpt lat="47.580607" lon="12.309386">
        <ele>1711.1</ele>
      </trkpt>
      <trkpt lat="47.580587" lon="12.309421">
        <ele>1710.8</ele>
      </trkpt>
      <trkpt lat="47.580623" lon="12.309424">
        <ele>1713.3</ele>
      </trkpt>
      <trkpt lat="47.580662" lon="12.309406">
        <ele>1715.2</ele>
      </trkpt>
      <trkpt lat="47.580696" lon="12.3094">
        <ele>1717.2</ele>
      </trkpt>
      <trkpt lat="47.580717" lon="12.309382">
        <ele>1718.2</ele>
      </trkpt>
      <trkpt lat="47.58073" lon="12.309393">
        <ele>1719.4</ele>
      </trkpt>
      <trkpt lat="47.580718" lon="12.309428">
        <ele>1719.4</ele>
      </trkpt>
      <trkpt lat="47.580699" lon="12.309467">
        <ele>1719.2</ele>
      </trkpt>
      <trkpt lat="47.580766" lon="12.309488">
        <ele>1724.7</ele>
      </trkpt>
      <trkpt lat="47.58082" lon="12.30948">
        <ele>1726.9</ele>
      </trkpt>
      <trkpt lat="47.580826" lon="12.30948">
        <ele>1727.0</ele>
      </trkpt>
      <trkpt lat="47.580882" lon="12.309434">
        <ele>1727.4</ele>
      </trkpt>
      <trkpt lat="47.580901" lon="12.309399">
        <ele>1727.3</ele>
      </trkpt>
      <trkpt lat="47.580914" lon="12.309366">
        <ele>1727.7</ele>
      </trkpt>
      <trkpt lat="47.580914" lon="12.309323">
        <ele>1728.8</ele>
      </trkpt>
      <trkpt lat="47.580914" lon="12.309292">
        <ele>1729.5</ele>
      </trkpt>
      <trkpt lat="47.580919" lon="12.309244">
        <ele>1730.7</ele>
      </trkpt>
      <trkpt lat="47.580927" lon="12.309213">
        <ele>1731.5</ele>
      </trkpt>
      <trkpt lat="47.580958" lon="12.309181">
        <ele>1733.4</ele>
      </trkpt>
      <trkpt lat="47.580982" lon="12.309181">
        <ele>1734.0</ele>
      </trkpt>
      <trkpt lat="47.580991" lon="12.309162">
        <ele>1734.7</ele>
      </trkpt>
      <trkpt lat="47.58099" lon="12.309135">
        <ele>1735.6</ele>
      </trkpt>
      <trkpt lat="47.580978" lon="12.309071">
        <ele>1737.0</ele>
      </trkpt>
      <trkpt lat="47.58097" lon="12.30902">
        <ele>1737.9</ele>
      </trkpt>
      <trkpt lat="47.580972" lon="12.30896">
        <ele>1739.3</ele>
      </trkpt>
      <trkpt lat="47.580982" lon="12.308952">
        <ele>1740.1</ele>
      </trkpt>
      <trkpt lat="47.581014" lon="12.308986">
        <ele>1741.6</ele>
      </trkpt>
      <trkpt lat="47.581027" lon="12.308989">
        <ele>1742.3</ele>
      </trkpt>
      <trkpt lat="47.581034" lon="12.308928">
        <ele>1744.4</ele>
      </trkpt>
      <trkpt lat="47.58105" lon="12.308906">
        <ele>1746.0</ele>
      </trkpt>
      <trkpt lat="47.581069" lon="12.308877">
        <ele>1747.5</ele>
      </trkpt>
      <trkpt lat="47.581109" lon="12.308863">
        <ele>1749.4</ele>
      </trkpt>
      <trkpt lat="47.581169" lon="12.308849">
        <ele>1751.1</ele>
      </trkpt>
      <trkpt lat="47.581219" lon="12.308807">
        <ele>1752.6</ele>
      </trkpt>
      <trkpt lat="47.581245" lon="12.308804">
        <ele>1753.8</ele>
      </trkpt>
      <trkpt lat="47.581296" lon="12.3088">
        <ele>1756.9</ele>
      </trkpt>
      <trkpt lat="47.58133" lon="12.308794">
        <ele>1759.3</ele>
      </trkpt>
      <trkpt lat="47.581374" lon="12.308781">
        <ele>1762.2</ele>
      </trkpt>
      <trkpt lat="47.581425" lon="12.308807">
        <ele>1762.0</ele>
      </trkpt>
      <trkpt lat="47.581489" lon="12.308808">
        <ele>1763.9</ele>
      </trkpt>
      <trkpt lat="47.581517" lon="12.30882">
        <ele>1763.7</ele>
      </trkpt>
      <trkpt lat="47.581563" lon="12.308824">
        <ele>1764.0</ele>
      </trkpt>
      <trkpt lat="47.581622" lon="12.3088">
        <ele>1767.4</ele>
      </trkpt>
      <trkpt lat="47.581688" lon="12.308801">
        <ele>1769.7</ele>
      </trkpt>
      <trkpt lat="47.581726" lon="12.30882">
        <ele>1770.0</ele>
      </trkpt>
      <trkpt lat="47.581737" lon="12.308809">
        <ele>1771.2</ele>
      </trkpt>
      <trkpt lat="47.581728" lon="12.308779">
        <ele>1772.6</ele>
      </trkpt>
      <trkpt lat="47.581708" lon="12.308722">
        <ele>1775.4</ele>
      </trkpt>
      <trkpt lat="47.581707" lon="12.308695">
        <ele>1777.2</ele>
      </trkpt>
      <trkpt lat="47.581724" lon="12.308693">
        <ele>1777.8</ele>
      </trkpt>
      <trkpt lat="47.581754" lon="12.308705">
        <ele>1777.9</ele>
      </trkpt>
      <trkpt lat="47.581789" lon="12.308695">
        <ele>1779.0</ele>
      </trkpt>
      <trkpt lat="47.581787" lon="12.308674">
        <ele>1780.3</ele>
      </trkpt>
      <trkpt lat="47.58177" lon="12.308651">
        <ele>1781.6</ele>
      </trkpt>
      <trkpt lat="47.581754" lon="12.308625">
        <ele>1783.2</ele>
      </trkpt>
      <trkpt lat="47.581757" lon="12.308608">
        <ele>1784.4</ele>
      </trkpt>
      <trkpt lat="47.581806" lon="12.308592">
        <ele>1785.9</ele>
      </trkpt>
      <trkpt lat="47.581856" lon="12.308577">
        <ele>1787.9</ele>
      </trkpt>
      <trkpt lat="47.581906" lon="12.308544">
        <ele>1790.7</ele>
      </trkpt>
      <trkpt lat="47.581961" lon="12.308521">
        <ele>1792.7</ele>
      </trkpt>
      <trkpt lat="47.582006" lon="12.308494">
        <ele>1795.1</ele>
      </trkpt>
      <trkpt lat="47.582048" lon="12.308468">
        <ele>1797.3</ele>
      </trkpt>
      <trkpt lat="47.582141" lon="12.308465">
        <ele>1799.2</ele>
      </trkpt>
      <trkpt lat="47.582171" lon="12.308472">
        <ele>1799.1</ele>
      </trkpt>
      <trkpt lat="47.582192" lon="12.308456">
        <ele>1799.3</ele>
      </trkpt>
      <trkpt lat="47.582173" lon="12.308414">
        <ele>1800.1</ele>
      </trkpt>
      <trkpt lat="47.582128" lon="12.308363">
        <ele>1801.3</ele>
      </trkpt>
      <trkpt lat="47.582136" lon="12.308297">
        <ele>1800.7</ele>
      </trkpt>
      <trkpt lat="47.582144" lon="12.308263">
        <ele>1799.7</ele>
        <name>Stripsenkopf, Walchsee</name>
        <extensions>
          <oa:Extension>
            <oa:mapZoom>18</oa:mapZoom>
          </oa:Extension>
        </extensions>
      </trkpt>
      <trkpt lat="47.582136" lon="12.308297">
        <ele>1800.7</ele>
      </trkpt>
      <trkpt lat="47.582128" lon="12.308363">
        <ele>1801.3</ele>
      </trkpt>
      <trkpt lat="47.582173" lon="12.308414">
        <ele>1800.1</ele>
      </trkpt>
      <trkpt lat="47.582192" lon="12.308456">
        <ele>1799.3</ele>
      </trkpt>
      <trkpt lat="47.582171" lon="12.308472">
        <ele>1799.1</ele>
      </trkpt>
      <trkpt lat="47.582141" lon="12.308465">
        <ele>1799.2</ele>
      </trkpt>
      <trkpt lat="47.582048" lon="12.308468">
        <ele>1797.3</ele>
      </trkpt>
      <trkpt lat="47.582006" lon="12.308494">
        <ele>1795.1</ele>
      </trkpt>
      <trkpt lat="47.581961" lon="12.308521">
        <ele>1792.7</ele>
      </trkpt>
      <trkpt lat="47.581906" lon="12.308544">
        <ele>1790.7</ele>
      </trkpt>
      <trkpt lat="47.581856" lon="12.308577">
        <ele>1787.9</ele>
      </trkpt>
      <trkpt lat="47.581806" lon="12.308592">
        <ele>1785.9</ele>
      </trkpt>
      <trkpt lat="47.581757" lon="12.308608">
        <ele>1784.4</ele>
      </trkpt>
      <trkpt lat="47.581754" lon="12.308625">
        <ele>1783.2</ele>
      </trkpt>
      <trkpt lat="47.58177" lon="12.308651">
        <ele>1781.6</ele>
      </trkpt>
      <trkpt lat="47.581787" lon="12.308674">
        <ele>1780.3</ele>
      </trkpt>
      <trkpt lat="47.581789" lon="12.308695">
        <ele>1779.0</ele>
      </trkpt>
      <trkpt lat="47.581754" lon="12.308705">
        <ele>1777.9</ele>
      </trkpt>
      <trkpt lat="47.581724" lon="12.308693">
        <ele>1777.8</ele>
      </trkpt>
      <trkpt lat="47.581707" lon="12.308695">
        <ele>1777.2</ele>
      </trkpt>
      <trkpt lat="47.581708" lon="12.308722">
        <ele>1775.4</ele>
      </trkpt>
      <trkpt lat="47.581728" lon="12.308779">
        <ele>1772.6</ele>
      </trkpt>
      <trkpt lat="47.581737" lon="12.308809">
        <ele>1771.2</ele>
      </trkpt>
      <trkpt lat="47.581726" lon="12.30882">
        <ele>1770.0</ele>
      </trkpt>
      <trkpt lat="47.581688" lon="12.308801">
        <ele>1769.7</ele>
      </trkpt>
      <trkpt lat="47.581622" lon="12.3088">
        <ele>1767.4</ele>
      </trkpt>
      <trkpt lat="47.581563" lon="12.308824">
        <ele>1764.0</ele>
      </trkpt>
      <trkpt lat="47.581517" lon="12.30882">
        <ele>1763.7</ele>
      </trkpt>
      <trkpt lat="47.581489" lon="12.308808">
        <ele>1763.9</ele>
      </trkpt>
      <trkpt lat="47.581425" lon="12.308807">
        <ele>1762.0</ele>
      </trkpt>
      <trkpt lat="47.581374" lon="12.308781">
        <ele>1762.2</ele>
      </trkpt>
      <trkpt lat="47.58133" lon="12.308794">
        <ele>1759.3</ele>
      </trkpt>
      <trkpt lat="47.581296" lon="12.3088">
        <ele>1756.9</ele>
      </trkpt>
      <trkpt lat="47.581245" lon="12.308804">
        <ele>1753.8</ele>
      </trkpt>
      <trkpt lat="47.581219" lon="12.308807">
        <ele>1752.6</ele>
      </trkpt>
      <trkpt lat="47.581169" lon="12.308849">
        <ele>1751.1</ele>
      </trkpt>
      <trkpt lat="47.581109" lon="12.308863">
        <ele>1749.4</ele>
      </trkpt>
      <trkpt lat="47.581069" lon="12.308877">
        <ele>1747.5</ele>
      </trkpt>
      <trkpt lat="47.58105" lon="12.308906">
        <ele>1746.0</ele>
      </trkpt>
      <trkpt lat="47.581034" lon="12.308928">
        <ele>1744.4</ele>
      </trkpt>
      <trkpt lat="47.581027" lon="12.308989">
        <ele>1742.3</ele>
      </trkpt>
      <trkpt lat="47.581014" lon="12.308986">
        <ele>1741.6</ele>
      </trkpt>
      <trkpt lat="47.580982" lon="12.308952">
        <ele>1740.1</ele>
      </trkpt>
      <trkpt lat="47.580972" lon="12.30896">
        <ele>1739.3</ele>
      </trkpt>
      <trkpt lat="47.58097" lon="12.30902">
        <ele>1737.9</ele>
      </trkpt>
      <trkpt lat="47.580978" lon="12.309071">
        <ele>1737.0</ele>
      </trkpt>
      <trkpt lat="47.58099" lon="12.309135">
        <ele>1735.6</ele>
      </trkpt>
      <trkpt lat="47.580991" lon="12.309162">
        <ele>1734.7</ele>
      </trkpt>
      <trkpt lat="47.580982" lon="12.309181">
        <ele>1734.0</ele>
      </trkpt>
      <trkpt lat="47.580958" lon="12.309181">
        <ele>1733.4</ele>
      </trkpt>
      <trkpt lat="47.580927" lon="12.309213">
        <ele>1731.5</ele>
      </trkpt>
      <trkpt lat="47.580919" lon="12.309244">
        <ele>1730.7</ele>
      </trkpt>
      <trkpt lat="47.580914" lon="12.309292">
        <ele>1729.5</ele>
      </trkpt>
      <trkpt lat="47.580914" lon="12.309323">
        <ele>1728.8</ele>
      </trkpt>
      <trkpt lat="47.580914" lon="12.309366">
        <ele>1727.7</ele>
      </trkpt>
      <trkpt lat="47.580901" lon="12.309399">
        <ele>1727.3</ele>
      </trkpt>
      <trkpt lat="47.580882" lon="12.309434">
        <ele>1727.4</ele>
      </trkpt>
      <trkpt lat="47.580826" lon="12.30948">
        <ele>1727.0</ele>
      </trkpt>
      <trkpt lat="47.58082" lon="12.30948">
        <ele>1726.9</ele>
      </trkpt>
      <trkpt lat="47.580766" lon="12.309488">
        <ele>1724.7</ele>
      </trkpt>
      <trkpt lat="47.580699" lon="12.309467">
        <ele>1719.2</ele>
      </trkpt>
      <trkpt lat="47.580718" lon="12.309428">
        <ele>1719.4</ele>
      </trkpt>
      <trkpt lat="47.58073" lon="12.309393">
        <ele>1719.4</ele>
      </trkpt>
      <trkpt lat="47.580717" lon="12.309382">
        <ele>1718.2</ele>
      </trkpt>
      <trkpt lat="47.580696" lon="12.3094">
        <ele>1717.2</ele>
      </trkpt>
      <trkpt lat="47.580662" lon="12.309406">
        <ele>1715.2</ele>
      </trkpt>
      <trkpt lat="47.580623" lon="12.309424">
        <ele>1713.3</ele>
      </trkpt>
      <trkpt lat="47.580587" lon="12.309421">
        <ele>1710.8</ele>
      </trkpt>
      <trkpt lat="47.580607" lon="12.309386">
        <ele>1711.1</ele>
      </trkpt>
      <trkpt lat="47.58061" lon="12.309367">
        <ele>1710.8</ele>
      </trkpt>
      <trkpt lat="47.580577" lon="12.309374">
        <ele>1708.6</ele>
      </trkpt>
      <trkpt lat="47.580534" lon="12.309409">
        <ele>1706.6</ele>
      </trkpt>
      <trkpt lat="47.580482" lon="12.30946">
        <ele>1705.0</ele>
      </trkpt>
      <trkpt lat="47.580472" lon="12.309486">
        <ele>1705.4</ele>
      </trkpt>
      <trkpt lat="47.58044" lon="12.309494">
        <ele>1703.1</ele>
      </trkpt>
      <trkpt lat="47.580405" lon="12.309533">
        <ele>1701.8</ele>
      </trkpt>
      <trkpt lat="47.580378" lon="12.309598">
        <ele>1701.9</ele>
      </trkpt>
      <trkpt lat="47.580343" lon="12.309678">
        <ele>1699.3</ele>
      </trkpt>
      <trkpt lat="47.580342" lon="12.309723">
        <ele>1698.8</ele>
      </trkpt>
      <trkpt lat="47.58036" lon="12.309782">
        <ele>1698.5</ele>
      </trkpt>
      <trkpt lat="47.580347" lon="12.309811">
        <ele>1696.7</ele>
      </trkpt>
      <trkpt lat="47.580326" lon="12.309829">
        <ele>1695.0</ele>
      </trkpt>
      <trkpt lat="47.580313" lon="12.30984">
        <ele>1693.9</ele>
      </trkpt>
      <trkpt lat="47.580341" lon="12.309862">
        <ele>1694.0</ele>
      </trkpt>
      <trkpt lat="47.580381" lon="12.309913">
        <ele>1693.1</ele>
      </trkpt>
      <trkpt lat="47.580401" lon="12.309943">
        <ele>1692.8</ele>
      </trkpt>
      <trkpt lat="47.580392" lon="12.30996">
        <ele>1691.6</ele>
      </trkpt>
      <trkpt lat="47.580357" lon="12.309951">
        <ele>1690.2</ele>
      </trkpt>
      <trkpt lat="47.58026" lon="12.309926">
        <ele>1687.8</ele>
      </trkpt>
      <trkpt lat="47.580185" lon="12.309958">
        <ele>1684.4</ele>
      </trkpt>
      <trkpt lat="47.580147" lon="12.309952">
        <ele>1683.2</ele>
      </trkpt>
      <trkpt lat="47.580103" lon="12.309927">
        <ele>1681.6</ele>
      </trkpt>
      <trkpt lat="47.58008" lon="12.30991">
        <ele>1680.5</ele>
      </trkpt>
      <trkpt lat="47.580075" lon="12.310004">
        <ele>1677.6</ele>
      </trkpt>
      <trkpt lat="47.580037" lon="12.309969">
        <ele>1676.0</ele>
      </trkpt>
      <trkpt lat="47.580033" lon="12.31003">
        <ele>1674.4</ele>
      </trkpt>
      <trkpt lat="47.580019" lon="12.310032">
        <ele>1673.4</ele>
      </trkpt>
      <trkpt lat="47.580008" lon="12.310022">
        <ele>1672.9</ele>
      </trkpt>
      <trkpt lat="47.579974" lon="12.30997">
        <ele>1671.1</ele>
      </trkpt>
      <trkpt lat="47.579932" lon="12.309934">
        <ele>1668.6</ele>
      </trkpt>
      <trkpt lat="47.579894" lon="12.309898">
        <ele>1667.1</ele>
      </trkpt>
      <trkpt lat="47.579828" lon="12.309843">
        <ele>1664.6</ele>
      </trkpt>
      <trkpt lat="47.579776" lon="12.3098">
        <ele>1662.0</ele>
      </trkpt>
      <trkpt lat="47.579751" lon="12.309798">
        <ele>1660.5</ele>
      </trkpt>
      <trkpt lat="47.579695" lon="12.309811">
        <ele>1657.4</ele>
      </trkpt>
      <trkpt lat="47.579663" lon="12.309814">
        <ele>1656.0</ele>
      </trkpt>
      <trkpt lat="47.579651" lon="12.309869">
        <ele>1654.7</ele>
      </trkpt>
      <trkpt lat="47.579593" lon="12.309914">
        <ele>1653.1</ele>
      </trkpt>
      <trkpt lat="47.579556" lon="12.309911">
        <ele>1653.1</ele>
      </trkpt>
      <trkpt lat="47.579517" lon="12.309925">
        <ele>1652.4</ele>
      </trkpt>
      <trkpt lat="47.5795" lon="12.309927">
        <ele>1651.9</ele>
      </trkpt>
      <trkpt lat="47.579449" lon="12.309948">
        <ele>1650.6</ele>
      </trkpt>
      <trkpt lat="47.579429" lon="12.30996">
        <ele>1650.2</ele>
      </trkpt>
      <trkpt lat="47.579406" lon="12.310024">
        <ele>1650.8</ele>
      </trkpt>
      <trkpt lat="47.579405" lon="12.310101">
        <ele>1647.6</ele>
      </trkpt>
      <trkpt lat="47.579396" lon="12.310108">
        <ele>1646.5</ele>
      </trkpt>
      <trkpt lat="47.579378" lon="12.310102">
        <ele>1646.1</ele>
      </trkpt>
      <trkpt lat="47.579356" lon="12.310087">
        <ele>1646.2</ele>
      </trkpt>
      <trkpt lat="47.579334" lon="12.3101">
        <ele>1644.1</ele>
      </trkpt>
      <trkpt lat="47.579316" lon="12.310091">
        <ele>1643.8</ele>
      </trkpt>
      <trkpt lat="47.579303" lon="12.310107">
        <ele>1641.6</ele>
      </trkpt>
      <trkpt lat="47.579295" lon="12.31011">
        <ele>1640.8</ele>
      </trkpt>
      <trkpt lat="47.57928" lon="12.31008">
        <ele>1641.7</ele>
      </trkpt>
      <trkpt lat="47.579247" lon="12.310055">
        <ele>1639.3</ele>
      </trkpt>
      <trkpt lat="47.579239" lon="12.31002">
        <ele>1638.9</ele>
      </trkpt>
      <trkpt lat="47.579223" lon="12.30999">
        <ele>1637.2</ele>
      </trkpt>
      <trkpt lat="47.579209" lon="12.309977">
        <ele>1635.7</ele>
      </trkpt>
      <trkpt lat="47.579193" lon="12.309995">
        <ele>1634.0</ele>
      </trkpt>
      <trkpt lat="47.579183" lon="12.309993">
        <ele>1633.0</ele>
      </trkpt>
      <trkpt lat="47.57918" lon="12.309975">
        <ele>1633.0</ele>
      </trkpt>
      <trkpt lat="47.57919" lon="12.309936">
        <ele>1633.9</ele>
      </trkpt>
      <trkpt lat="47.579191" lon="12.309913">
        <ele>1633.6</ele>
      </trkpt>
      <trkpt lat="47.579189" lon="12.309891">
        <ele>1632.9</ele>
      </trkpt>
      <trkpt lat="47.579173" lon="12.309894">
        <ele>1631.8</ele>
      </trkpt>
      <trkpt lat="47.579158" lon="12.309913">
        <ele>1631.3</ele>
      </trkpt>
      <trkpt lat="47.579139" lon="12.309897">
        <ele>1629.8</ele>
      </trkpt>
      <trkpt lat="47.579116" lon="12.309898">
        <ele>1628.5</ele>
      </trkpt>
      <trkpt lat="47.579053" lon="12.309928">
        <ele>1625.7</ele>
      </trkpt>
      <trkpt lat="47.579003" lon="12.309971">
        <ele>1623.1</ele>
      </trkpt>
      <trkpt lat="47.578981" lon="12.30998">
        <ele>1622.4</ele>
      </trkpt>
      <trkpt lat="47.578955" lon="12.309997">
        <ele>1621.8</ele>
      </trkpt>
      <trkpt lat="47.57894" lon="12.31">
        <ele>1621.7</ele>
      </trkpt>
      <trkpt lat="47.578893" lon="12.310035">
        <ele>1621.0</ele>
      </trkpt>
      <trkpt lat="47.578854" lon="12.310113">
        <ele>1619.6</ele>
      </trkpt>
      <trkpt lat="47.578834" lon="12.310147">
        <ele>1618.9</ele>
      </trkpt>
      <trkpt lat="47.578821" lon="12.310144">
        <ele>1618.5</ele>
      </trkpt>
      <trkpt lat="47.578804" lon="12.310123">
        <ele>1617.7</ele>
      </trkpt>
      <trkpt lat="47.578787" lon="12.31011">
        <ele>1616.7</ele>
      </trkpt>
      <trkpt lat="47.578775" lon="12.310124">
        <ele>1616.2</ele>
      </trkpt>
      <trkpt lat="47.578759" lon="12.310153">
        <ele>1615.6</ele>
      </trkpt>
      <trkpt lat="47.578753" lon="12.31018">
        <ele>1615.3</ele>
      </trkpt>
      <trkpt lat="47.578734" lon="12.310214">
        <ele>1614.3</ele>
      </trkpt>
      <trkpt lat="47.578725" lon="12.310217">
        <ele>1613.8</ele>
      </trkpt>
      <trkpt lat="47.578715" lon="12.310206">
        <ele>1613.5</ele>
      </trkpt>
      <trkpt lat="47.578697" lon="12.310186">
        <ele>1612.7</ele>
      </trkpt>
      <trkpt lat="47.578682" lon="12.310184">
        <ele>1612.1</ele>
      </trkpt>
      <trkpt lat="47.578671" lon="12.310197">
        <ele>1611.6</ele>
      </trkpt>
      <trkpt lat="47.578657" lon="12.310233">
        <ele>1610.7</ele>
      </trkpt>
      <trkpt lat="47.578644" lon="12.310298">
        <ele>1609.1</ele>
      </trkpt>
      <trkpt lat="47.578636" lon="12.310339">
        <ele>1607.9</ele>
      </trkpt>
      <trkpt lat="47.578625" lon="12.310345">
        <ele>1607.2</ele>
      </trkpt>
      <trkpt lat="47.578632" lon="12.310375">
        <ele>1606.8</ele>
      </trkpt>
      <trkpt lat="47.578629" lon="12.310409">
        <ele>1606.0</ele>
      </trkpt>
      <trkpt lat="47.578618" lon="12.310428">
        <ele>1605.1</ele>
      </trkpt>
      <trkpt lat="47.578587" lon="12.310448">
        <ele>1603.4</ele>
      </trkpt>
      <trkpt lat="47.578563" lon="12.310485">
        <ele>1601.4</ele>
      </trkpt>
      <trkpt lat="47.578545" lon="12.310496">
        <ele>1600.4</ele>
      </trkpt>
      <trkpt lat="47.578505" lon="12.310536">
        <ele>1597.4</ele>
      </trkpt>
      <trkpt lat="47.578478" lon="12.310581">
        <ele>1595.4</ele>
      </trkpt>
      <trkpt lat="47.57846" lon="12.310591">
        <ele>1594.7</ele>
      </trkpt>
      <trkpt lat="47.578445" lon="12.310584">
        <ele>1594.3</ele>
      </trkpt>
      <trkpt lat="47.578426" lon="12.310615">
        <ele>1593.2</ele>
      </trkpt>
      <trkpt lat="47.578411" lon="12.310648">
        <ele>1592.2</ele>
      </trkpt>
      <trkpt lat="47.578393" lon="12.31066">
        <ele>1591.5</ele>
      </trkpt>
      <trkpt lat="47.578367" lon="12.31066">
        <ele>1590.9</ele>
      </trkpt>
      <trkpt lat="47.578306" lon="12.310643">
        <ele>1590.3</ele>
      </trkpt>
      <trkpt lat="47.578244" lon="12.31061">
        <ele>1590.3</ele>
      </trkpt>
      <trkpt lat="47.578151" lon="12.310582">
        <ele>1591.9</ele>
      </trkpt>
      <trkpt lat="47.57811" lon="12.31058">
        <ele>1593.2</ele>
      </trkpt>
      <trkpt lat="47.57802" lon="12.31062">
        <ele>1596.2</ele>
      </trkpt>
      <trkpt lat="47.57794" lon="12.310662">
        <ele>1598.9</ele>
      </trkpt>
      <trkpt lat="47.577874" lon="12.310678">
        <ele>1599.9</ele>
      </trkpt>
      <trkpt lat="47.577843" lon="12.310661">
        <ele>1600.0</ele>
      </trkpt>
      <trkpt lat="47.577805" lon="12.310639">
        <ele>1599.7</ele>
      </trkpt>
      <trkpt lat="47.577774" lon="12.310599">
        <ele>1598.5</ele>
      </trkpt>
      <trkpt lat="47.577748" lon="12.310587">
        <ele>1597.6</ele>
      </trkpt>
      <trkpt lat="47.577695" lon="12.310629">
        <ele>1596.9</ele>
      </trkpt>
      <trkpt lat="47.577639" lon="12.310665">
        <ele>1595.2</ele>
      </trkpt>
      <trkpt lat="47.577625" lon="12.310661">
        <ele>1594.5</ele>
        <name>Panoramasteig, Ebbs</name>
        <extensions>
          <oa:Extension>
            <oa:mapZoom>18</oa:mapZoom>
          </oa:Extension>
        </extensions>
      </trkpt>
      <trkpt lat="47.577588" lon="12.310651">
        <ele>1592.6</ele>
      </trkpt>
      <trkpt lat="47.577557" lon="12.310677">
        <ele>1591.6</ele>
      </trkpt>
      <trkpt lat="47.577501" lon="12.310708">
        <ele>1589.9</ele>
      </trkpt>
      <trkpt lat="47.577447" lon="12.310752">
        <ele>1588.5</ele>
      </trkpt>
      <trkpt lat="47.57737" lon="12.310771">
        <ele>1587.3</ele>
      </trkpt>
      <trkpt lat="47.577343" lon="12.310759">
        <ele>1586.9</ele>
      </trkpt>
      <trkpt lat="47.577298" lon="12.310753">
        <ele>1586.0</ele>
      </trkpt>
      <trkpt lat="47.577261" lon="12.310774">
        <ele>1585.0</ele>
      </trkpt>
      <trkpt lat="47.577181" lon="12.310795">
        <ele>1582.6</ele>
      </trkpt>
      <trkpt lat="47.577151" lon="12.310791">
        <ele>1581.7</ele>
      </trkpt>
      <trkpt lat="47.577146" lon="12.310766">
        <ele>1581.3</ele>
      </trkpt>
      <trkpt lat="47.577178" lon="12.310704">
        <ele>1580.8</ele>
      </trkpt>
      <trkpt lat="47.577232" lon="12.310623">
        <ele>1581.3</ele>
      </trkpt>
      <trkpt lat="47.577256" lon="12.310491">
        <ele>1580.2</ele>
      </trkpt>
      <trkpt lat="47.5773" lon="12.310437">
        <ele>1580.4</ele>
      </trkpt>
      <trkpt lat="47.57731" lon="12.310399">
        <ele>1579.7</ele>
      </trkpt>
      <trkpt lat="47.57728" lon="12.310399">
        <ele>1578.9</ele>
      </trkpt>
      <trkpt lat="47.577242" lon="12.310423">
        <ele>1578.6</ele>
      </trkpt>
      <trkpt lat="47.577215" lon="12.310444">
        <ele>1578.4</ele>
      </trkpt>
      <trkpt lat="47.577121" lon="12.310425">
        <ele>1576.6</ele>
      </trkpt>
      <trkpt lat="47.577084" lon="12.310375">
        <ele>1575.4</ele>
      </trkpt>
      <trkpt lat="47.577055" lon="12.310336">
        <ele>1574.2</ele>
      </trkpt>
      <trkpt lat="47.576993" lon="12.310326">
        <ele>1573.7</ele>
      </trkpt>
      <trkpt lat="47.576959" lon="12.310316">
        <ele>1573.2</ele>
      </trkpt>
      <trkpt lat="47.576936" lon="12.310352">
        <ele>1574.5</ele>
      </trkpt>
      <trkpt lat="47.576927" lon="12.310379">
        <ele>1575.3</ele>
      </trkpt>
      <trkpt lat="47.576852" lon="12.310367">
        <ele>1575.0</ele>
        <name>Stripsenjochhaus, Ebbs</name>
        <extensions>
          <oa:Extension>
            <oa:mapZoom>18</oa:mapZoom>
          </oa:Extension>
        </extensions>
      </trkpt>
    </trkseg>
  </trk>
</gpx>