<?xml version="1.0" encoding="UTF-8" standalone="yes"?>
<gpx version="1.1" creator="outdooractive - http://www.outdooractive.com" xmlns="http://www.topografix.com/GPX/1/1" xmlns:oa="http://www.outdooractive.com/GPX/Extensions/1" xmlns:xsi="http://www.w3.org/2001/XMLSchema-instance" xsi:schemaLocation="http://www.topografix.com/GPX/1/1 http://www.topografix.com/GPX/1/1/gpx.xsd http://www.outdooractive.com/GPX/Extensions/1 https://www.outdooractive.com/schema/gpx_extensions.xsd">
  <metadata>
    <name>Kaisertour: Vom Stripsenjochhaus über&apos;s Anton-Karg-Haus zum Weinberghaus</name>
    <author>
      <name>DAV Sektion Oberland - DAV Sektion Oberland</name>
    </author>
    <link href="https://www.outdooractive.com/r/23685858"/>
    <time>2026-03-25T14:29:08.446Z</time>
    <extensions>
      <oa:oaCategory>mountaineering</oa:oaCategory>
    </extensions>
  </metadata>
  <trk>
    <name>Kaisertour: Vom Stripsenjochhaus über&apos;s Anton-Karg-Haus zum Weinberghaus</name>
    <desc>Schroffes Kaiserambiente auf der Nordseite des Wilden Kaisers vom Stripsenjochhaus über das Anton-Karg-Haus über den Bettlersteig und den Gamskogel zum Weinberghaus</desc>
    <type>mountaineering</type>
    <trkseg>
      <trkpt lat="47.577114" lon="12.310415">
        <ele>1576.4</ele>
        <name>Stripsenjochhaus, Kirchdorf in Tirol</name>
        <extensions>
          <oa:Extension>
            <oa:mapZoom>17</oa:mapZoom>
          </oa:Extension>
        </extensions>
      </trkpt>
      <trkpt lat="47.577084" lon="12.310375">
        <ele>1575.4</ele>
      </trkpt>
      <trkpt lat="47.577055" lon="12.310336">
        <ele>1574.2</ele>
      </trkpt>
      <trkpt lat="47.576993" lon="12.310326">
        <ele>1573.7</ele>
      </trkpt>
      <trkpt lat="47.576959" lon="12.310316">
        <ele>1573.2</ele>
      </trkpt>
      <trkpt lat="47.576936" lon="12.310352">
        <ele>1574.5</ele>
      </trkpt>
      <trkpt lat="47.576927" lon="12.310379">
        <ele>1575.3</ele>
      </trkpt>
      <trkpt lat="47.576843" lon="12.310365">
        <ele>1575.0</ele>
      </trkpt>
      <trkpt lat="47.576836" lon="12.310338">
        <ele>1574.6</ele>
      </trkpt>
      <trkpt lat="47.576822" lon="12.310316">
        <ele>1574.4</ele>
      </trkpt>
      <trkpt lat="47.576815" lon="12.310283">
        <ele>1574.0</ele>
      </trkpt>
      <trkpt lat="47.576804" lon="12.310256">
        <ele>1574.2</ele>
      </trkpt>
      <trkpt lat="47.576795" lon="12.310236">
        <ele>1574.4</ele>
      </trkpt>
      <trkpt lat="47.576798" lon="12.310222">
        <ele>1574.1</ele>
      </trkpt>
      <trkpt lat="47.576808" lon="12.31022">
        <ele>1573.5</ele>
      </trkpt>
      <trkpt lat="47.576819" lon="12.310223">
        <ele>1573.0</ele>
      </trkpt>
      <trkpt lat="47.576838" lon="12.310244">
        <ele>1572.6</ele>
      </trkpt>
      <trkpt lat="47.576854" lon="12.310252">
        <ele>1572.3</ele>
      </trkpt>
      <trkpt lat="47.57686" lon="12.31025">
        <ele>1572.0</ele>
      </trkpt>
      <trkpt lat="47.576862" lon="12.310242">
        <ele>1571.8</ele>
      </trkpt>
      <trkpt lat="47.576863" lon="12.31021">
        <ele>1570.9</ele>
      </trkpt>
      <trkpt lat="47.576864" lon="12.310161">
        <ele>1569.5</ele>
      </trkpt>
      <trkpt lat="47.576854" lon="12.310132">
        <ele>1569.3</ele>
      </trkpt>
      <trkpt lat="47.576853" lon="12.310109">
        <ele>1568.9</ele>
      </trkpt>
      <trkpt lat="47.576864" lon="12.310098">
        <ele>1568.1</ele>
      </trkpt>
      <trkpt lat="47.576874" lon="12.3101">
        <ele>1567.5</ele>
      </trkpt>
      <trkpt lat="47.576884" lon="12.310114">
        <ele>1567.3</ele>
      </trkpt>
      <trkpt lat="47.576903" lon="12.310133">
        <ele>1567.0</ele>
      </trkpt>
      <trkpt lat="47.576931" lon="12.310144">
        <ele>1566.5</ele>
      </trkpt>
      <trkpt lat="47.576953" lon="12.31014">
        <ele>1565.9</ele>
      </trkpt>
      <trkpt lat="47.577026" lon="12.31009">
        <ele>1563.5</ele>
      </trkpt>
      <trkpt lat="47.577101" lon="12.310044">
        <ele>1562.2</ele>
      </trkpt>
      <trkpt lat="47.57713" lon="12.310019">
        <ele>1562.2</ele>
      </trkpt>
      <trkpt lat="47.577145" lon="12.309996">
        <ele>1562.1</ele>
      </trkpt>
      <trkpt lat="47.577159" lon="12.309944">
        <ele>1561.3</ele>
      </trkpt>
      <trkpt lat="47.577195" lon="12.309816">
        <ele>1560.2</ele>
      </trkpt>
      <trkpt lat="47.577228" lon="12.30969">
        <ele>1558.1</ele>
      </trkpt>
      <trkpt lat="47.577286" lon="12.309538">
        <ele>1554.5</ele>
      </trkpt>
      <trkpt lat="47.577318" lon="12.309495">
        <ele>1553.4</ele>
      </trkpt>
      <trkpt lat="47.577356" lon="12.309431">
        <ele>1551.0</ele>
      </trkpt>
      <trkpt lat="47.577397" lon="12.309384">
        <ele>1549.4</ele>
      </trkpt>
      <trkpt lat="47.577433" lon="12.309341">
        <ele>1547.7</ele>
      </trkpt>
      <trkpt lat="47.577501" lon="12.30926">
        <ele>1545.2</ele>
      </trkpt>
      <trkpt lat="47.577528" lon="12.30922">
        <ele>1544.3</ele>
      </trkpt>
      <trkpt lat="47.577536" lon="12.309196">
        <ele>1543.6</ele>
      </trkpt>
      <trkpt lat="47.577544" lon="12.309168">
        <ele>1542.5</ele>
      </trkpt>
      <trkpt lat="47.577567" lon="12.309121">
        <ele>1540.8</ele>
      </trkpt>
      <trkpt lat="47.577591" lon="12.309085">
        <ele>1539.4</ele>
      </trkpt>
      <trkpt lat="47.577601" lon="12.309059">
        <ele>1538.1</ele>
      </trkpt>
      <trkpt lat="47.577635" lon="12.309014">
        <ele>1536.3</ele>
      </trkpt>
      <trkpt lat="47.577666" lon="12.308976">
        <ele>1535.3</ele>
      </trkpt>
      <trkpt lat="47.577669" lon="12.308962">
        <ele>1534.7</ele>
      </trkpt>
      <trkpt lat="47.577683" lon="12.30894">
        <ele>1534.0</ele>
      </trkpt>
      <trkpt lat="47.577734" lon="12.308901">
        <ele>1534.4</ele>
      </trkpt>
      <trkpt lat="47.577736" lon="12.308891">
        <ele>1534.1</ele>
      </trkpt>
      <trkpt lat="47.577738" lon="12.308877">
        <ele>1533.8</ele>
      </trkpt>
      <trkpt lat="47.577738" lon="12.308838">
        <ele>1532.7</ele>
      </trkpt>
      <trkpt lat="47.57774" lon="12.308807">
        <ele>1532.1</ele>
      </trkpt>
      <trkpt lat="47.577755" lon="12.308749">
        <ele>1531.2</ele>
      </trkpt>
      <trkpt lat="47.577763" lon="12.308721">
        <ele>1530.6</ele>
      </trkpt>
      <trkpt lat="47.577765" lon="12.308677">
        <ele>1529.0</ele>
      </trkpt>
      <trkpt lat="47.577787" lon="12.308637">
        <ele>1528.4</ele>
      </trkpt>
      <trkpt lat="47.577786" lon="12.308626">
        <ele>1527.9</ele>
      </trkpt>
      <trkpt lat="47.57778" lon="12.308613">
        <ele>1527.1</ele>
      </trkpt>
      <trkpt lat="47.577772" lon="12.308613">
        <ele>1526.7</ele>
      </trkpt>
      <trkpt lat="47.577763" lon="12.30862">
        <ele>1526.6</ele>
      </trkpt>
      <trkpt lat="47.577741" lon="12.308641">
        <ele>1526.3</ele>
      </trkpt>
      <trkpt lat="47.577686" lon="12.308698">
        <ele>1525.1</ele>
      </trkpt>
      <trkpt lat="47.577661" lon="12.308745">
        <ele>1524.7</ele>
      </trkpt>
      <trkpt lat="47.577649" lon="12.308769">
        <ele>1524.7</ele>
      </trkpt>
      <trkpt lat="47.577626" lon="12.308781">
        <ele>1523.9</ele>
      </trkpt>
      <trkpt lat="47.57759" lon="12.308785">
        <ele>1522.5</ele>
      </trkpt>
      <trkpt lat="47.577545" lon="12.308792">
        <ele>1521.1</ele>
      </trkpt>
      <trkpt lat="47.577502" lon="12.308798">
        <ele>1519.9</ele>
      </trkpt>
      <trkpt lat="47.577464" lon="12.308818">
        <ele>1519.7</ele>
      </trkpt>
      <trkpt lat="47.577436" lon="12.308832">
        <ele>1519.4</ele>
      </trkpt>
      <trkpt lat="47.577379" lon="12.30883">
        <ele>1517.6</ele>
      </trkpt>
      <trkpt lat="47.577354" lon="12.308826">
        <ele>1517.2</ele>
      </trkpt>
      <trkpt lat="47.577341" lon="12.308813">
        <ele>1516.7</ele>
      </trkpt>
      <trkpt lat="47.577311" lon="12.308783">
        <ele>1515.7</ele>
      </trkpt>
      <trkpt lat="47.577278" lon="12.308762">
        <ele>1514.9</ele>
      </trkpt>
      <trkpt lat="47.57725" lon="12.308761">
        <ele>1514.5</ele>
      </trkpt>
      <trkpt lat="47.577199" lon="12.308759">
        <ele>1513.3</ele>
      </trkpt>
      <trkpt lat="47.577177" lon="12.308755">
        <ele>1513.1</ele>
      </trkpt>
      <trkpt lat="47.577167" lon="12.30874">
        <ele>1512.6</ele>
      </trkpt>
      <trkpt lat="47.577144" lon="12.308677">
        <ele>1510.3</ele>
      </trkpt>
      <trkpt lat="47.577099" lon="12.308573">
        <ele>1507.2</ele>
      </trkpt>
      <trkpt lat="47.577063" lon="12.308486">
        <ele>1505.4</ele>
      </trkpt>
      <trkpt lat="47.577044" lon="12.308367">
        <ele>1502.3</ele>
      </trkpt>
      <trkpt lat="47.577018" lon="12.308322">
        <ele>1502.0</ele>
      </trkpt>
      <trkpt lat="47.577017" lon="12.308286">
        <ele>1500.9</ele>
      </trkpt>
      <trkpt lat="47.577015" lon="12.308269">
        <ele>1500.4</ele>
      </trkpt>
      <trkpt lat="47.576995" lon="12.308241">
        <ele>1500.1</ele>
      </trkpt>
      <trkpt lat="47.57697" lon="12.308216">
        <ele>1499.8</ele>
      </trkpt>
      <trkpt lat="47.576931" lon="12.308147">
        <ele>1498.0</ele>
      </trkpt>
      <trkpt lat="47.576917" lon="12.308115">
        <ele>1497.1</ele>
      </trkpt>
      <trkpt lat="47.5769" lon="12.308068">
        <ele>1495.7</ele>
      </trkpt>
      <trkpt lat="47.576879" lon="12.308027">
        <ele>1494.7</ele>
      </trkpt>
      <trkpt lat="47.576874" lon="12.308011">
        <ele>1494.2</ele>
      </trkpt>
      <trkpt lat="47.576865" lon="12.307991">
        <ele>1493.7</ele>
      </trkpt>
      <trkpt lat="47.576848" lon="12.307974">
        <ele>1493.5</ele>
      </trkpt>
      <trkpt lat="47.576836" lon="12.307957">
        <ele>1493.2</ele>
      </trkpt>
      <trkpt lat="47.576793" lon="12.307862">
        <ele>1491.0</ele>
      </trkpt>
      <trkpt lat="47.576762" lon="12.307818">
        <ele>1490.0</ele>
      </trkpt>
      <trkpt lat="47.576688" lon="12.307703">
        <ele>1486.5</ele>
      </trkpt>
      <trkpt lat="47.576677" lon="12.307665">
        <ele>1485.0</ele>
      </trkpt>
      <trkpt lat="47.576651" lon="12.307632">
        <ele>1484.0</ele>
      </trkpt>
      <trkpt lat="47.576646" lon="12.307612">
        <ele>1483.2</ele>
      </trkpt>
      <trkpt lat="47.576649" lon="12.307602">
        <ele>1482.7</ele>
      </trkpt>
      <trkpt lat="47.576655" lon="12.307597">
        <ele>1482.3</ele>
      </trkpt>
      <trkpt lat="47.576741" lon="12.307601">
        <ele>1481.3</ele>
      </trkpt>
      <trkpt lat="47.576756" lon="12.307593">
        <ele>1480.9</ele>
      </trkpt>
      <trkpt lat="47.576788" lon="12.307553">
        <ele>1479.4</ele>
      </trkpt>
      <trkpt lat="47.576841" lon="12.307532">
        <ele>1478.4</ele>
      </trkpt>
      <trkpt lat="47.576883" lon="12.30752">
        <ele>1477.4</ele>
      </trkpt>
      <trkpt lat="47.576894" lon="12.307513">
        <ele>1476.9</ele>
      </trkpt>
      <trkpt lat="47.576896" lon="12.307497">
        <ele>1476.2</ele>
      </trkpt>
      <trkpt lat="47.576889" lon="12.307485">
        <ele>1475.8</ele>
      </trkpt>
      <trkpt lat="47.576863" lon="12.307478">
        <ele>1476.0</ele>
      </trkpt>
      <trkpt lat="47.576842" lon="12.307469">
        <ele>1475.9</ele>
      </trkpt>
      <trkpt lat="47.576808" lon="12.307426">
        <ele>1474.6</ele>
      </trkpt>
      <trkpt lat="47.576776" lon="12.307394">
        <ele>1473.4</ele>
      </trkpt>
      <trkpt lat="47.576749" lon="12.307388">
        <ele>1473.1</ele>
      </trkpt>
      <trkpt lat="47.576718" lon="12.307361">
        <ele>1472.1</ele>
      </trkpt>
      <trkpt lat="47.576665" lon="12.30732">
        <ele>1470.5</ele>
      </trkpt>
      <trkpt lat="47.576625" lon="12.307278">
        <ele>1468.9</ele>
      </trkpt>
      <trkpt lat="47.57659" lon="12.307239">
        <ele>1467.5</ele>
      </trkpt>
      <trkpt lat="47.576564" lon="12.307225">
        <ele>1467.2</ele>
      </trkpt>
      <trkpt lat="47.57655" lon="12.307205">
        <ele>1466.5</ele>
      </trkpt>
      <trkpt lat="47.576549" lon="12.307183">
        <ele>1465.6</ele>
      </trkpt>
      <trkpt lat="47.576567" lon="12.307178">
        <ele>1465.2</ele>
      </trkpt>
      <trkpt lat="47.576581" lon="12.307162">
        <ele>1464.4</ele>
      </trkpt>
      <trkpt lat="47.576616" lon="12.307159">
        <ele>1464.2</ele>
      </trkpt>
      <trkpt lat="47.57667" lon="12.307122">
        <ele>1462.7</ele>
      </trkpt>
      <trkpt lat="47.576769" lon="12.307048">
        <ele>1459.7</ele>
      </trkpt>
      <trkpt lat="47.576817" lon="12.307002">
        <ele>1457.8</ele>
      </trkpt>
      <trkpt lat="47.576853" lon="12.306999">
        <ele>1457.4</ele>
      </trkpt>
      <trkpt lat="47.576885" lon="12.306986">
        <ele>1456.5</ele>
      </trkpt>
      <trkpt lat="47.576886" lon="12.306958">
        <ele>1455.3</ele>
      </trkpt>
      <trkpt lat="47.57687" lon="12.306937">
        <ele>1454.6</ele>
      </trkpt>
      <trkpt lat="47.576827" lon="12.306917">
        <ele>1454.1</ele>
      </trkpt>
      <trkpt lat="47.576768" lon="12.306895">
        <ele>1453.2</ele>
      </trkpt>
      <trkpt lat="47.576717" lon="12.306844">
        <ele>1451.4</ele>
      </trkpt>
      <trkpt lat="47.576684" lon="12.306798">
        <ele>1450.2</ele>
      </trkpt>
      <trkpt lat="47.576659" lon="12.306784">
        <ele>1450.2</ele>
      </trkpt>
      <trkpt lat="47.576636" lon="12.306726">
        <ele>1449.3</ele>
      </trkpt>
      <trkpt lat="47.576616" lon="12.306613">
        <ele>1446.9</ele>
      </trkpt>
      <trkpt lat="47.576583" lon="12.306515">
        <ele>1444.8</ele>
      </trkpt>
      <trkpt lat="47.57654" lon="12.306441">
        <ele>1442.9</ele>
      </trkpt>
      <trkpt lat="47.576503" lon="12.306395">
        <ele>1441.5</ele>
      </trkpt>
      <trkpt lat="47.57648" lon="12.306367">
        <ele>1440.5</ele>
      </trkpt>
      <trkpt lat="47.576482" lon="12.306358">
        <ele>1440.1</ele>
      </trkpt>
      <trkpt lat="47.576496" lon="12.306346">
        <ele>1439.5</ele>
      </trkpt>
      <trkpt lat="47.576536" lon="12.306338">
        <ele>1438.6</ele>
      </trkpt>
      <trkpt lat="47.576602" lon="12.306339">
        <ele>1437.3</ele>
      </trkpt>
      <trkpt lat="47.576623" lon="12.306329">
        <ele>1436.4</ele>
      </trkpt>
      <trkpt lat="47.576639" lon="12.306331">
        <ele>1436.0</ele>
      </trkpt>
      <trkpt lat="47.57665" lon="12.306324">
        <ele>1435.4</ele>
      </trkpt>
      <trkpt lat="47.576643" lon="12.306298">
        <ele>1434.6</ele>
      </trkpt>
      <trkpt lat="47.576616" lon="12.306233">
        <ele>1432.9</ele>
      </trkpt>
      <trkpt lat="47.576537" lon="12.306129">
        <ele>1430.0</ele>
      </trkpt>
      <trkpt lat="47.576524" lon="12.306087">
        <ele>1428.5</ele>
      </trkpt>
      <trkpt lat="47.576525" lon="12.30607">
        <ele>1427.9</ele>
      </trkpt>
      <trkpt lat="47.576558" lon="12.306034">
        <ele>1426.6</ele>
      </trkpt>
      <trkpt lat="47.576579" lon="12.306036">
        <ele>1426.3</ele>
      </trkpt>
      <trkpt lat="47.576601" lon="12.306029">
        <ele>1425.6</ele>
      </trkpt>
      <trkpt lat="47.576623" lon="12.305998">
        <ele>1424.0</ele>
      </trkpt>
      <trkpt lat="47.576636" lon="12.305979">
        <ele>1423.0</ele>
      </trkpt>
      <trkpt lat="47.576647" lon="12.305978">
        <ele>1422.7</ele>
      </trkpt>
      <trkpt lat="47.576668" lon="12.305978">
        <ele>1422.1</ele>
      </trkpt>
      <trkpt lat="47.576675" lon="12.305971">
        <ele>1421.7</ele>
      </trkpt>
      <trkpt lat="47.576675" lon="12.305959">
        <ele>1421.4</ele>
      </trkpt>
      <trkpt lat="47.576669" lon="12.30594">
        <ele>1421.1</ele>
      </trkpt>
      <trkpt lat="47.576634" lon="12.305897">
        <ele>1420.5</ele>
      </trkpt>
      <trkpt lat="47.576604" lon="12.305841">
        <ele>1419.0</ele>
      </trkpt>
      <trkpt lat="47.576567" lon="12.305794">
        <ele>1417.7</ele>
      </trkpt>
      <trkpt lat="47.576562" lon="12.305772">
        <ele>1417.0</ele>
      </trkpt>
      <trkpt lat="47.576575" lon="12.305743">
        <ele>1416.0</ele>
      </trkpt>
      <trkpt lat="47.576621" lon="12.305702">
        <ele>1414.2</ele>
      </trkpt>
      <trkpt lat="47.576643" lon="12.305687">
        <ele>1413.5</ele>
      </trkpt>
      <trkpt lat="47.576686" lon="12.305682">
        <ele>1412.7</ele>
      </trkpt>
      <trkpt lat="47.5767" lon="12.305673">
        <ele>1412.1</ele>
      </trkpt>
      <trkpt lat="47.576703" lon="12.305659">
        <ele>1411.5</ele>
      </trkpt>
      <trkpt lat="47.576696" lon="12.305636">
        <ele>1411.1</ele>
      </trkpt>
      <trkpt lat="47.576677" lon="12.305612">
        <ele>1410.7</ele>
      </trkpt>
      <trkpt lat="47.576646" lon="12.305573">
        <ele>1409.7</ele>
      </trkpt>
      <trkpt lat="47.576627" lon="12.305554">
        <ele>1409.1</ele>
      </trkpt>
      <trkpt lat="47.576627" lon="12.305541">
        <ele>1408.7</ele>
      </trkpt>
      <trkpt lat="47.576632" lon="12.305533">
        <ele>1408.4</ele>
      </trkpt>
      <trkpt lat="47.576656" lon="12.305525">
        <ele>1408.0</ele>
      </trkpt>
      <trkpt lat="47.576681" lon="12.30552">
        <ele>1407.6</ele>
      </trkpt>
      <trkpt lat="47.576695" lon="12.305505">
        <ele>1406.8</ele>
      </trkpt>
      <trkpt lat="47.576697" lon="12.305492">
        <ele>1406.3</ele>
      </trkpt>
      <trkpt lat="47.576687" lon="12.305483">
        <ele>1406.3</ele>
      </trkpt>
      <trkpt lat="47.576672" lon="12.305467">
        <ele>1406.0</ele>
      </trkpt>
      <trkpt lat="47.576662" lon="12.305436">
        <ele>1405.0</ele>
      </trkpt>
      <trkpt lat="47.576654" lon="12.305405">
        <ele>1404.0</ele>
      </trkpt>
      <trkpt lat="47.576637" lon="12.305381">
        <ele>1403.2</ele>
      </trkpt>
      <trkpt lat="47.576622" lon="12.305366">
        <ele>1402.8</ele>
      </trkpt>
      <trkpt lat="47.576612" lon="12.305362">
        <ele>1402.8</ele>
      </trkpt>
      <trkpt lat="47.576608" lon="12.305349">
        <ele>1402.4</ele>
      </trkpt>
      <trkpt lat="47.576614" lon="12.305337">
        <ele>1401.9</ele>
      </trkpt>
      <trkpt lat="47.576632" lon="12.305324">
        <ele>1401.4</ele>
      </trkpt>
      <trkpt lat="47.576661" lon="12.305314">
        <ele>1400.9</ele>
      </trkpt>
      <trkpt lat="47.576698" lon="12.305293">
        <ele>1399.5</ele>
      </trkpt>
      <trkpt lat="47.576711" lon="12.305276">
        <ele>1398.4</ele>
      </trkpt>
      <trkpt lat="47.576716" lon="12.305262">
        <ele>1397.8</ele>
      </trkpt>
      <trkpt lat="47.576697" lon="12.305231">
        <ele>1397.6</ele>
      </trkpt>
      <trkpt lat="47.576675" lon="12.305197">
        <ele>1397.0</ele>
      </trkpt>
      <trkpt lat="47.576678" lon="12.305175">
        <ele>1396.3</ele>
      </trkpt>
      <trkpt lat="47.576716" lon="12.305162">
        <ele>1395.0</ele>
      </trkpt>
      <trkpt lat="47.576726" lon="12.305149">
        <ele>1394.3</ele>
      </trkpt>
      <trkpt lat="47.576703" lon="12.305122">
        <ele>1394.5</ele>
      </trkpt>
      <trkpt lat="47.576658" lon="12.305089">
        <ele>1393.6</ele>
      </trkpt>
      <trkpt lat="47.576615" lon="12.305079">
        <ele>1392.4</ele>
      </trkpt>
      <trkpt lat="47.576574" lon="12.305093">
        <ele>1391.7</ele>
      </trkpt>
      <trkpt lat="47.576513" lon="12.305112">
        <ele>1390.3</ele>
      </trkpt>
      <trkpt lat="47.576453" lon="12.305132">
        <ele>1388.8</ele>
      </trkpt>
      <trkpt lat="47.576418" lon="12.305158">
        <ele>1388.9</ele>
      </trkpt>
      <trkpt lat="47.57639" lon="12.305159">
        <ele>1388.2</ele>
      </trkpt>
      <trkpt lat="47.576366" lon="12.305136">
        <ele>1387.0</ele>
      </trkpt>
      <trkpt lat="47.576347" lon="12.305105">
        <ele>1386.2</ele>
      </trkpt>
      <trkpt lat="47.576341" lon="12.305037">
        <ele>1384.2</ele>
      </trkpt>
      <trkpt lat="47.576326" lon="12.304925">
        <ele>1381.9</ele>
      </trkpt>
      <trkpt lat="47.576307" lon="12.304794">
        <ele>1380.4</ele>
      </trkpt>
      <trkpt lat="47.576292" lon="12.304605">
        <ele>1379.2</ele>
      </trkpt>
      <trkpt lat="47.576263" lon="12.304476">
        <ele>1378.5</ele>
      </trkpt>
      <trkpt lat="47.576259" lon="12.304383">
        <ele>1376.2</ele>
      </trkpt>
      <trkpt lat="47.576254" lon="12.30435">
        <ele>1375.3</ele>
      </trkpt>
      <trkpt lat="47.576206" lon="12.304332">
        <ele>1374.5</ele>
      </trkpt>
      <trkpt lat="47.57616" lon="12.304333">
        <ele>1373.9</ele>
      </trkpt>
      <trkpt lat="47.576129" lon="12.304325">
        <ele>1373.3</ele>
      </trkpt>
      <trkpt lat="47.576086" lon="12.304311">
        <ele>1372.9</ele>
      </trkpt>
      <trkpt lat="47.576051" lon="12.304263">
        <ele>1372.8</ele>
      </trkpt>
      <trkpt lat="47.576041" lon="12.304185">
        <ele>1372.3</ele>
      </trkpt>
      <trkpt lat="47.576047" lon="12.304107">
        <ele>1370.7</ele>
      </trkpt>
      <trkpt lat="47.57605" lon="12.30409">
        <ele>1370.2</ele>
      </trkpt>
      <trkpt lat="47.576043" lon="12.304028">
        <ele>1369.8</ele>
      </trkpt>
      <trkpt lat="47.576028" lon="12.303947">
        <ele>1368.4</ele>
      </trkpt>
      <trkpt lat="47.576002" lon="12.303904">
        <ele>1368.1</ele>
      </trkpt>
      <trkpt lat="47.575973" lon="12.303872">
        <ele>1368.7</ele>
      </trkpt>
      <trkpt lat="47.57597" lon="12.303815">
        <ele>1368.2</ele>
      </trkpt>
      <trkpt lat="47.575977" lon="12.303702">
        <ele>1367.3</ele>
      </trkpt>
      <trkpt lat="47.575976" lon="12.303605">
        <ele>1366.7</ele>
      </trkpt>
      <trkpt lat="47.575959" lon="12.30351">
        <ele>1365.4</ele>
      </trkpt>
      <trkpt lat="47.575944" lon="12.303442">
        <ele>1363.7</ele>
      </trkpt>
      <trkpt lat="47.57591" lon="12.303342">
        <ele>1362.1</ele>
      </trkpt>
      <trkpt lat="47.575868" lon="12.303244">
        <ele>1361.4</ele>
      </trkpt>
      <trkpt lat="47.57585" lon="12.303159">
        <ele>1359.7</ele>
      </trkpt>
      <trkpt lat="47.575842" lon="12.303053">
        <ele>1357.0</ele>
      </trkpt>
      <trkpt lat="47.575819" lon="12.302959">
        <ele>1355.2</ele>
      </trkpt>
      <trkpt lat="47.5758" lon="12.302886">
        <ele>1353.9</ele>
      </trkpt>
      <trkpt lat="47.575802" lon="12.302861">
        <ele>1353.2</ele>
      </trkpt>
      <trkpt lat="47.575826" lon="12.302881">
        <ele>1352.8</ele>
      </trkpt>
      <trkpt lat="47.575844" lon="12.302897">
        <ele>1352.6</ele>
      </trkpt>
      <trkpt lat="47.575899" lon="12.302894">
        <ele>1350.3</ele>
      </trkpt>
      <trkpt lat="47.575916" lon="12.302874">
        <ele>1348.9</ele>
      </trkpt>
      <trkpt lat="47.575919" lon="12.302841">
        <ele>1347.8</ele>
      </trkpt>
      <trkpt lat="47.575912" lon="12.302811">
        <ele>1347.3</ele>
      </trkpt>
      <trkpt lat="47.575886" lon="12.302751">
        <ele>1346.8</ele>
      </trkpt>
      <trkpt lat="47.575866" lon="12.302673">
        <ele>1345.3</ele>
      </trkpt>
      <trkpt lat="47.575863" lon="12.302642">
        <ele>1344.4</ele>
      </trkpt>
      <trkpt lat="47.575867" lon="12.302622">
        <ele>1343.6</ele>
      </trkpt>
      <trkpt lat="47.57588" lon="12.302622">
        <ele>1343.2</ele>
      </trkpt>
      <trkpt lat="47.575923" lon="12.302626">
        <ele>1342.0</ele>
      </trkpt>
      <trkpt lat="47.57595" lon="12.302631">
        <ele>1341.2</ele>
      </trkpt>
      <trkpt lat="47.57596" lon="12.302621">
        <ele>1340.6</ele>
      </trkpt>
      <trkpt lat="47.575963" lon="12.302576">
        <ele>1339.6</ele>
      </trkpt>
      <trkpt lat="47.575942" lon="12.302524">
        <ele>1339.2</ele>
      </trkpt>
      <trkpt lat="47.575917" lon="12.302455">
        <ele>1337.8</ele>
      </trkpt>
      <trkpt lat="47.575889" lon="12.302386">
        <ele>1335.7</ele>
      </trkpt>
      <trkpt lat="47.575887" lon="12.302303">
        <ele>1333.0</ele>
      </trkpt>
      <trkpt lat="47.575891" lon="12.302225">
        <ele>1330.4</ele>
      </trkpt>
      <trkpt lat="47.57592" lon="12.302164">
        <ele>1328.7</ele>
      </trkpt>
      <trkpt lat="47.57597" lon="12.302095">
        <ele>1327.2</ele>
      </trkpt>
      <trkpt lat="47.575996" lon="12.302029">
        <ele>1325.5</ele>
      </trkpt>
      <trkpt lat="47.576018" lon="12.301944">
        <ele>1323.6</ele>
      </trkpt>
      <trkpt lat="47.576025" lon="12.301879">
        <ele>1322.3</ele>
      </trkpt>
      <trkpt lat="47.576044" lon="12.301815">
        <ele>1321.3</ele>
      </trkpt>
      <trkpt lat="47.57604" lon="12.301779">
        <ele>1320.7</ele>
      </trkpt>
      <trkpt lat="47.576022" lon="12.301763">
        <ele>1320.2</ele>
      </trkpt>
      <trkpt lat="47.575997" lon="12.301765">
        <ele>1319.4</ele>
      </trkpt>
      <trkpt lat="47.575968" lon="12.3018">
        <ele>1319.0</ele>
      </trkpt>
      <trkpt lat="47.575923" lon="12.301832">
        <ele>1318.1</ele>
      </trkpt>
      <trkpt lat="47.575909" lon="12.301822">
        <ele>1317.1</ele>
      </trkpt>
      <trkpt lat="47.575884" lon="12.301812">
        <ele>1315.9</ele>
      </trkpt>
      <trkpt lat="47.575841" lon="12.301764">
        <ele>1313.6</ele>
      </trkpt>
      <trkpt lat="47.575821" lon="12.30171">
        <ele>1311.6</ele>
      </trkpt>
      <trkpt lat="47.575783" lon="12.30163">
        <ele>1308.5</ele>
      </trkpt>
      <trkpt lat="47.575718" lon="12.301566">
        <ele>1305.7</ele>
      </trkpt>
      <trkpt lat="47.575665" lon="12.301527">
        <ele>1304.1</ele>
      </trkpt>
      <trkpt lat="47.575617" lon="12.301444">
        <ele>1301.8</ele>
      </trkpt>
      <trkpt lat="47.575604" lon="12.301402">
        <ele>1300.9</ele>
      </trkpt>
      <trkpt lat="47.575612" lon="12.301366">
        <ele>1300.0</ele>
      </trkpt>
      <trkpt lat="47.575642" lon="12.301348">
        <ele>1298.9</ele>
      </trkpt>
      <trkpt lat="47.575723" lon="12.301334">
        <ele>1297.3</ele>
      </trkpt>
      <trkpt lat="47.575738" lon="12.30131">
        <ele>1296.6</ele>
      </trkpt>
      <trkpt lat="47.575737" lon="12.301264">
        <ele>1295.1</ele>
      </trkpt>
      <trkpt lat="47.575718" lon="12.301233">
        <ele>1294.1</ele>
      </trkpt>
      <trkpt lat="47.575676" lon="12.301168">
        <ele>1292.7</ele>
      </trkpt>
      <trkpt lat="47.57558" lon="12.30106">
        <ele>1292.0</ele>
      </trkpt>
      <trkpt lat="47.575529" lon="12.301042">
        <ele>1291.2</ele>
      </trkpt>
      <trkpt lat="47.575472" lon="12.30101">
        <ele>1288.4</ele>
      </trkpt>
      <trkpt lat="47.575377" lon="12.301003">
        <ele>1283.1</ele>
      </trkpt>
      <trkpt lat="47.575328" lon="12.300985">
        <ele>1279.7</ele>
      </trkpt>
      <trkpt lat="47.57528" lon="12.300954">
        <ele>1276.3</ele>
      </trkpt>
      <trkpt lat="47.575164" lon="12.300946">
        <ele>1272.9</ele>
      </trkpt>
      <trkpt lat="47.575113" lon="12.300962">
        <ele>1272.7</ele>
      </trkpt>
      <trkpt lat="47.575048" lon="12.300949">
        <ele>1271.3</ele>
      </trkpt>
      <trkpt lat="47.575008" lon="12.3009">
        <ele>1269.3</ele>
      </trkpt>
      <trkpt lat="47.574983" lon="12.300858">
        <ele>1267.9</ele>
      </trkpt>
      <trkpt lat="47.574973" lon="12.300824">
        <ele>1267.0</ele>
      </trkpt>
      <trkpt lat="47.574977" lon="12.300805">
        <ele>1266.7</ele>
      </trkpt>
      <trkpt lat="47.574972" lon="12.300772">
        <ele>1265.9</ele>
      </trkpt>
      <trkpt lat="47.574972" lon="12.300758">
        <ele>1265.6</ele>
      </trkpt>
      <trkpt lat="47.574981" lon="12.300739">
        <ele>1265.2</ele>
      </trkpt>
      <trkpt lat="47.574987" lon="12.300706">
        <ele>1264.6</ele>
      </trkpt>
      <trkpt lat="47.574978" lon="12.300672">
        <ele>1263.8</ele>
      </trkpt>
      <trkpt lat="47.574962" lon="12.300637">
        <ele>1262.9</ele>
      </trkpt>
      <trkpt lat="47.574968" lon="12.300579">
        <ele>1261.7</ele>
      </trkpt>
      <trkpt lat="47.574986" lon="12.300519">
        <ele>1260.6</ele>
      </trkpt>
      <trkpt lat="47.574995" lon="12.300474">
        <ele>1259.7</ele>
      </trkpt>
      <trkpt lat="47.575008" lon="12.30041">
        <ele>1258.4</ele>
      </trkpt>
      <trkpt lat="47.575022" lon="12.300321">
        <ele>1256.7</ele>
      </trkpt>
      <trkpt lat="47.575032" lon="12.300255">
        <ele>1255.5</ele>
      </trkpt>
      <trkpt lat="47.575049" lon="12.300199">
        <ele>1254.5</ele>
      </trkpt>
      <trkpt lat="47.575055" lon="12.300152">
        <ele>1253.7</ele>
      </trkpt>
      <trkpt lat="47.575071" lon="12.30005">
        <ele>1252.1</ele>
      </trkpt>
      <trkpt lat="47.57508" lon="12.299959">
        <ele>1250.8</ele>
      </trkpt>
      <trkpt lat="47.575099" lon="12.299883">
        <ele>1249.8</ele>
      </trkpt>
      <trkpt lat="47.575149" lon="12.299808">
        <ele>1248.7</ele>
      </trkpt>
      <trkpt lat="47.575211" lon="12.299711">
        <ele>1247.3</ele>
      </trkpt>
      <trkpt lat="47.575241" lon="12.299682">
        <ele>1246.8</ele>
      </trkpt>
      <trkpt lat="47.575288" lon="12.299615">
        <ele>1245.6</ele>
      </trkpt>
      <trkpt lat="47.575311" lon="12.299568">
        <ele>1244.5</ele>
      </trkpt>
      <trkpt lat="47.575357" lon="12.299488">
        <ele>1242.9</ele>
      </trkpt>
      <trkpt lat="47.57543" lon="12.299407">
        <ele>1241.0</ele>
      </trkpt>
      <trkpt lat="47.575489" lon="12.299346">
        <ele>1239.6</ele>
      </trkpt>
      <trkpt lat="47.575517" lon="12.299291">
        <ele>1238.9</ele>
      </trkpt>
      <trkpt lat="47.575533" lon="12.29922">
        <ele>1237.7</ele>
      </trkpt>
      <trkpt lat="47.575544" lon="12.299132">
        <ele>1236.0</ele>
      </trkpt>
      <trkpt lat="47.575553" lon="12.299069">
        <ele>1234.6</ele>
      </trkpt>
      <trkpt lat="47.575568" lon="12.299012">
        <ele>1233.1</ele>
      </trkpt>
      <trkpt lat="47.575594" lon="12.298964">
        <ele>1232.1</ele>
      </trkpt>
      <trkpt lat="47.575607" lon="12.298948">
        <ele>1231.9</ele>
      </trkpt>
      <trkpt lat="47.575618" lon="12.298935">
        <ele>1231.9</ele>
      </trkpt>
      <trkpt lat="47.57562" lon="12.298909">
        <ele>1231.2</ele>
      </trkpt>
      <trkpt lat="47.575609" lon="12.2989">
        <ele>1230.8</ele>
      </trkpt>
      <trkpt lat="47.575598" lon="12.298892">
        <ele>1230.5</ele>
      </trkpt>
      <trkpt lat="47.575589" lon="12.298874">
        <ele>1230.2</ele>
      </trkpt>
      <trkpt lat="47.57561" lon="12.298837">
        <ele>1229.4</ele>
      </trkpt>
      <trkpt lat="47.575621" lon="12.298812">
        <ele>1228.8</ele>
      </trkpt>
      <trkpt lat="47.575618" lon="12.298782">
        <ele>1228.2</ele>
      </trkpt>
      <trkpt lat="47.575617" lon="12.298744">
        <ele>1227.5</ele>
      </trkpt>
      <trkpt lat="47.575634" lon="12.298691">
        <ele>1225.7</ele>
      </trkpt>
      <trkpt lat="47.575678" lon="12.298639">
        <ele>1223.3</ele>
      </trkpt>
      <trkpt lat="47.575747" lon="12.298604">
        <ele>1222.0</ele>
      </trkpt>
      <trkpt lat="47.575832" lon="12.298569">
        <ele>1220.2</ele>
      </trkpt>
      <trkpt lat="47.575933" lon="12.298556">
        <ele>1217.1</ele>
      </trkpt>
      <trkpt lat="47.575969" lon="12.298545">
        <ele>1216.2</ele>
      </trkpt>
      <trkpt lat="47.575979" lon="12.298534">
        <ele>1215.7</ele>
      </trkpt>
      <trkpt lat="47.575973" lon="12.298519">
        <ele>1215.1</ele>
      </trkpt>
      <trkpt lat="47.575927" lon="12.298451">
        <ele>1212.7</ele>
      </trkpt>
      <trkpt lat="47.575885" lon="12.298396">
        <ele>1210.4</ele>
      </trkpt>
      <trkpt lat="47.575845" lon="12.298363">
        <ele>1209.4</ele>
      </trkpt>
      <trkpt lat="47.575824" lon="12.298335">
        <ele>1208.6</ele>
      </trkpt>
      <trkpt lat="47.575816" lon="12.298284">
        <ele>1206.9</ele>
      </trkpt>
      <trkpt lat="47.575804" lon="12.298251">
        <ele>1206.3</ele>
      </trkpt>
      <trkpt lat="47.575787" lon="12.298227">
        <ele>1206.5</ele>
      </trkpt>
      <trkpt lat="47.575763" lon="12.298182">
        <ele>1206.9</ele>
      </trkpt>
      <trkpt lat="47.575771" lon="12.298097">
        <ele>1204.9</ele>
      </trkpt>
      <trkpt lat="47.575798" lon="12.298005">
        <ele>1201.5</ele>
      </trkpt>
      <trkpt lat="47.575823" lon="12.297973">
        <ele>1199.1</ele>
      </trkpt>
      <trkpt lat="47.575867" lon="12.297986">
        <ele>1196.7</ele>
      </trkpt>
      <trkpt lat="47.575884" lon="12.297996">
        <ele>1196.0</ele>
      </trkpt>
      <trkpt lat="47.575898" lon="12.297994">
        <ele>1195.3</ele>
      </trkpt>
      <trkpt lat="47.575903" lon="12.297956">
        <ele>1194.2</ele>
      </trkpt>
      <trkpt lat="47.575908" lon="12.297908">
        <ele>1193.0</ele>
      </trkpt>
      <trkpt lat="47.575894" lon="12.297875">
        <ele>1193.0</ele>
      </trkpt>
      <trkpt lat="47.575876" lon="12.297842">
        <ele>1193.4</ele>
      </trkpt>
      <trkpt lat="47.575876" lon="12.297812">
        <ele>1192.9</ele>
      </trkpt>
      <trkpt lat="47.575899" lon="12.297778">
        <ele>1191.0</ele>
      </trkpt>
      <trkpt lat="47.575932" lon="12.297735">
        <ele>1188.4</ele>
      </trkpt>
      <trkpt lat="47.575933" lon="12.297716">
        <ele>1187.9</ele>
      </trkpt>
      <trkpt lat="47.575918" lon="12.297649">
        <ele>1187.1</ele>
      </trkpt>
      <trkpt lat="47.575888" lon="12.297527">
        <ele>1184.8</ele>
      </trkpt>
      <trkpt lat="47.575871" lon="12.297445">
        <ele>1182.9</ele>
      </trkpt>
      <trkpt lat="47.575885" lon="12.297421">
        <ele>1181.5</ele>
      </trkpt>
      <trkpt lat="47.575914" lon="12.29743">
        <ele>1180.5</ele>
      </trkpt>
      <trkpt lat="47.57595" lon="12.29744">
        <ele>1180.0</ele>
      </trkpt>
      <trkpt lat="47.575964" lon="12.29743">
        <ele>1179.6</ele>
      </trkpt>
      <trkpt lat="47.57596" lon="12.297394">
        <ele>1178.5</ele>
      </trkpt>
      <trkpt lat="47.575913" lon="12.29727">
        <ele>1174.9</ele>
      </trkpt>
      <trkpt lat="47.575883" lon="12.297177">
        <ele>1171.9</ele>
      </trkpt>
      <trkpt lat="47.575859" lon="12.297132">
        <ele>1170.0</ele>
      </trkpt>
      <trkpt lat="47.57585" lon="12.297102">
        <ele>1168.5</ele>
      </trkpt>
      <trkpt lat="47.575849" lon="12.297072">
        <ele>1166.8</ele>
      </trkpt>
      <trkpt lat="47.575862" lon="12.297058">
        <ele>1165.8</ele>
      </trkpt>
      <trkpt lat="47.575876" lon="12.297056">
        <ele>1165.6</ele>
      </trkpt>
      <trkpt lat="47.575892" lon="12.297054">
        <ele>1165.3</ele>
      </trkpt>
      <trkpt lat="47.575895" lon="12.29704">
        <ele>1164.4</ele>
      </trkpt>
      <trkpt lat="47.575888" lon="12.297019">
        <ele>1163.2</ele>
      </trkpt>
      <trkpt lat="47.575859" lon="12.296988">
        <ele>1162.2</ele>
      </trkpt>
      <trkpt lat="47.575807" lon="12.296952">
        <ele>1162.8</ele>
      </trkpt>
      <trkpt lat="47.575759" lon="12.296912">
        <ele>1164.4</ele>
      </trkpt>
      <trkpt lat="47.575748" lon="12.296872">
        <ele>1165.1</ele>
      </trkpt>
      <trkpt lat="47.57576" lon="12.296838">
        <ele>1164.6</ele>
      </trkpt>
      <trkpt lat="47.575788" lon="12.296817">
        <ele>1163.4</ele>
      </trkpt>
      <trkpt lat="47.575838" lon="12.296782">
        <ele>1161.3</ele>
      </trkpt>
      <trkpt lat="47.575877" lon="12.296782">
        <ele>1159.7</ele>
      </trkpt>
      <trkpt lat="47.575909" lon="12.29677">
        <ele>1158.5</ele>
      </trkpt>
      <trkpt lat="47.57592" lon="12.296739">
        <ele>1157.9</ele>
      </trkpt>
      <trkpt lat="47.575923" lon="12.296689">
        <ele>1157.5</ele>
      </trkpt>
      <trkpt lat="47.575932" lon="12.296633">
        <ele>1156.6</ele>
      </trkpt>
      <trkpt lat="47.575942" lon="12.296611">
        <ele>1156.0</ele>
      </trkpt>
      <trkpt lat="47.575972" lon="12.296614">
        <ele>1154.9</ele>
      </trkpt>
      <trkpt lat="47.576021" lon="12.296647">
        <ele>1153.7</ele>
      </trkpt>
      <trkpt lat="47.576059" lon="12.296655">
        <ele>1152.7</ele>
      </trkpt>
      <trkpt lat="47.576082" lon="12.296626">
        <ele>1151.8</ele>
      </trkpt>
      <trkpt lat="47.576109" lon="12.296471">
        <ele>1149.2</ele>
      </trkpt>
      <trkpt lat="47.576118" lon="12.296402">
        <ele>1148.2</ele>
      </trkpt>
      <trkpt lat="47.576124" lon="12.296332">
        <ele>1147.2</ele>
      </trkpt>
      <trkpt lat="47.576119" lon="12.296258">
        <ele>1146.5</ele>
      </trkpt>
      <trkpt lat="47.576112" lon="12.296149">
        <ele>1145.5</ele>
      </trkpt>
      <trkpt lat="47.576121" lon="12.296102">
        <ele>1144.8</ele>
      </trkpt>
      <trkpt lat="47.576155" lon="12.296016">
        <ele>1143.2</ele>
      </trkpt>
      <trkpt lat="47.576166" lon="12.295941">
        <ele>1142.4</ele>
      </trkpt>
      <trkpt lat="47.576165" lon="12.295802">
        <ele>1140.9</ele>
      </trkpt>
      <trkpt lat="47.57616" lon="12.295698">
        <ele>1139.5</ele>
      </trkpt>
      <trkpt lat="47.576162" lon="12.295584">
        <ele>1138.1</ele>
      </trkpt>
      <trkpt lat="47.576174" lon="12.295499">
        <ele>1137.1</ele>
      </trkpt>
      <trkpt lat="47.576197" lon="12.295397">
        <ele>1135.4</ele>
      </trkpt>
      <trkpt lat="47.576202" lon="12.295349">
        <ele>1134.4</ele>
      </trkpt>
      <trkpt lat="47.576191" lon="12.295286">
        <ele>1133.0</ele>
      </trkpt>
      <trkpt lat="47.576179" lon="12.295239">
        <ele>1132.0</ele>
      </trkpt>
      <trkpt lat="47.576172" lon="12.295167">
        <ele>1130.4</ele>
      </trkpt>
      <trkpt lat="47.576188" lon="12.2951">
        <ele>1128.5</ele>
      </trkpt>
      <trkpt lat="47.576209" lon="12.29502">
        <ele>1126.4</ele>
      </trkpt>
      <trkpt lat="47.576213" lon="12.294971">
        <ele>1125.3</ele>
      </trkpt>
      <trkpt lat="47.576211" lon="12.294918">
        <ele>1124.3</ele>
      </trkpt>
      <trkpt lat="47.576193" lon="12.294838">
        <ele>1122.9</ele>
      </trkpt>
      <trkpt lat="47.576188" lon="12.294806">
        <ele>1122.4</ele>
      </trkpt>
      <trkpt lat="47.576196" lon="12.294772">
        <ele>1121.6</ele>
      </trkpt>
      <trkpt lat="47.576249" lon="12.294733">
        <ele>1120.1</ele>
      </trkpt>
      <trkpt lat="47.576308" lon="12.294695">
        <ele>1118.5</ele>
      </trkpt>
      <trkpt lat="47.576352" lon="12.29465">
        <ele>1116.5</ele>
      </trkpt>
      <trkpt lat="47.576358" lon="12.294607">
        <ele>1115.4</ele>
      </trkpt>
      <trkpt lat="47.576341" lon="12.294513">
        <ele>1113.7</ele>
      </trkpt>
      <trkpt lat="47.57631" lon="12.294413">
        <ele>1111.5</ele>
      </trkpt>
      <trkpt lat="47.576285" lon="12.294343">
        <ele>1109.8</ele>
      </trkpt>
      <trkpt lat="47.57625" lon="12.294242">
        <ele>1107.8</ele>
      </trkpt>
      <trkpt lat="47.576241" lon="12.294211">
        <ele>1107.2</ele>
      </trkpt>
      <trkpt lat="47.576249" lon="12.294189">
        <ele>1106.6</ele>
      </trkpt>
      <trkpt lat="47.576276" lon="12.29418">
        <ele>1105.9</ele>
      </trkpt>
      <trkpt lat="47.576336" lon="12.294175">
        <ele>1104.4</ele>
      </trkpt>
      <trkpt lat="47.576403" lon="12.29416">
        <ele>1100.9</ele>
      </trkpt>
      <trkpt lat="47.57645" lon="12.294161">
        <ele>1099.6</ele>
      </trkpt>
      <trkpt lat="47.576484" lon="12.294172">
        <ele>1099.4</ele>
      </trkpt>
      <trkpt lat="47.576512" lon="12.294175">
        <ele>1099.3</ele>
      </trkpt>
      <trkpt lat="47.576528" lon="12.294163">
        <ele>1098.9</ele>
      </trkpt>
      <trkpt lat="47.576554" lon="12.294159">
        <ele>1098.8</ele>
      </trkpt>
      <trkpt lat="47.576576" lon="12.294155">
        <ele>1098.9</ele>
      </trkpt>
      <trkpt lat="47.576601" lon="12.294138">
        <ele>1098.9</ele>
      </trkpt>
      <trkpt lat="47.576613" lon="12.294101">
        <ele>1098.4</ele>
      </trkpt>
      <trkpt lat="47.576615" lon="12.294066">
        <ele>1097.7</ele>
      </trkpt>
      <trkpt lat="47.576631" lon="12.293999">
        <ele>1096.4</ele>
      </trkpt>
      <trkpt lat="47.576649" lon="12.293953">
        <ele>1095.9</ele>
      </trkpt>
      <trkpt lat="47.576656" lon="12.293909">
        <ele>1095.2</ele>
      </trkpt>
      <trkpt lat="47.576649" lon="12.29386">
        <ele>1094.1</ele>
      </trkpt>
      <trkpt lat="47.576636" lon="12.293814">
        <ele>1093.2</ele>
      </trkpt>
      <trkpt lat="47.576645" lon="12.293708">
        <ele>1091.7</ele>
      </trkpt>
      <trkpt lat="47.576656" lon="12.293654">
        <ele>1091.0</ele>
      </trkpt>
      <trkpt lat="47.576643" lon="12.29355">
        <ele>1089.1</ele>
      </trkpt>
      <trkpt lat="47.576624" lon="12.293459">
        <ele>1086.8</ele>
      </trkpt>
      <trkpt lat="47.576599" lon="12.293366">
        <ele>1084.1</ele>
      </trkpt>
      <trkpt lat="47.576593" lon="12.293284">
        <ele>1082.5</ele>
      </trkpt>
      <trkpt lat="47.576579" lon="12.293203">
        <ele>1079.4</ele>
      </trkpt>
      <trkpt lat="47.576582" lon="12.293122">
        <ele>1078.0</ele>
      </trkpt>
      <trkpt lat="47.57658" lon="12.293057">
        <ele>1076.5</ele>
      </trkpt>
      <trkpt lat="47.576586" lon="12.292961">
        <ele>1075.7</ele>
      </trkpt>
      <trkpt lat="47.576577" lon="12.292899">
        <ele>1074.0</ele>
      </trkpt>
      <trkpt lat="47.576565" lon="12.292826">
        <ele>1071.6</ele>
      </trkpt>
      <trkpt lat="47.576573" lon="12.292766">
        <ele>1071.0</ele>
      </trkpt>
      <trkpt lat="47.576592" lon="12.292709">
        <ele>1070.6</ele>
      </trkpt>
      <trkpt lat="47.576627" lon="12.292678">
        <ele>1071.0</ele>
      </trkpt>
      <trkpt lat="47.576657" lon="12.292657">
        <ele>1071.1</ele>
      </trkpt>
      <trkpt lat="47.576673" lon="12.292634">
        <ele>1070.8</ele>
      </trkpt>
      <trkpt lat="47.576683" lon="12.292598">
        <ele>1070.2</ele>
      </trkpt>
      <trkpt lat="47.576698" lon="12.292559">
        <ele>1069.9</ele>
      </trkpt>
      <trkpt lat="47.5767" lon="12.292538">
        <ele>1069.6</ele>
      </trkpt>
      <trkpt lat="47.576689" lon="12.292505">
        <ele>1068.4</ele>
      </trkpt>
      <trkpt lat="47.576681" lon="12.292489">
        <ele>1067.7</ele>
      </trkpt>
      <trkpt lat="47.576643" lon="12.292402">
        <ele>1064.4</ele>
      </trkpt>
      <trkpt lat="47.576629" lon="12.292348">
        <ele>1062.9</ele>
      </trkpt>
      <trkpt lat="47.576634" lon="12.292291">
        <ele>1061.9</ele>
      </trkpt>
      <trkpt lat="47.576637" lon="12.292225">
        <ele>1060.1</ele>
      </trkpt>
      <trkpt lat="47.57663" lon="12.292172">
        <ele>1058.4</ele>
      </trkpt>
      <trkpt lat="47.576609" lon="12.292102">
        <ele>1056.3</ele>
      </trkpt>
      <trkpt lat="47.576574" lon="12.292025">
        <ele>1053.6</ele>
      </trkpt>
      <trkpt lat="47.576557" lon="12.291976">
        <ele>1052.2</ele>
      </trkpt>
      <trkpt lat="47.576552" lon="12.291897">
        <ele>1050.8</ele>
      </trkpt>
      <trkpt lat="47.576563" lon="12.291851">
        <ele>1050.1</ele>
      </trkpt>
      <trkpt lat="47.576559" lon="12.291809">
        <ele>1049.1</ele>
      </trkpt>
      <trkpt lat="47.576565" lon="12.291774">
        <ele>1048.6</ele>
      </trkpt>
      <trkpt lat="47.576613" lon="12.291689">
        <ele>1048.2</ele>
      </trkpt>
      <trkpt lat="47.576628" lon="12.291634">
        <ele>1047.6</ele>
      </trkpt>
      <trkpt lat="47.576628" lon="12.291588">
        <ele>1046.7</ele>
      </trkpt>
      <trkpt lat="47.57662" lon="12.291514">
        <ele>1044.9</ele>
      </trkpt>
      <trkpt lat="47.576609" lon="12.291449">
        <ele>1043.2</ele>
      </trkpt>
      <trkpt lat="47.576575" lon="12.291357">
        <ele>1040.3</ele>
      </trkpt>
      <trkpt lat="47.57656" lon="12.29132">
        <ele>1039.3</ele>
      </trkpt>
      <trkpt lat="47.576536" lon="12.291318">
        <ele>1038.5</ele>
      </trkpt>
      <trkpt lat="47.57647" lon="12.29131">
        <ele>1036.7</ele>
      </trkpt>
      <trkpt lat="47.576424" lon="12.291263">
        <ele>1035.1</ele>
      </trkpt>
      <trkpt lat="47.576367" lon="12.291226">
        <ele>1033.8</ele>
      </trkpt>
      <trkpt lat="47.576328" lon="12.291158">
        <ele>1032.4</ele>
      </trkpt>
      <trkpt lat="47.576305" lon="12.291095">
        <ele>1030.8</ele>
      </trkpt>
      <trkpt lat="47.576293" lon="12.291022">
        <ele>1029.2</ele>
      </trkpt>
      <trkpt lat="47.576299" lon="12.29097">
        <ele>1028.6</ele>
      </trkpt>
      <trkpt lat="47.576312" lon="12.290919">
        <ele>1028.1</ele>
      </trkpt>
      <trkpt lat="47.576318" lon="12.290872">
        <ele>1027.2</ele>
      </trkpt>
      <trkpt lat="47.576316" lon="12.290837">
        <ele>1026.5</ele>
      </trkpt>
      <trkpt lat="47.576289" lon="12.290777">
        <ele>1024.6</ele>
      </trkpt>
      <trkpt lat="47.576288" lon="12.290739">
        <ele>1023.9</ele>
      </trkpt>
      <trkpt lat="47.576307" lon="12.290677">
        <ele>1023.3</ele>
      </trkpt>
      <trkpt lat="47.576312" lon="12.29063">
        <ele>1022.5</ele>
      </trkpt>
      <trkpt lat="47.576295" lon="12.290577">
        <ele>1021.1</ele>
      </trkpt>
      <trkpt lat="47.576282" lon="12.290537">
        <ele>1020.1</ele>
      </trkpt>
      <trkpt lat="47.576281" lon="12.290504">
        <ele>1019.4</ele>
      </trkpt>
      <trkpt lat="47.576286" lon="12.290473">
        <ele>1019.0</ele>
      </trkpt>
      <trkpt lat="47.5763" lon="12.290431">
        <ele>1018.6</ele>
      </trkpt>
      <trkpt lat="47.576307" lon="12.290376">
        <ele>1017.8</ele>
      </trkpt>
      <trkpt lat="47.576307" lon="12.290311">
        <ele>1016.7</ele>
      </trkpt>
      <trkpt lat="47.576303" lon="12.290263">
        <ele>1015.8</ele>
      </trkpt>
      <trkpt lat="47.5763" lon="12.290189">
        <ele>1014.5</ele>
      </trkpt>
      <trkpt lat="47.576303" lon="12.290144">
        <ele>1013.5</ele>
      </trkpt>
      <trkpt lat="47.576313" lon="12.290118">
        <ele>1013.1</ele>
      </trkpt>
      <trkpt lat="47.57633" lon="12.290084">
        <ele>1012.6</ele>
      </trkpt>
      <trkpt lat="47.576337" lon="12.290048">
        <ele>1011.9</ele>
      </trkpt>
      <trkpt lat="47.576342" lon="12.289988">
        <ele>1010.7</ele>
      </trkpt>
      <trkpt lat="47.576346" lon="12.289957">
        <ele>1010.2</ele>
      </trkpt>
      <trkpt lat="47.576353" lon="12.289945">
        <ele>1010.0</ele>
      </trkpt>
      <trkpt lat="47.576365" lon="12.28994">
        <ele>1010.2</ele>
      </trkpt>
      <trkpt lat="47.57637" lon="12.289927">
        <ele>1010.1</ele>
      </trkpt>
      <trkpt lat="47.576368" lon="12.289871">
        <ele>1009.0</ele>
      </trkpt>
      <trkpt lat="47.576382" lon="12.289809">
        <ele>1008.5</ele>
      </trkpt>
      <trkpt lat="47.576398" lon="12.289752">
        <ele>1007.9</ele>
      </trkpt>
      <trkpt lat="47.576394" lon="12.289712">
        <ele>1007.1</ele>
      </trkpt>
      <trkpt lat="47.576406" lon="12.289658">
        <ele>1006.3</ele>
      </trkpt>
      <trkpt lat="47.576393" lon="12.289616">
        <ele>1005.0</ele>
      </trkpt>
      <trkpt lat="47.576393" lon="12.289561">
        <ele>1003.6</ele>
      </trkpt>
      <trkpt lat="47.57641" lon="12.289548">
        <ele>1003.8</ele>
      </trkpt>
      <trkpt lat="47.576412" lon="12.28952">
        <ele>1003.2</ele>
      </trkpt>
      <trkpt lat="47.576419" lon="12.289403">
        <ele>1001.2</ele>
      </trkpt>
      <trkpt lat="47.576421" lon="12.289323">
        <ele>1000.3</ele>
      </trkpt>
      <trkpt lat="47.576453" lon="12.289252">
        <ele>999.7</ele>
      </trkpt>
      <trkpt lat="47.57648" lon="12.289196">
        <ele>999.1</ele>
      </trkpt>
      <trkpt lat="47.576504" lon="12.289103">
        <ele>997.7</ele>
      </trkpt>
      <trkpt lat="47.576493" lon="12.289026">
        <ele>996.2</ele>
      </trkpt>
      <trkpt lat="47.576477" lon="12.288977">
        <ele>995.1</ele>
      </trkpt>
      <trkpt lat="47.576488" lon="12.288942">
        <ele>994.5</ele>
      </trkpt>
      <trkpt lat="47.576487" lon="12.288888">
        <ele>993.4</ele>
      </trkpt>
      <trkpt lat="47.576489" lon="12.288812">
        <ele>992.3</ele>
      </trkpt>
      <trkpt lat="47.576498" lon="12.288759">
        <ele>991.9</ele>
      </trkpt>
      <trkpt lat="47.576492" lon="12.288698">
        <ele>991.1</ele>
      </trkpt>
      <trkpt lat="47.576499" lon="12.288635">
        <ele>990.3</ele>
      </trkpt>
      <trkpt lat="47.576517" lon="12.288567">
        <ele>989.4</ele>
      </trkpt>
      <trkpt lat="47.576517" lon="12.28853">
        <ele>988.8</ele>
      </trkpt>
      <trkpt lat="47.576494" lon="12.288446">
        <ele>987.3</ele>
      </trkpt>
      <trkpt lat="47.576476" lon="12.288393">
        <ele>986.3</ele>
      </trkpt>
      <trkpt lat="47.57648" lon="12.288344">
        <ele>985.5</ele>
      </trkpt>
      <trkpt lat="47.576515" lon="12.288307">
        <ele>984.9</ele>
      </trkpt>
      <trkpt lat="47.576558" lon="12.288282">
        <ele>984.5</ele>
      </trkpt>
      <trkpt lat="47.576629" lon="12.288246">
        <ele>983.0</ele>
      </trkpt>
      <trkpt lat="47.576668" lon="12.288218">
        <ele>982.9</ele>
      </trkpt>
      <trkpt lat="47.576696" lon="12.28816">
        <ele>982.8</ele>
      </trkpt>
      <trkpt lat="47.576718" lon="12.288086">
        <ele>982.7</ele>
      </trkpt>
      <trkpt lat="47.576737" lon="12.288029">
        <ele>982.5</ele>
      </trkpt>
      <trkpt lat="47.57676" lon="12.287975">
        <ele>982.2</ele>
      </trkpt>
      <trkpt lat="47.576798" lon="12.287931">
        <ele>981.5</ele>
      </trkpt>
      <trkpt lat="47.576918" lon="12.287925">
        <ele>979.4</ele>
      </trkpt>
      <trkpt lat="47.576962" lon="12.287908">
        <ele>979.0</ele>
      </trkpt>
      <trkpt lat="47.577001" lon="12.28786">
        <ele>978.4</ele>
      </trkpt>
      <trkpt lat="47.577049" lon="12.287641">
        <ele>975.2</ele>
      </trkpt>
      <trkpt lat="47.577067" lon="12.28743">
        <ele>971.9</ele>
      </trkpt>
      <trkpt lat="47.577109" lon="12.287309">
        <ele>970.2</ele>
      </trkpt>
      <trkpt lat="47.577118" lon="12.287201">
        <ele>968.8</ele>
      </trkpt>
      <trkpt lat="47.577097" lon="12.287094">
        <ele>966.8</ele>
      </trkpt>
      <trkpt lat="47.57714" lon="12.286941">
        <ele>964.5</ele>
      </trkpt>
      <trkpt lat="47.577338" lon="12.286578">
        <ele>961.2</ele>
      </trkpt>
      <trkpt lat="47.577414" lon="12.286323">
        <ele>956.0</ele>
      </trkpt>
      <trkpt lat="47.577432" lon="12.286224">
        <ele>953.9</ele>
      </trkpt>
      <trkpt lat="47.577454" lon="12.28615">
        <ele>952.2</ele>
      </trkpt>
      <trkpt lat="47.577473" lon="12.286056">
        <ele>950.4</ele>
      </trkpt>
      <trkpt lat="47.577478" lon="12.285976">
        <ele>948.9</ele>
      </trkpt>
      <trkpt lat="47.577491" lon="12.285946">
        <ele>948.2</ele>
      </trkpt>
      <trkpt lat="47.577515" lon="12.285934">
        <ele>947.8</ele>
      </trkpt>
      <trkpt lat="47.577557" lon="12.285831">
        <ele>945.8</ele>
      </trkpt>
      <trkpt lat="47.577575" lon="12.285786">
        <ele>945.1</ele>
      </trkpt>
      <trkpt lat="47.57759" lon="12.285706">
        <ele>943.7</ele>
      </trkpt>
      <trkpt lat="47.577593" lon="12.285639">
        <ele>942.6</ele>
      </trkpt>
      <trkpt lat="47.577605" lon="12.285508">
        <ele>940.5</ele>
      </trkpt>
      <trkpt lat="47.577616" lon="12.285419">
        <ele>939.0</ele>
      </trkpt>
      <trkpt lat="47.577653" lon="12.285346">
        <ele>938.0</ele>
      </trkpt>
      <trkpt lat="47.577663" lon="12.285293">
        <ele>937.5</ele>
      </trkpt>
      <trkpt lat="47.57768" lon="12.285226">
        <ele>936.7</ele>
      </trkpt>
      <trkpt lat="47.577762" lon="12.285108">
        <ele>935.3</ele>
      </trkpt>
      <trkpt lat="47.577721" lon="12.285068">
        <ele>934.9</ele>
      </trkpt>
      <trkpt lat="47.577681" lon="12.285034">
        <ele>934.7</ele>
      </trkpt>
      <trkpt lat="47.577598" lon="12.28499">
        <ele>933.8</ele>
      </trkpt>
      <trkpt lat="47.577536" lon="12.284953">
        <ele>933.0</ele>
      </trkpt>
      <trkpt lat="47.577498" lon="12.284928">
        <ele>932.7</ele>
      </trkpt>
      <trkpt lat="47.577418" lon="12.284861">
        <ele>932.1</ele>
      </trkpt>
      <trkpt lat="47.577356" lon="12.284808">
        <ele>931.5</ele>
      </trkpt>
      <trkpt lat="47.577267" lon="12.284769">
        <ele>930.8</ele>
      </trkpt>
      <trkpt lat="47.577175" lon="12.284784">
        <ele>929.9</ele>
      </trkpt>
      <trkpt lat="47.577134" lon="12.284813">
        <ele>929.8</ele>
      </trkpt>
      <trkpt lat="47.577095" lon="12.284853">
        <ele>929.5</ele>
      </trkpt>
      <trkpt lat="47.577034" lon="12.284945">
        <ele>928.5</ele>
      </trkpt>
      <trkpt lat="47.57699" lon="12.284995">
        <ele>927.1</ele>
      </trkpt>
      <trkpt lat="47.576959" lon="12.284994">
        <ele>926.3</ele>
      </trkpt>
      <trkpt lat="47.576904" lon="12.284953">
        <ele>925.9</ele>
      </trkpt>
      <trkpt lat="47.576834" lon="12.2848">
        <ele>924.7</ele>
      </trkpt>
      <trkpt lat="47.576795" lon="12.284744">
        <ele>924.7</ele>
      </trkpt>
      <trkpt lat="47.576752" lon="12.284701">
        <ele>924.2</ele>
      </trkpt>
      <trkpt lat="47.576703" lon="12.284683">
        <ele>923.9</ele>
      </trkpt>
      <trkpt lat="47.576639" lon="12.284672">
        <ele>923.6</ele>
      </trkpt>
      <trkpt lat="47.576588" lon="12.284619">
        <ele>922.7</ele>
      </trkpt>
      <trkpt lat="47.576565" lon="12.284528">
        <ele>923.0</ele>
      </trkpt>
      <trkpt lat="47.576572" lon="12.284477">
        <ele>923.5</ele>
      </trkpt>
      <trkpt lat="47.576612" lon="12.284441">
        <ele>922.5</ele>
      </trkpt>
      <trkpt lat="47.576678" lon="12.284407">
        <ele>921.1</ele>
      </trkpt>
      <trkpt lat="47.576825" lon="12.284291">
        <ele>917.4</ele>
      </trkpt>
      <trkpt lat="47.576892" lon="12.284209">
        <ele>915.8</ele>
      </trkpt>
      <trkpt lat="47.577033" lon="12.283975">
        <ele>911.9</ele>
      </trkpt>
      <trkpt lat="47.577041" lon="12.283961">
        <ele>911.8</ele>
      </trkpt>
      <trkpt lat="47.577092" lon="12.283891">
        <ele>911.1</ele>
      </trkpt>
      <trkpt lat="47.577318" lon="12.283583">
        <ele>906.4</ele>
      </trkpt>
      <trkpt lat="47.577442" lon="12.283494">
        <ele>904.7</ele>
      </trkpt>
      <trkpt lat="47.577593" lon="12.283358">
        <ele>901.9</ele>
      </trkpt>
      <trkpt lat="47.577709" lon="12.283171">
        <ele>898.5</ele>
      </trkpt>
      <trkpt lat="47.577733" lon="12.283066">
        <ele>897.3</ele>
      </trkpt>
      <trkpt lat="47.57776" lon="12.282912">
        <ele>895.4</ele>
      </trkpt>
      <trkpt lat="47.577793" lon="12.282816">
        <ele>894.7</ele>
      </trkpt>
      <trkpt lat="47.57792" lon="12.282676">
        <ele>892.6</ele>
      </trkpt>
      <trkpt lat="47.577948" lon="12.282621">
        <ele>891.5</ele>
      </trkpt>
      <trkpt lat="47.577956" lon="12.282547">
        <ele>890.7</ele>
      </trkpt>
      <trkpt lat="47.57796" lon="12.282435">
        <ele>889.5</ele>
      </trkpt>
      <trkpt lat="47.577988" lon="12.282301">
        <ele>888.8</ele>
      </trkpt>
      <trkpt lat="47.57806" lon="12.282173">
        <ele>886.6</ele>
      </trkpt>
      <trkpt lat="47.578184" lon="12.281973">
        <ele>884.2</ele>
      </trkpt>
      <trkpt lat="47.578284" lon="12.281758">
        <ele>881.6</ele>
      </trkpt>
      <trkpt lat="47.578372" lon="12.281521">
        <ele>878.7</ele>
      </trkpt>
      <trkpt lat="47.578426" lon="12.281351">
        <ele>876.5</ele>
      </trkpt>
      <trkpt lat="47.578446" lon="12.281244">
        <ele>875.3</ele>
      </trkpt>
      <trkpt lat="47.578464" lon="12.281113">
        <ele>874.4</ele>
      </trkpt>
      <trkpt lat="47.578498" lon="12.281027">
        <ele>873.7</ele>
      </trkpt>
      <trkpt lat="47.578616" lon="12.280874">
        <ele>872.0</ele>
      </trkpt>
      <trkpt lat="47.578743" lon="12.280757">
        <ele>869.0</ele>
      </trkpt>
      <trkpt lat="47.578811" lon="12.280665">
        <ele>867.4</ele>
      </trkpt>
      <trkpt lat="47.578835" lon="12.280561">
        <ele>866.3</ele>
      </trkpt>
      <trkpt lat="47.578854" lon="12.280273">
        <ele>862.9</ele>
      </trkpt>
      <trkpt lat="47.57886" lon="12.279943">
        <ele>859.9</ele>
      </trkpt>
      <trkpt lat="47.578879" lon="12.279783">
        <ele>857.8</ele>
      </trkpt>
      <trkpt lat="47.578958" lon="12.27949">
        <ele>854.6</ele>
      </trkpt>
      <trkpt lat="47.57903" lon="12.279244">
        <ele>851.6</ele>
      </trkpt>
      <trkpt lat="47.57916" lon="12.279071">
        <ele>849.2</ele>
      </trkpt>
      <trkpt lat="47.579258" lon="12.278907">
        <ele>847.2</ele>
      </trkpt>
      <trkpt lat="47.57931" lon="12.278835">
        <ele>846.5</ele>
      </trkpt>
      <trkpt lat="47.579408" lon="12.278743">
        <ele>844.9</ele>
      </trkpt>
      <trkpt lat="47.579516" lon="12.278641">
        <ele>843.0</ele>
      </trkpt>
      <trkpt lat="47.579569" lon="12.278519">
        <ele>841.3</ele>
      </trkpt>
      <trkpt lat="47.579577" lon="12.278431">
        <ele>840.4</ele>
      </trkpt>
      <trkpt lat="47.579572" lon="12.278322">
        <ele>838.9</ele>
      </trkpt>
      <trkpt lat="47.579578" lon="12.278232">
        <ele>838.0</ele>
      </trkpt>
      <trkpt lat="47.579589" lon="12.278187">
        <ele>837.6</ele>
      </trkpt>
      <trkpt lat="47.579615" lon="12.27815">
        <ele>837.1</ele>
      </trkpt>
      <trkpt lat="47.579669" lon="12.27809">
        <ele>836.0</ele>
      </trkpt>
      <trkpt lat="47.579784" lon="12.277989">
        <ele>833.6</ele>
      </trkpt>
      <trkpt lat="47.579935" lon="12.277901">
        <ele>831.2</ele>
      </trkpt>
      <trkpt lat="47.580004" lon="12.277836">
        <ele>829.9</ele>
      </trkpt>
      <trkpt lat="47.580042" lon="12.277726">
        <ele>828.9</ele>
      </trkpt>
      <trkpt lat="47.580059" lon="12.277633">
        <ele>828.2</ele>
      </trkpt>
      <trkpt lat="47.580062" lon="12.27762">
        <ele>828.1</ele>
      </trkpt>
      <trkpt lat="47.580081" lon="12.277539">
        <ele>827.6</ele>
      </trkpt>
      <trkpt lat="47.580103" lon="12.277428">
        <ele>827.2</ele>
      </trkpt>
      <trkpt lat="47.580144" lon="12.277262">
        <ele>826.3</ele>
        <name>Anton-Karg-Haus, Kufstein</name>
        <extensions>
          <oa:Extension>
            <oa:mapZoom>17</oa:mapZoom>
          </oa:Extension>
        </extensions>
      </trkpt>
      <trkpt lat="47.580103" lon="12.277428">
        <ele>827.2</ele>
      </trkpt>
      <trkpt lat="47.580081" lon="12.277539">
        <ele>827.6</ele>
      </trkpt>
      <trkpt lat="47.580062" lon="12.27762">
        <ele>828.1</ele>
      </trkpt>
      <trkpt lat="47.580059" lon="12.277633">
        <ele>828.2</ele>
      </trkpt>
      <trkpt lat="47.580021" lon="12.277645">
        <ele>828.7</ele>
      </trkpt>
      <trkpt lat="47.579972" lon="12.277668">
        <ele>829.4</ele>
      </trkpt>
      <trkpt lat="47.579907" lon="12.277692">
        <ele>830.1</ele>
      </trkpt>
      <trkpt lat="47.579881" lon="12.277716">
        <ele>830.5</ele>
      </trkpt>
      <trkpt lat="47.579855" lon="12.277741">
        <ele>831.0</ele>
      </trkpt>
      <trkpt lat="47.579824" lon="12.277758">
        <ele>831.4</ele>
      </trkpt>
      <trkpt lat="47.579796" lon="12.277745">
        <ele>832.0</ele>
      </trkpt>
      <trkpt lat="47.579772" lon="12.277702">
        <ele>833.0</ele>
      </trkpt>
      <trkpt lat="47.579762" lon="12.277652">
        <ele>833.7</ele>
      </trkpt>
      <trkpt lat="47.579752" lon="12.277617">
        <ele>834.6</ele>
      </trkpt>
      <trkpt lat="47.579731" lon="12.277527">
        <ele>836.9</ele>
      </trkpt>
      <trkpt lat="47.579719" lon="12.277418">
        <ele>839.2</ele>
      </trkpt>
      <trkpt lat="47.579712" lon="12.277355">
        <ele>840.7</ele>
      </trkpt>
      <trkpt lat="47.579716" lon="12.277278">
        <ele>841.7</ele>
      </trkpt>
      <trkpt lat="47.579713" lon="12.277191">
        <ele>844.0</ele>
      </trkpt>
      <trkpt lat="47.579733" lon="12.277144">
        <ele>843.9</ele>
      </trkpt>
      <trkpt lat="47.579734" lon="12.27711">
        <ele>845.0</ele>
      </trkpt>
      <trkpt lat="47.579734" lon="12.277058">
        <ele>846.5</ele>
      </trkpt>
      <trkpt lat="47.57975" lon="12.277026">
        <ele>846.2</ele>
      </trkpt>
      <trkpt lat="47.579761" lon="12.276984">
        <ele>846.4</ele>
      </trkpt>
      <trkpt lat="47.579761" lon="12.27694">
        <ele>847.6</ele>
      </trkpt>
      <trkpt lat="47.579753" lon="12.276883">
        <ele>849.7</ele>
      </trkpt>
      <trkpt lat="47.579753" lon="12.276853">
        <ele>850.4</ele>
      </trkpt>
      <trkpt lat="47.579759" lon="12.276825">
        <ele>850.8</ele>
      </trkpt>
      <trkpt lat="47.57977" lon="12.276789">
        <ele>851.3</ele>
      </trkpt>
      <trkpt lat="47.579793" lon="12.276747">
        <ele>851.6</ele>
      </trkpt>
      <trkpt lat="47.579798" lon="12.276717">
        <ele>852.1</ele>
      </trkpt>
      <trkpt lat="47.579792" lon="12.276688">
        <ele>852.8</ele>
      </trkpt>
      <trkpt lat="47.57978" lon="12.276658">
        <ele>853.3</ele>
      </trkpt>
      <trkpt lat="47.579778" lon="12.276641">
        <ele>853.1</ele>
      </trkpt>
      <trkpt lat="47.579772" lon="12.276623">
        <ele>853.0</ele>
      </trkpt>
      <trkpt lat="47.579762" lon="12.276615">
        <ele>853.3</ele>
      </trkpt>
      <trkpt lat="47.579736" lon="12.27661">
        <ele>854.4</ele>
      </trkpt>
      <trkpt lat="47.579718" lon="12.276605">
        <ele>855.0</ele>
      </trkpt>
      <trkpt lat="47.579704" lon="12.276614">
        <ele>855.7</ele>
      </trkpt>
      <trkpt lat="47.57969" lon="12.276636">
        <ele>856.4</ele>
      </trkpt>
      <trkpt lat="47.579662" lon="12.276636">
        <ele>857.2</ele>
      </trkpt>
      <trkpt lat="47.579636" lon="12.276606">
        <ele>857.8</ele>
      </trkpt>
      <trkpt lat="47.579625" lon="12.276585">
        <ele>858.1</ele>
      </trkpt>
      <trkpt lat="47.579624" lon="12.276543">
        <ele>858.3</ele>
      </trkpt>
      <trkpt lat="47.57964" lon="12.276519">
        <ele>858.0</ele>
      </trkpt>
      <trkpt lat="47.579667" lon="12.276483">
        <ele>857.8</ele>
      </trkpt>
      <trkpt lat="47.57967" lon="12.276462">
        <ele>858.1</ele>
      </trkpt>
      <trkpt lat="47.579664" lon="12.276436">
        <ele>858.8</ele>
      </trkpt>
      <trkpt lat="47.579668" lon="12.27641">
        <ele>859.0</ele>
      </trkpt>
      <trkpt lat="47.579681" lon="12.276395">
        <ele>858.9</ele>
      </trkpt>
      <trkpt lat="47.579691" lon="12.276388">
        <ele>858.7</ele>
      </trkpt>
      <trkpt lat="47.57972" lon="12.276333">
        <ele>858.7</ele>
      </trkpt>
      <trkpt lat="47.579763" lon="12.276242">
        <ele>859.2</ele>
      </trkpt>
      <trkpt lat="47.579772" lon="12.276183">
        <ele>859.7</ele>
      </trkpt>
      <trkpt lat="47.579774" lon="12.276104">
        <ele>860.4</ele>
      </trkpt>
      <trkpt lat="47.579756" lon="12.275989">
        <ele>862.6</ele>
      </trkpt>
      <trkpt lat="47.57973" lon="12.275915">
        <ele>865.1</ele>
      </trkpt>
      <trkpt lat="47.579686" lon="12.275849">
        <ele>866.5</ele>
      </trkpt>
      <trkpt lat="47.579656" lon="12.275491">
        <ele>863.3</ele>
      </trkpt>
      <trkpt lat="47.579628" lon="12.275202">
        <ele>859.0</ele>
      </trkpt>
      <trkpt lat="47.57958" lon="12.274768">
        <ele>856.6</ele>
      </trkpt>
      <trkpt lat="47.579565" lon="12.274624">
        <ele>856.8</ele>
      </trkpt>
      <trkpt lat="47.57956" lon="12.274571">
        <ele>857.1</ele>
      </trkpt>
      <trkpt lat="47.579572" lon="12.274491">
        <ele>856.6</ele>
      </trkpt>
      <trkpt lat="47.579611" lon="12.274367">
        <ele>856.4</ele>
      </trkpt>
      <trkpt lat="47.579749" lon="12.274302">
        <ele>858.0</ele>
      </trkpt>
      <trkpt lat="47.579806" lon="12.274329">
        <ele>859.2</ele>
      </trkpt>
      <trkpt lat="47.579829" lon="12.27434">
        <ele>859.7</ele>
      </trkpt>
      <trkpt lat="47.579909" lon="12.274425">
        <ele>859.3</ele>
      </trkpt>
      <trkpt lat="47.579983" lon="12.274421">
        <ele>860.1</ele>
      </trkpt>
      <trkpt lat="47.580054" lon="12.274341">
        <ele>859.8</ele>
      </trkpt>
      <trkpt lat="47.580105" lon="12.274249">
        <ele>859.3</ele>
      </trkpt>
      <trkpt lat="47.580159" lon="12.274127">
        <ele>858.0</ele>
      </trkpt>
      <trkpt lat="47.580207" lon="12.274017">
        <ele>857.8</ele>
      </trkpt>
      <trkpt lat="47.580268" lon="12.273934">
        <ele>858.1</ele>
      </trkpt>
      <trkpt lat="47.58031" lon="12.273882">
        <ele>857.8</ele>
      </trkpt>
      <trkpt lat="47.580354" lon="12.273738">
        <ele>857.0</ele>
      </trkpt>
      <trkpt lat="47.580392" lon="12.273539">
        <ele>856.3</ele>
      </trkpt>
      <trkpt lat="47.580415" lon="12.273425">
        <ele>855.9</ele>
      </trkpt>
      <trkpt lat="47.580419" lon="12.273377">
        <ele>856.1</ele>
      </trkpt>
      <trkpt lat="47.580418" lon="12.273334">
        <ele>856.5</ele>
      </trkpt>
      <trkpt lat="47.580406" lon="12.273263">
        <ele>857.7</ele>
      </trkpt>
      <trkpt lat="47.580406" lon="12.273237">
        <ele>857.9</ele>
      </trkpt>
      <trkpt lat="47.580422" lon="12.273191">
        <ele>857.8</ele>
      </trkpt>
      <trkpt lat="47.580459" lon="12.273046">
        <ele>858.2</ele>
      </trkpt>
      <trkpt lat="47.580467" lon="12.272981">
        <ele>859.0</ele>
      </trkpt>
      <trkpt lat="47.580477" lon="12.272879">
        <ele>860.3</ele>
      </trkpt>
      <trkpt lat="47.580492" lon="12.272789">
        <ele>861.2</ele>
      </trkpt>
      <trkpt lat="47.580505" lon="12.272664">
        <ele>863.0</ele>
      </trkpt>
      <trkpt lat="47.58052" lon="12.272591">
        <ele>864.1</ele>
      </trkpt>
      <trkpt lat="47.580528" lon="12.272549">
        <ele>864.3</ele>
      </trkpt>
      <trkpt lat="47.580533" lon="12.272517">
        <ele>863.8</ele>
      </trkpt>
      <trkpt lat="47.580528" lon="12.272503">
        <ele>863.9</ele>
      </trkpt>
      <trkpt lat="47.580512" lon="12.272498">
        <ele>864.7</ele>
      </trkpt>
      <trkpt lat="47.580487" lon="12.272492">
        <ele>866.1</ele>
      </trkpt>
      <trkpt lat="47.580465" lon="12.272452">
        <ele>867.4</ele>
      </trkpt>
      <trkpt lat="47.580432" lon="12.272384">
        <ele>869.0</ele>
      </trkpt>
      <trkpt lat="47.580404" lon="12.272326">
        <ele>869.6</ele>
      </trkpt>
      <trkpt lat="47.580357" lon="12.272248">
        <ele>871.9</ele>
      </trkpt>
      <trkpt lat="47.580316" lon="12.272191">
        <ele>873.1</ele>
      </trkpt>
      <trkpt lat="47.580288" lon="12.272144">
        <ele>874.5</ele>
      </trkpt>
      <trkpt lat="47.580275" lon="12.272111">
        <ele>875.6</ele>
      </trkpt>
      <trkpt lat="47.580274" lon="12.272091">
        <ele>876.1</ele>
      </trkpt>
      <trkpt lat="47.580289" lon="12.272081">
        <ele>875.7</ele>
      </trkpt>
      <trkpt lat="47.58035" lon="12.272023">
        <ele>876.4</ele>
      </trkpt>
      <trkpt lat="47.580395" lon="12.271983">
        <ele>877.5</ele>
      </trkpt>
      <trkpt lat="47.58045" lon="12.271965">
        <ele>876.8</ele>
      </trkpt>
      <trkpt lat="47.580479" lon="12.27194">
        <ele>875.7</ele>
      </trkpt>
      <trkpt lat="47.580495" lon="12.271878">
        <ele>874.8</ele>
      </trkpt>
      <trkpt lat="47.580524" lon="12.271726">
        <ele>873.7</ele>
      </trkpt>
      <trkpt lat="47.580556" lon="12.271549">
        <ele>873.0</ele>
      </trkpt>
      <trkpt lat="47.580563" lon="12.271465">
        <ele>873.4</ele>
      </trkpt>
      <trkpt lat="47.580559" lon="12.271285">
        <ele>875.2</ele>
      </trkpt>
      <trkpt lat="47.580553" lon="12.271187">
        <ele>876.5</ele>
      </trkpt>
      <trkpt lat="47.580527" lon="12.271043">
        <ele>879.2</ele>
      </trkpt>
      <trkpt lat="47.580506" lon="12.270879">
        <ele>881.6</ele>
      </trkpt>
      <trkpt lat="47.580494" lon="12.270765">
        <ele>883.3</ele>
      </trkpt>
      <trkpt lat="47.580506" lon="12.270615">
        <ele>884.7</ele>
      </trkpt>
      <trkpt lat="47.58053" lon="12.270504">
        <ele>885.7</ele>
      </trkpt>
      <trkpt lat="47.580569" lon="12.270348">
        <ele>887.8</ele>
      </trkpt>
      <trkpt lat="47.580595" lon="12.27021">
        <ele>889.3</ele>
      </trkpt>
      <trkpt lat="47.580604" lon="12.270133">
        <ele>889.2</ele>
      </trkpt>
      <trkpt lat="47.580603" lon="12.270066">
        <ele>889.0</ele>
      </trkpt>
      <trkpt lat="47.580605" lon="12.270001">
        <ele>889.7</ele>
      </trkpt>
      <trkpt lat="47.580621" lon="12.269942">
        <ele>891.0</ele>
      </trkpt>
      <trkpt lat="47.58065" lon="12.269852">
        <ele>892.8</ele>
      </trkpt>
      <trkpt lat="47.580671" lon="12.269753">
        <ele>894.2</ele>
      </trkpt>
      <trkpt lat="47.580684" lon="12.269656">
        <ele>895.4</ele>
      </trkpt>
      <trkpt lat="47.580704" lon="12.269531">
        <ele>895.0</ele>
      </trkpt>
      <trkpt lat="47.580697" lon="12.269433">
        <ele>894.6</ele>
      </trkpt>
      <trkpt lat="47.580667" lon="12.269268">
        <ele>894.5</ele>
      </trkpt>
      <trkpt lat="47.580645" lon="12.269156">
        <ele>894.0</ele>
      </trkpt>
      <trkpt lat="47.580623" lon="12.269068">
        <ele>894.1</ele>
      </trkpt>
      <trkpt lat="47.580583" lon="12.268944">
        <ele>895.0</ele>
      </trkpt>
      <trkpt lat="47.58053" lon="12.268872">
        <ele>896.9</ele>
      </trkpt>
      <trkpt lat="47.580475" lon="12.268767">
        <ele>898.1</ele>
      </trkpt>
      <trkpt lat="47.580401" lon="12.268679">
        <ele>900.0</ele>
      </trkpt>
      <trkpt lat="47.580353" lon="12.268631">
        <ele>902.2</ele>
      </trkpt>
      <trkpt lat="47.580333" lon="12.268603">
        <ele>903.2</ele>
      </trkpt>
      <trkpt lat="47.580333" lon="12.268548">
        <ele>904.8</ele>
      </trkpt>
      <trkpt lat="47.580346" lon="12.268476">
        <ele>907.4</ele>
      </trkpt>
      <trkpt lat="47.580363" lon="12.268376">
        <ele>910.1</ele>
      </trkpt>
      <trkpt lat="47.580362" lon="12.26831">
        <ele>911.4</ele>
      </trkpt>
      <trkpt lat="47.580351" lon="12.268297">
        <ele>912.0</ele>
      </trkpt>
      <trkpt lat="47.580327" lon="12.26829">
        <ele>913.2</ele>
      </trkpt>
      <trkpt lat="47.580218" lon="12.268312">
        <ele>916.7</ele>
      </trkpt>
      <trkpt lat="47.580179" lon="12.268314">
        <ele>917.9</ele>
      </trkpt>
      <trkpt lat="47.58016" lon="12.268306">
        <ele>918.8</ele>
      </trkpt>
      <trkpt lat="47.580156" lon="12.268265">
        <ele>920.6</ele>
      </trkpt>
      <trkpt lat="47.580156" lon="12.268232">
        <ele>922.0</ele>
      </trkpt>
      <trkpt lat="47.580157" lon="12.268179">
        <ele>923.7</ele>
      </trkpt>
      <trkpt lat="47.580167" lon="12.268139">
        <ele>923.9</ele>
      </trkpt>
      <trkpt lat="47.580181" lon="12.268105">
        <ele>923.1</ele>
      </trkpt>
      <trkpt lat="47.58018" lon="12.268087">
        <ele>923.1</ele>
      </trkpt>
      <trkpt lat="47.58017" lon="12.268089">
        <ele>923.8</ele>
      </trkpt>
      <trkpt lat="47.580152" lon="12.2681">
        <ele>925.0</ele>
      </trkpt>
      <trkpt lat="47.580098" lon="12.268133">
        <ele>927.5</ele>
      </trkpt>
      <trkpt lat="47.580076" lon="12.268149">
        <ele>927.9</ele>
      </trkpt>
      <trkpt lat="47.580064" lon="12.268142">
        <ele>928.6</ele>
      </trkpt>
      <trkpt lat="47.580058" lon="12.268104">
        <ele>930.2</ele>
      </trkpt>
      <trkpt lat="47.580054" lon="12.268079">
        <ele>931.1</ele>
      </trkpt>
      <trkpt lat="47.580049" lon="12.268058">
        <ele>932.0</ele>
      </trkpt>
      <trkpt lat="47.580033" lon="12.268053">
        <ele>933.1</ele>
      </trkpt>
      <trkpt lat="47.58002" lon="12.268055">
        <ele>933.7</ele>
      </trkpt>
      <trkpt lat="47.57998" lon="12.268077">
        <ele>934.4</ele>
      </trkpt>
      <trkpt lat="47.579929" lon="12.268077">
        <ele>936.2</ele>
      </trkpt>
      <trkpt lat="47.579905" lon="12.268077">
        <ele>936.9</ele>
      </trkpt>
      <trkpt lat="47.579898" lon="12.268061">
        <ele>938.0</ele>
      </trkpt>
      <trkpt lat="47.579906" lon="12.267991">
        <ele>941.4</ele>
      </trkpt>
      <trkpt lat="47.57992" lon="12.267901">
        <ele>944.4</ele>
      </trkpt>
      <trkpt lat="47.57992" lon="12.267882">
        <ele>945.2</ele>
      </trkpt>
      <trkpt lat="47.579917" lon="12.267878">
        <ele>945.5</ele>
      </trkpt>
      <trkpt lat="47.579887" lon="12.267888">
        <ele>946.5</ele>
      </trkpt>
      <trkpt lat="47.579814" lon="12.267919">
        <ele>947.1</ele>
      </trkpt>
      <trkpt lat="47.579777" lon="12.267944">
        <ele>947.0</ele>
      </trkpt>
      <trkpt lat="47.579758" lon="12.267952">
        <ele>947.5</ele>
      </trkpt>
      <trkpt lat="47.579752" lon="12.267947">
        <ele>948.0</ele>
      </trkpt>
      <trkpt lat="47.579749" lon="12.267938">
        <ele>948.5</ele>
      </trkpt>
      <trkpt lat="47.579752" lon="12.26792">
        <ele>949.3</ele>
      </trkpt>
      <trkpt lat="47.579756" lon="12.267866">
        <ele>951.6</ele>
      </trkpt>
      <trkpt lat="47.579758" lon="12.267839">
        <ele>952.7</ele>
      </trkpt>
      <trkpt lat="47.579779" lon="12.267744">
        <ele>956.3</ele>
      </trkpt>
      <trkpt lat="47.579813" lon="12.267636">
        <ele>958.7</ele>
      </trkpt>
      <trkpt lat="47.579827" lon="12.267563">
        <ele>958.6</ele>
      </trkpt>
      <trkpt lat="47.579823" lon="12.267491">
        <ele>959.2</ele>
      </trkpt>
      <trkpt lat="47.57983" lon="12.26738">
        <ele>959.1</ele>
      </trkpt>
      <trkpt lat="47.579817" lon="12.267291">
        <ele>958.4</ele>
      </trkpt>
      <trkpt lat="47.579794" lon="12.267235">
        <ele>957.9</ele>
      </trkpt>
      <trkpt lat="47.579746" lon="12.267173">
        <ele>956.7</ele>
      </trkpt>
      <trkpt lat="47.579687" lon="12.267102">
        <ele>955.2</ele>
      </trkpt>
      <trkpt lat="47.57964" lon="12.267013">
        <ele>952.8</ele>
      </trkpt>
      <trkpt lat="47.579585" lon="12.266954">
        <ele>952.7</ele>
      </trkpt>
      <trkpt lat="47.579536" lon="12.266919">
        <ele>952.5</ele>
      </trkpt>
      <trkpt lat="47.579517" lon="12.26692">
        <ele>953.2</ele>
      </trkpt>
      <trkpt lat="47.57948" lon="12.266919">
        <ele>954.3</ele>
      </trkpt>
      <trkpt lat="47.579446" lon="12.266882">
        <ele>952.6</ele>
      </trkpt>
      <trkpt lat="47.579346" lon="12.266834">
        <ele>954.8</ele>
      </trkpt>
      <trkpt lat="47.579279" lon="12.266828">
        <ele>955.4</ele>
      </trkpt>
      <trkpt lat="47.579231" lon="12.266858">
        <ele>957.4</ele>
      </trkpt>
      <trkpt lat="47.579194" lon="12.266854">
        <ele>957.7</ele>
      </trkpt>
      <trkpt lat="47.579171" lon="12.266807">
        <ele>955.3</ele>
      </trkpt>
      <trkpt lat="47.579125" lon="12.266771">
        <ele>953.9</ele>
      </trkpt>
      <trkpt lat="47.579089" lon="12.26677">
        <ele>953.6</ele>
      </trkpt>
      <trkpt lat="47.579037" lon="12.266772">
        <ele>953.1</ele>
      </trkpt>
      <trkpt lat="47.578964" lon="12.266824">
        <ele>955.0</ele>
      </trkpt>
      <trkpt lat="47.578903" lon="12.266843">
        <ele>956.0</ele>
      </trkpt>
      <trkpt lat="47.578892" lon="12.266808">
        <ele>954.7</ele>
      </trkpt>
      <trkpt lat="47.57886" lon="12.266785">
        <ele>955.7</ele>
      </trkpt>
      <trkpt lat="47.578839" lon="12.266759">
        <ele>957.5</ele>
      </trkpt>
      <trkpt lat="47.578833" lon="12.26672">
        <ele>958.7</ele>
      </trkpt>
      <trkpt lat="47.578851" lon="12.266665">
        <ele>958.9</ele>
      </trkpt>
      <trkpt lat="47.578882" lon="12.266608">
        <ele>958.6</ele>
      </trkpt>
      <trkpt lat="47.578879" lon="12.266547">
        <ele>959.0</ele>
      </trkpt>
      <trkpt lat="47.578836" lon="12.266475">
        <ele>960.7</ele>
      </trkpt>
      <trkpt lat="47.578769" lon="12.266409">
        <ele>963.5</ele>
      </trkpt>
      <trkpt lat="47.578676" lon="12.266338">
        <ele>966.1</ele>
      </trkpt>
      <trkpt lat="47.578622" lon="12.266274">
        <ele>967.1</ele>
      </trkpt>
      <trkpt lat="47.578607" lon="12.266212">
        <ele>967.2</ele>
      </trkpt>
      <trkpt lat="47.578613" lon="12.266098">
        <ele>966.3</ele>
      </trkpt>
      <trkpt lat="47.578599" lon="12.266003">
        <ele>967.9</ele>
      </trkpt>
      <trkpt lat="47.578609" lon="12.265984">
        <ele>968.3</ele>
      </trkpt>
      <trkpt lat="47.578654" lon="12.265937">
        <ele>970.7</ele>
      </trkpt>
      <trkpt lat="47.578727" lon="12.265922">
        <ele>974.1</ele>
      </trkpt>
      <trkpt lat="47.57887" lon="12.265876">
        <ele>982.3</ele>
      </trkpt>
      <trkpt lat="47.578947" lon="12.265846">
        <ele>987.8</ele>
      </trkpt>
      <trkpt lat="47.578965" lon="12.265847">
        <ele>988.4</ele>
      </trkpt>
      <trkpt lat="47.578988" lon="12.265864">
        <ele>988.4</ele>
      </trkpt>
      <trkpt lat="47.579021" lon="12.265893">
        <ele>988.1</ele>
      </trkpt>
      <trkpt lat="47.579031" lon="12.265886">
        <ele>988.8</ele>
      </trkpt>
      <trkpt lat="47.579029" lon="12.265859">
        <ele>990.4</ele>
      </trkpt>
      <trkpt lat="47.579016" lon="12.265792">
        <ele>993.8</ele>
      </trkpt>
      <trkpt lat="47.578998" lon="12.265721">
        <ele>997.3</ele>
      </trkpt>
      <trkpt lat="47.579007" lon="12.265667">
        <ele>1000.0</ele>
      </trkpt>
      <trkpt lat="47.57904" lon="12.265615">
        <ele>1001.2</ele>
      </trkpt>
      <trkpt lat="47.579067" lon="12.265556">
        <ele>1002.1</ele>
      </trkpt>
      <trkpt lat="47.579066" lon="12.265546">
        <ele>1002.6</ele>
      </trkpt>
      <trkpt lat="47.579062" lon="12.265538">
        <ele>1003.2</ele>
      </trkpt>
      <trkpt lat="47.579047" lon="12.265538">
        <ele>1004.0</ele>
      </trkpt>
      <trkpt lat="47.578998" lon="12.265543">
        <ele>1005.1</ele>
      </trkpt>
      <trkpt lat="47.578973" lon="12.265538">
        <ele>1005.4</ele>
      </trkpt>
      <trkpt lat="47.578947" lon="12.265519">
        <ele>1006.4</ele>
      </trkpt>
      <trkpt lat="47.57894" lon="12.265507">
        <ele>1007.0</ele>
      </trkpt>
      <trkpt lat="47.578945" lon="12.265502">
        <ele>1007.3</ele>
      </trkpt>
      <trkpt lat="47.578971" lon="12.265494">
        <ele>1007.6</ele>
      </trkpt>
      <trkpt lat="47.579" lon="12.265484">
        <ele>1007.8</ele>
      </trkpt>
      <trkpt lat="47.579019" lon="12.26547">
        <ele>1008.2</ele>
      </trkpt>
      <trkpt lat="47.579015" lon="12.26546">
        <ele>1008.7</ele>
      </trkpt>
      <trkpt lat="47.578987" lon="12.26544">
        <ele>1010.2</ele>
      </trkpt>
      <trkpt lat="47.57896" lon="12.265426">
        <ele>1011.4</ele>
      </trkpt>
      <trkpt lat="47.578916" lon="12.265397">
        <ele>1013.4</ele>
      </trkpt>
      <trkpt lat="47.578856" lon="12.265369">
        <ele>1015.0</ele>
      </trkpt>
      <trkpt lat="47.578831" lon="12.265357">
        <ele>1015.8</ele>
      </trkpt>
      <trkpt lat="47.578829" lon="12.265346">
        <ele>1016.4</ele>
      </trkpt>
      <trkpt lat="47.57885" lon="12.265318">
        <ele>1017.8</ele>
      </trkpt>
      <trkpt lat="47.57889" lon="12.265252">
        <ele>1021.7</ele>
      </trkpt>
      <trkpt lat="47.578895" lon="12.265232">
        <ele>1022.8</ele>
      </trkpt>
      <trkpt lat="47.578871" lon="12.265213">
        <ele>1023.5</ele>
      </trkpt>
      <trkpt lat="47.578819" lon="12.265177">
        <ele>1025.5</ele>
      </trkpt>
      <trkpt lat="47.578803" lon="12.265158">
        <ele>1026.7</ele>
      </trkpt>
      <trkpt lat="47.578806" lon="12.265148">
        <ele>1027.2</ele>
      </trkpt>
      <trkpt lat="47.578852" lon="12.265082">
        <ele>1030.4</ele>
      </trkpt>
      <trkpt lat="47.578892" lon="12.265024">
        <ele>1034.0</ele>
      </trkpt>
      <trkpt lat="47.5789" lon="12.265">
        <ele>1035.5</ele>
      </trkpt>
      <trkpt lat="47.578895" lon="12.264972">
        <ele>1037.0</ele>
      </trkpt>
      <trkpt lat="47.578859" lon="12.264959">
        <ele>1037.4</ele>
      </trkpt>
      <trkpt lat="47.578807" lon="12.264931">
        <ele>1039.0</ele>
      </trkpt>
      <trkpt lat="47.578757" lon="12.264905">
        <ele>1040.4</ele>
      </trkpt>
      <trkpt lat="47.578705" lon="12.264874">
        <ele>1042.2</ele>
      </trkpt>
      <trkpt lat="47.578611" lon="12.264812">
        <ele>1046.1</ele>
      </trkpt>
      <trkpt lat="47.578546" lon="12.264735">
        <ele>1049.9</ele>
      </trkpt>
      <trkpt lat="47.578488" lon="12.264665">
        <ele>1050.7</ele>
      </trkpt>
      <trkpt lat="47.578426" lon="12.264622">
        <ele>1050.8</ele>
      </trkpt>
      <trkpt lat="47.578361" lon="12.264578">
        <ele>1050.0</ele>
      </trkpt>
      <trkpt lat="47.578313" lon="12.26456">
        <ele>1049.7</ele>
      </trkpt>
      <trkpt lat="47.578208" lon="12.264535">
        <ele>1050.8</ele>
      </trkpt>
      <trkpt lat="47.578122" lon="12.264535">
        <ele>1051.0</ele>
      </trkpt>
      <trkpt lat="47.578031" lon="12.264541">
        <ele>1051.1</ele>
      </trkpt>
      <trkpt lat="47.577897" lon="12.264547">
        <ele>1052.2</ele>
      </trkpt>
      <trkpt lat="47.577854" lon="12.264522">
        <ele>1052.9</ele>
      </trkpt>
      <trkpt lat="47.577798" lon="12.264451">
        <ele>1054.9</ele>
      </trkpt>
      <trkpt lat="47.577731" lon="12.26433">
        <ele>1057.4</ele>
      </trkpt>
      <trkpt lat="47.577687" lon="12.264267">
        <ele>1058.6</ele>
      </trkpt>
      <trkpt lat="47.577632" lon="12.264211">
        <ele>1059.5</ele>
      </trkpt>
      <trkpt lat="47.577553" lon="12.264126">
        <ele>1059.3</ele>
      </trkpt>
      <trkpt lat="47.577515" lon="12.264043">
        <ele>1060.0</ele>
      </trkpt>
      <trkpt lat="47.577497" lon="12.26398">
        <ele>1061.0</ele>
      </trkpt>
      <trkpt lat="47.577473" lon="12.263917">
        <ele>1063.5</ele>
      </trkpt>
      <trkpt lat="47.577469" lon="12.263862">
        <ele>1064.1</ele>
      </trkpt>
      <trkpt lat="47.577468" lon="12.26378">
        <ele>1063.5</ele>
      </trkpt>
      <trkpt lat="47.577439" lon="12.263638">
        <ele>1062.1</ele>
      </trkpt>
      <trkpt lat="47.577381" lon="12.263433">
        <ele>1061.5</ele>
      </trkpt>
      <trkpt lat="47.577308" lon="12.263154">
        <ele>1063.6</ele>
      </trkpt>
      <trkpt lat="47.57726" lon="12.262896">
        <ele>1066.1</ele>
      </trkpt>
      <trkpt lat="47.577255" lon="12.262803">
        <ele>1065.0</ele>
      </trkpt>
      <trkpt lat="47.577207" lon="12.262742">
        <ele>1067.4</ele>
      </trkpt>
      <trkpt lat="47.577175" lon="12.262601">
        <ele>1066.6</ele>
      </trkpt>
      <trkpt lat="47.577137" lon="12.26252">
        <ele>1066.2</ele>
      </trkpt>
      <trkpt lat="47.577115" lon="12.262419">
        <ele>1065.0</ele>
      </trkpt>
      <trkpt lat="47.577017" lon="12.262396">
        <ele>1063.2</ele>
      </trkpt>
      <trkpt lat="47.576929" lon="12.262412">
        <ele>1061.7</ele>
      </trkpt>
      <trkpt lat="47.576843" lon="12.262396">
        <ele>1059.4</ele>
      </trkpt>
      <trkpt lat="47.5767" lon="12.262429">
        <ele>1058.2</ele>
      </trkpt>
      <trkpt lat="47.57661" lon="12.262466">
        <ele>1058.7</ele>
      </trkpt>
      <trkpt lat="47.576482" lon="12.262474">
        <ele>1060.4</ele>
      </trkpt>
      <trkpt lat="47.576408" lon="12.262465">
        <ele>1061.1</ele>
      </trkpt>
      <trkpt lat="47.576301" lon="12.262453">
        <ele>1061.6</ele>
      </trkpt>
      <trkpt lat="47.576242" lon="12.26246">
        <ele>1062.3</ele>
      </trkpt>
      <trkpt lat="47.57619" lon="12.262422">
        <ele>1061.1</ele>
      </trkpt>
      <trkpt lat="47.576144" lon="12.262425">
        <ele>1060.9</ele>
      </trkpt>
      <trkpt lat="47.576066" lon="12.26241">
        <ele>1059.2</ele>
      </trkpt>
      <trkpt lat="47.575956" lon="12.262386">
        <ele>1057.6</ele>
      </trkpt>
      <trkpt lat="47.575879" lon="12.262442">
        <ele>1058.0</ele>
      </trkpt>
      <trkpt lat="47.575812" lon="12.262423">
        <ele>1054.9</ele>
      </trkpt>
      <trkpt lat="47.575759" lon="12.262455">
        <ele>1055.0</ele>
      </trkpt>
      <trkpt lat="47.575675" lon="12.26252">
        <ele>1060.0</ele>
      </trkpt>
      <trkpt lat="47.57559" lon="12.262519">
        <ele>1062.7</ele>
      </trkpt>
      <trkpt lat="47.575546" lon="12.262391">
        <ele>1060.1</ele>
      </trkpt>
      <trkpt lat="47.575457" lon="12.262374">
        <ele>1062.4</ele>
      </trkpt>
      <trkpt lat="47.57534" lon="12.262306">
        <ele>1062.0</ele>
      </trkpt>
      <trkpt lat="47.575147" lon="12.262173">
        <ele>1056.0</ele>
      </trkpt>
      <trkpt lat="47.575079" lon="12.262144">
        <ele>1052.5</ele>
      </trkpt>
      <trkpt lat="47.574998" lon="12.262188">
        <ele>1050.3</ele>
      </trkpt>
      <trkpt lat="47.574947" lon="12.262203">
        <ele>1048.3</ele>
      </trkpt>
      <trkpt lat="47.574905" lon="12.262246">
        <ele>1049.4</ele>
      </trkpt>
      <trkpt lat="47.574823" lon="12.262371">
        <ele>1054.5</ele>
      </trkpt>
      <trkpt lat="47.574759" lon="12.262455">
        <ele>1055.2</ele>
      </trkpt>
      <trkpt lat="47.574728" lon="12.262443">
        <ele>1052.4</ele>
      </trkpt>
      <trkpt lat="47.574693" lon="12.262423">
        <ele>1050.7</ele>
      </trkpt>
      <trkpt lat="47.574653" lon="12.262351">
        <ele>1051.9</ele>
      </trkpt>
      <trkpt lat="47.574604" lon="12.262228">
        <ele>1057.7</ele>
      </trkpt>
      <trkpt lat="47.574557" lon="12.262063">
        <ele>1061.8</ele>
      </trkpt>
      <trkpt lat="47.574486" lon="12.26201">
        <ele>1064.6</ele>
      </trkpt>
      <trkpt lat="47.57441" lon="12.261996">
        <ele>1065.9</ele>
      </trkpt>
      <trkpt lat="47.574261" lon="12.261939">
        <ele>1066.6</ele>
      </trkpt>
      <trkpt lat="47.574028" lon="12.261856">
        <ele>1068.0</ele>
      </trkpt>
      <trkpt lat="47.573813" lon="12.261746">
        <ele>1069.0</ele>
      </trkpt>
      <trkpt lat="47.573669" lon="12.261686">
        <ele>1069.0</ele>
      </trkpt>
      <trkpt lat="47.573466" lon="12.261634">
        <ele>1071.8</ele>
      </trkpt>
      <trkpt lat="47.573267" lon="12.261443">
        <ele>1074.9</ele>
      </trkpt>
      <trkpt lat="47.573137" lon="12.261364">
        <ele>1074.8</ele>
      </trkpt>
      <trkpt lat="47.57302" lon="12.261381">
        <ele>1075.3</ele>
      </trkpt>
      <trkpt lat="47.572881" lon="12.261429">
        <ele>1079.0</ele>
      </trkpt>
      <trkpt lat="47.572732" lon="12.261322">
        <ele>1082.4</ele>
      </trkpt>
      <trkpt lat="47.572529" lon="12.261092">
        <ele>1084.1</ele>
      </trkpt>
      <trkpt lat="47.572147" lon="12.260873">
        <ele>1088.9</ele>
      </trkpt>
      <trkpt lat="47.571906" lon="12.260743">
        <ele>1093.6</ele>
      </trkpt>
      <trkpt lat="47.571754" lon="12.260671">
        <ele>1098.7</ele>
      </trkpt>
      <trkpt lat="47.571627" lon="12.260516">
        <ele>1102.5</ele>
      </trkpt>
      <trkpt lat="47.571476" lon="12.260189">
        <ele>1104.6</ele>
      </trkpt>
      <trkpt lat="47.571378" lon="12.260056">
        <ele>1108.1</ele>
      </trkpt>
      <trkpt lat="47.571295" lon="12.259926">
        <ele>1111.1</ele>
      </trkpt>
      <trkpt lat="47.571284" lon="12.259849">
        <ele>1111.5</ele>
      </trkpt>
      <trkpt lat="47.571282" lon="12.25967">
        <ele>1112.5</ele>
      </trkpt>
      <trkpt lat="47.571274" lon="12.259569">
        <ele>1113.7</ele>
      </trkpt>
      <trkpt lat="47.571266" lon="12.259466">
        <ele>1115.7</ele>
      </trkpt>
      <trkpt lat="47.571265" lon="12.259449">
        <ele>1115.9</ele>
      </trkpt>
      <trkpt lat="47.571255" lon="12.259381">
        <ele>1116.5</ele>
      </trkpt>
      <trkpt lat="47.571238" lon="12.259295">
        <ele>1116.2</ele>
      </trkpt>
      <trkpt lat="47.571225" lon="12.259249">
        <ele>1115.4</ele>
      </trkpt>
      <trkpt lat="47.571199" lon="12.259214">
        <ele>1114.5</ele>
      </trkpt>
      <trkpt lat="47.57117" lon="12.25919">
        <ele>1113.6</ele>
      </trkpt>
      <trkpt lat="47.571161" lon="12.259165">
        <ele>1112.8</ele>
      </trkpt>
      <trkpt lat="47.571141" lon="12.259153">
        <ele>1112.2</ele>
      </trkpt>
      <trkpt lat="47.571131" lon="12.259148">
        <ele>1111.9</ele>
      </trkpt>
      <trkpt lat="47.571117" lon="12.259135">
        <ele>1111.3</ele>
      </trkpt>
      <trkpt lat="47.571082" lon="12.259116">
        <ele>1110.3</ele>
      </trkpt>
      <trkpt lat="47.571068" lon="12.259107">
        <ele>1109.8</ele>
      </trkpt>
      <trkpt lat="47.571054" lon="12.259099">
        <ele>1109.3</ele>
      </trkpt>
      <trkpt lat="47.571042" lon="12.259103">
        <ele>1109.3</ele>
      </trkpt>
      <trkpt lat="47.571029" lon="12.259094">
        <ele>1108.8</ele>
      </trkpt>
      <trkpt lat="47.571008" lon="12.259056">
        <ele>1107.0</ele>
      </trkpt>
      <trkpt lat="47.570993" lon="12.259052">
        <ele>1106.7</ele>
      </trkpt>
      <trkpt lat="47.570972" lon="12.259055">
        <ele>1106.6</ele>
      </trkpt>
      <trkpt lat="47.570956" lon="12.259047">
        <ele>1106.1</ele>
      </trkpt>
      <trkpt lat="47.570943" lon="12.259037">
        <ele>1105.6</ele>
      </trkpt>
      <trkpt lat="47.570899" lon="12.259038">
        <ele>1105.4</ele>
      </trkpt>
      <trkpt lat="47.570859" lon="12.259024">
        <ele>1105.0</ele>
      </trkpt>
      <trkpt lat="47.570853" lon="12.259007">
        <ele>1104.5</ele>
      </trkpt>
      <trkpt lat="47.570854" lon="12.258971">
        <ele>1103.3</ele>
      </trkpt>
      <trkpt lat="47.570827" lon="12.258927">
        <ele>1102.4</ele>
      </trkpt>
      <trkpt lat="47.570791" lon="12.258874">
        <ele>1101.8</ele>
      </trkpt>
      <trkpt lat="47.570768" lon="12.258807">
        <ele>1100.7</ele>
      </trkpt>
      <trkpt lat="47.570762" lon="12.258744">
        <ele>1099.4</ele>
      </trkpt>
      <trkpt lat="47.570734" lon="12.258634">
        <ele>1098.2</ele>
      </trkpt>
      <trkpt lat="47.5707" lon="12.258443">
        <ele>1096.4</ele>
      </trkpt>
      <trkpt lat="47.570666" lon="12.258207">
        <ele>1093.3</ele>
      </trkpt>
      <trkpt lat="47.570631" lon="12.2581">
        <ele>1091.7</ele>
      </trkpt>
      <trkpt lat="47.570587" lon="12.25804">
        <ele>1090.4</ele>
      </trkpt>
      <trkpt lat="47.570477" lon="12.25798">
        <ele>1089.0</ele>
      </trkpt>
      <trkpt lat="47.570404" lon="12.257961">
        <ele>1088.6</ele>
      </trkpt>
      <trkpt lat="47.570356" lon="12.257932">
        <ele>1087.9</ele>
      </trkpt>
      <trkpt lat="47.570305" lon="12.257903">
        <ele>1087.6</ele>
      </trkpt>
      <trkpt lat="47.570251" lon="12.257885">
        <ele>1088.4</ele>
      </trkpt>
      <trkpt lat="47.570239" lon="12.257852">
        <ele>1088.8</ele>
      </trkpt>
      <trkpt lat="47.570246" lon="12.257767">
        <ele>1090.0</ele>
      </trkpt>
      <trkpt lat="47.570259" lon="12.257712">
        <ele>1090.4</ele>
      </trkpt>
      <trkpt lat="47.570314" lon="12.257539">
        <ele>1089.6</ele>
      </trkpt>
      <trkpt lat="47.570355" lon="12.257431">
        <ele>1088.8</ele>
      </trkpt>
      <trkpt lat="47.570407" lon="12.257316">
        <ele>1088.2</ele>
      </trkpt>
      <trkpt lat="47.570445" lon="12.257207">
        <ele>1088.6</ele>
      </trkpt>
      <trkpt lat="47.570461" lon="12.257168">
        <ele>1088.9</ele>
      </trkpt>
      <trkpt lat="47.57051" lon="12.257085">
        <ele>1089.4</ele>
      </trkpt>
      <trkpt lat="47.570546" lon="12.257032">
        <ele>1089.8</ele>
      </trkpt>
      <trkpt lat="47.570582" lon="12.256974">
        <ele>1090.2</ele>
      </trkpt>
      <trkpt lat="47.570608" lon="12.256915">
        <ele>1090.4</ele>
      </trkpt>
      <trkpt lat="47.570637" lon="12.256745">
        <ele>1091.4</ele>
      </trkpt>
      <trkpt lat="47.570654" lon="12.256602">
        <ele>1091.8</ele>
      </trkpt>
      <trkpt lat="47.570695" lon="12.256505">
        <ele>1091.5</ele>
      </trkpt>
      <trkpt lat="47.570721" lon="12.256451">
        <ele>1091.4</ele>
      </trkpt>
      <trkpt lat="47.570773" lon="12.256387">
        <ele>1091.0</ele>
      </trkpt>
      <trkpt lat="47.570794" lon="12.256318">
        <ele>1091.3</ele>
      </trkpt>
      <trkpt lat="47.570826" lon="12.256262">
        <ele>1091.3</ele>
      </trkpt>
      <trkpt lat="47.570848" lon="12.25622">
        <ele>1091.5</ele>
      </trkpt>
      <trkpt lat="47.570866" lon="12.256174">
        <ele>1091.9</ele>
      </trkpt>
      <trkpt lat="47.570904" lon="12.256113">
        <ele>1092.2</ele>
      </trkpt>
      <trkpt lat="47.570927" lon="12.256066">
        <ele>1092.4</ele>
      </trkpt>
      <trkpt lat="47.571013" lon="12.255913">
        <ele>1092.9</ele>
      </trkpt>
      <trkpt lat="47.571124" lon="12.255777">
        <ele>1093.3</ele>
      </trkpt>
      <trkpt lat="47.571237" lon="12.255671">
        <ele>1091.8</ele>
      </trkpt>
      <trkpt lat="47.571344" lon="12.255575">
        <ele>1091.6</ele>
      </trkpt>
      <trkpt lat="47.571394" lon="12.255515">
        <ele>1092.3</ele>
      </trkpt>
      <trkpt lat="47.571492" lon="12.255349">
        <ele>1093.6</ele>
      </trkpt>
      <trkpt lat="47.571542" lon="12.255262">
        <ele>1093.0</ele>
      </trkpt>
      <trkpt lat="47.571577" lon="12.25517">
        <ele>1092.4</ele>
      </trkpt>
      <trkpt lat="47.571699" lon="12.255038">
        <ele>1091.5</ele>
      </trkpt>
      <trkpt lat="47.571751" lon="12.254979">
        <ele>1092.7</ele>
      </trkpt>
      <trkpt lat="47.571801" lon="12.254826">
        <ele>1095.6</ele>
      </trkpt>
      <trkpt lat="47.57188" lon="12.254623">
        <ele>1098.0</ele>
      </trkpt>
      <trkpt lat="47.571918" lon="12.254445">
        <ele>1102.0</ele>
      </trkpt>
      <trkpt lat="47.571942" lon="12.254206">
        <ele>1109.6</ele>
      </trkpt>
      <trkpt lat="47.571986" lon="12.254021">
        <ele>1113.8</ele>
      </trkpt>
      <trkpt lat="47.572031" lon="12.253854">
        <ele>1116.5</ele>
      </trkpt>
      <trkpt lat="47.57203" lon="12.253788">
        <ele>1118.3</ele>
      </trkpt>
      <trkpt lat="47.572016" lon="12.25369">
        <ele>1119.9</ele>
      </trkpt>
      <trkpt lat="47.571997" lon="12.253652">
        <ele>1120.2</ele>
      </trkpt>
      <trkpt lat="47.571968" lon="12.253682">
        <ele>1121.8</ele>
      </trkpt>
      <trkpt lat="47.57193" lon="12.253662">
        <ele>1123.2</ele>
      </trkpt>
      <trkpt lat="47.571818" lon="12.25355">
        <ele>1127.3</ele>
      </trkpt>
      <trkpt lat="47.571739" lon="12.25345">
        <ele>1130.2</ele>
      </trkpt>
      <trkpt lat="47.571719" lon="12.253355">
        <ele>1128.5</ele>
      </trkpt>
      <trkpt lat="47.571631" lon="12.253313">
        <ele>1132.1</ele>
      </trkpt>
      <trkpt lat="47.571492" lon="12.25321">
        <ele>1136.4</ele>
      </trkpt>
      <trkpt lat="47.571423" lon="12.253185">
        <ele>1139.9</ele>
      </trkpt>
      <trkpt lat="47.571383" lon="12.253155">
        <ele>1141.7</ele>
      </trkpt>
      <trkpt lat="47.571325" lon="12.253058">
        <ele>1143.5</ele>
      </trkpt>
      <trkpt lat="47.571165" lon="12.252841">
        <ele>1144.9</ele>
      </trkpt>
      <trkpt lat="47.571089" lon="12.252763">
        <ele>1145.2</ele>
      </trkpt>
      <trkpt lat="47.571019" lon="12.252685">
        <ele>1143.9</ele>
      </trkpt>
      <trkpt lat="47.570966" lon="12.252697">
        <ele>1145.9</ele>
      </trkpt>
      <trkpt lat="47.570904" lon="12.252711">
        <ele>1147.9</ele>
      </trkpt>
      <trkpt lat="47.570797" lon="12.252682">
        <ele>1148.5</ele>
      </trkpt>
      <trkpt lat="47.570654" lon="12.252666">
        <ele>1150.3</ele>
      </trkpt>
      <trkpt lat="47.57053" lon="12.252667">
        <ele>1150.4</ele>
      </trkpt>
      <trkpt lat="47.570202" lon="12.252621">
        <ele>1143.8</ele>
      </trkpt>
      <trkpt lat="47.569918" lon="12.252576">
        <ele>1144.6</ele>
      </trkpt>
      <trkpt lat="47.569675" lon="12.252562">
        <ele>1147.5</ele>
      </trkpt>
      <trkpt lat="47.56947" lon="12.252434">
        <ele>1153.7</ele>
      </trkpt>
      <trkpt lat="47.569354" lon="12.252335">
        <ele>1154.0</ele>
      </trkpt>
      <trkpt lat="47.569247" lon="12.252199">
        <ele>1152.6</ele>
      </trkpt>
      <trkpt lat="47.569179" lon="12.252097">
        <ele>1151.6</ele>
      </trkpt>
      <trkpt lat="47.569087" lon="12.251958">
        <ele>1151.6</ele>
      </trkpt>
      <trkpt lat="47.569049" lon="12.251874">
        <ele>1151.5</ele>
      </trkpt>
      <trkpt lat="47.568995" lon="12.251789">
        <ele>1151.9</ele>
      </trkpt>
      <trkpt lat="47.568913" lon="12.251523">
        <ele>1151.6</ele>
      </trkpt>
      <trkpt lat="47.568887" lon="12.251408">
        <ele>1150.1</ele>
      </trkpt>
      <trkpt lat="47.568827" lon="12.251356">
        <ele>1150.6</ele>
      </trkpt>
      <trkpt lat="47.568756" lon="12.251306">
        <ele>1150.8</ele>
      </trkpt>
      <trkpt lat="47.568744" lon="12.251232">
        <ele>1148.7</ele>
      </trkpt>
      <trkpt lat="47.568721" lon="12.251185">
        <ele>1148.7</ele>
      </trkpt>
      <trkpt lat="47.568702" lon="12.251139">
        <ele>1149.0</ele>
      </trkpt>
      <trkpt lat="47.568709" lon="12.251105">
        <ele>1149.3</ele>
      </trkpt>
      <trkpt lat="47.568745" lon="12.251067">
        <ele>1150.3</ele>
      </trkpt>
      <trkpt lat="47.568799" lon="12.251042">
        <ele>1150.7</ele>
      </trkpt>
      <trkpt lat="47.56887" lon="12.251049">
        <ele>1149.3</ele>
      </trkpt>
      <trkpt lat="47.568922" lon="12.251006">
        <ele>1150.8</ele>
      </trkpt>
      <trkpt lat="47.568978" lon="12.250933">
        <ele>1152.5</ele>
      </trkpt>
      <trkpt lat="47.569042" lon="12.250881">
        <ele>1153.8</ele>
      </trkpt>
      <trkpt lat="47.56911" lon="12.250845">
        <ele>1154.5</ele>
      </trkpt>
      <trkpt lat="47.569179" lon="12.250835">
        <ele>1153.1</ele>
      </trkpt>
      <trkpt lat="47.569217" lon="12.250816">
        <ele>1152.6</ele>
      </trkpt>
      <trkpt lat="47.569237" lon="12.250794">
        <ele>1152.6</ele>
      </trkpt>
      <trkpt lat="47.569291" lon="12.250763">
        <ele>1151.3</ele>
      </trkpt>
      <trkpt lat="47.569326" lon="12.250732">
        <ele>1150.5</ele>
      </trkpt>
      <trkpt lat="47.569382" lon="12.250555">
        <ele>1150.5</ele>
      </trkpt>
      <trkpt lat="47.569438" lon="12.250362">
        <ele>1150.9</ele>
      </trkpt>
      <trkpt lat="47.569547" lon="12.250311">
        <ele>1154.4</ele>
      </trkpt>
      <trkpt lat="47.569751" lon="12.250169">
        <ele>1153.4</ele>
      </trkpt>
      <trkpt lat="47.569855" lon="12.250048">
        <ele>1155.8</ele>
      </trkpt>
      <trkpt lat="47.569963" lon="12.249933">
        <ele>1155.6</ele>
      </trkpt>
      <trkpt lat="47.570112" lon="12.249729">
        <ele>1155.3</ele>
      </trkpt>
      <trkpt lat="47.570183" lon="12.249631">
        <ele>1153.9</ele>
      </trkpt>
      <trkpt lat="47.570249" lon="12.249519">
        <ele>1151.3</ele>
      </trkpt>
      <trkpt lat="47.57028" lon="12.249441">
        <ele>1150.7</ele>
      </trkpt>
      <trkpt lat="47.570283" lon="12.249378">
        <ele>1152.1</ele>
      </trkpt>
      <trkpt lat="47.570288" lon="12.249304">
        <ele>1153.6</ele>
      </trkpt>
      <trkpt lat="47.570292" lon="12.249258">
        <ele>1154.6</ele>
      </trkpt>
      <trkpt lat="47.570317" lon="12.249153">
        <ele>1156.7</ele>
      </trkpt>
      <trkpt lat="47.570316" lon="12.249097">
        <ele>1158.7</ele>
      </trkpt>
      <trkpt lat="47.570324" lon="12.249076">
        <ele>1159.4</ele>
      </trkpt>
      <trkpt lat="47.570348" lon="12.249065">
        <ele>1159.9</ele>
      </trkpt>
      <trkpt lat="47.570366" lon="12.249074">
        <ele>1160.2</ele>
      </trkpt>
      <trkpt lat="47.570386" lon="12.249109">
        <ele>1160.1</ele>
      </trkpt>
      <trkpt lat="47.570414" lon="12.249134">
        <ele>1161.4</ele>
      </trkpt>
      <trkpt lat="47.570434" lon="12.249158">
        <ele>1161.9</ele>
      </trkpt>
      <trkpt lat="47.570476" lon="12.249194">
        <ele>1163.4</ele>
      </trkpt>
      <trkpt lat="47.570508" lon="12.249202">
        <ele>1165.3</ele>
      </trkpt>
      <trkpt lat="47.570558" lon="12.24914">
        <ele>1170.5</ele>
      </trkpt>
      <trkpt lat="47.570622" lon="12.249001">
        <ele>1176.3</ele>
      </trkpt>
      <trkpt lat="47.570629" lon="12.248875">
        <ele>1180.8</ele>
      </trkpt>
      <trkpt lat="47.570638" lon="12.248795">
        <ele>1183.6</ele>
      </trkpt>
      <trkpt lat="47.570631" lon="12.248722">
        <ele>1186.5</ele>
      </trkpt>
      <trkpt lat="47.570604" lon="12.248645">
        <ele>1189.5</ele>
      </trkpt>
      <trkpt lat="47.570591" lon="12.248603">
        <ele>1191.1</ele>
      </trkpt>
      <trkpt lat="47.570577" lon="12.248577">
        <ele>1192.1</ele>
      </trkpt>
      <trkpt lat="47.570581" lon="12.24852">
        <ele>1194.7</ele>
      </trkpt>
      <trkpt lat="47.570597" lon="12.248475">
        <ele>1196.6</ele>
      </trkpt>
      <trkpt lat="47.5706" lon="12.24845">
        <ele>1197.5</ele>
      </trkpt>
      <trkpt lat="47.570596" lon="12.248439">
        <ele>1198.0</ele>
      </trkpt>
      <trkpt lat="47.570589" lon="12.248425">
        <ele>1198.6</ele>
      </trkpt>
      <trkpt lat="47.570577" lon="12.248414">
        <ele>1199.2</ele>
      </trkpt>
      <trkpt lat="47.570555" lon="12.248373">
        <ele>1200.5</ele>
      </trkpt>
      <trkpt lat="47.570539" lon="12.248348">
        <ele>1201.1</ele>
      </trkpt>
      <trkpt lat="47.570534" lon="12.248321">
        <ele>1201.8</ele>
      </trkpt>
      <trkpt lat="47.570537" lon="12.248292">
        <ele>1202.9</ele>
      </trkpt>
      <trkpt lat="47.570544" lon="12.248264">
        <ele>1204.2</ele>
      </trkpt>
      <trkpt lat="47.570556" lon="12.248242">
        <ele>1205.1</ele>
      </trkpt>
      <trkpt lat="47.570583" lon="12.248229">
        <ele>1205.2</ele>
      </trkpt>
      <trkpt lat="47.570589" lon="12.248199">
        <ele>1206.1</ele>
      </trkpt>
      <trkpt lat="47.570607" lon="12.248144">
        <ele>1207.7</ele>
      </trkpt>
      <trkpt lat="47.570616" lon="12.24812">
        <ele>1208.4</ele>
      </trkpt>
      <trkpt lat="47.570619" lon="12.248077">
        <ele>1210.3</ele>
      </trkpt>
      <trkpt lat="47.570625" lon="12.248044">
        <ele>1211.6</ele>
      </trkpt>
      <trkpt lat="47.570632" lon="12.248024">
        <ele>1212.3</ele>
      </trkpt>
      <trkpt lat="47.570637" lon="12.247951">
        <ele>1215.8</ele>
      </trkpt>
      <trkpt lat="47.570653" lon="12.247898">
        <ele>1217.6</ele>
      </trkpt>
      <trkpt lat="47.570686" lon="12.247836">
        <ele>1218.7</ele>
      </trkpt>
      <trkpt lat="47.570706" lon="12.247793">
        <ele>1219.3</ele>
      </trkpt>
      <trkpt lat="47.570711" lon="12.247779">
        <ele>1219.5</ele>
      </trkpt>
      <trkpt lat="47.570714" lon="12.24774">
        <ele>1220.8</ele>
      </trkpt>
      <trkpt lat="47.570713" lon="12.247688">
        <ele>1222.4</ele>
      </trkpt>
      <trkpt lat="47.570717" lon="12.24765">
        <ele>1223.2</ele>
      </trkpt>
      <trkpt lat="47.570704" lon="12.247615">
        <ele>1225.1</ele>
      </trkpt>
      <trkpt lat="47.570681" lon="12.247543">
        <ele>1228.6</ele>
      </trkpt>
      <trkpt lat="47.570665" lon="12.247429">
        <ele>1233.6</ele>
      </trkpt>
      <trkpt lat="47.570679" lon="12.247383">
        <ele>1234.9</ele>
      </trkpt>
      <trkpt lat="47.570677" lon="12.247347">
        <ele>1236.6</ele>
      </trkpt>
      <trkpt lat="47.570678" lon="12.247316">
        <ele>1237.8</ele>
      </trkpt>
      <trkpt lat="47.570692" lon="12.247317">
        <ele>1237.0</ele>
      </trkpt>
      <trkpt lat="47.570702" lon="12.247322">
        <ele>1236.3</ele>
      </trkpt>
      <trkpt lat="47.570713" lon="12.247307">
        <ele>1236.4</ele>
      </trkpt>
      <trkpt lat="47.570708" lon="12.247282">
        <ele>1237.7</ele>
      </trkpt>
      <trkpt lat="47.570702" lon="12.247263">
        <ele>1238.8</ele>
      </trkpt>
      <trkpt lat="47.570697" lon="12.247225">
        <ele>1240.7</ele>
      </trkpt>
      <trkpt lat="47.5707" lon="12.247182">
        <ele>1242.7</ele>
      </trkpt>
      <trkpt lat="47.570736" lon="12.247144">
        <ele>1243.9</ele>
      </trkpt>
      <trkpt lat="47.570775" lon="12.247118">
        <ele>1245.0</ele>
      </trkpt>
      <trkpt lat="47.570775" lon="12.247108">
        <ele>1245.6</ele>
      </trkpt>
      <trkpt lat="47.570767" lon="12.247098">
        <ele>1246.4</ele>
      </trkpt>
      <trkpt lat="47.570767" lon="12.247088">
        <ele>1247.0</ele>
      </trkpt>
      <trkpt lat="47.570774" lon="12.247085">
        <ele>1247.1</ele>
      </trkpt>
      <trkpt lat="47.570781" lon="12.247076">
        <ele>1247.5</ele>
      </trkpt>
      <trkpt lat="47.570781" lon="12.247069">
        <ele>1248.0</ele>
      </trkpt>
      <trkpt lat="47.570779" lon="12.247058">
        <ele>1248.7</ele>
      </trkpt>
      <trkpt lat="47.570782" lon="12.247049">
        <ele>1249.2</ele>
      </trkpt>
      <trkpt lat="47.570807" lon="12.247034">
        <ele>1249.5</ele>
      </trkpt>
      <trkpt lat="47.570821" lon="12.247019">
        <ele>1250.1</ele>
      </trkpt>
      <trkpt lat="47.570832" lon="12.246986">
        <ele>1251.8</ele>
      </trkpt>
      <trkpt lat="47.57084" lon="12.24697">
        <ele>1252.6</ele>
      </trkpt>
      <trkpt lat="47.570851" lon="12.246968">
        <ele>1252.4</ele>
      </trkpt>
      <trkpt lat="47.57087" lon="12.246968">
        <ele>1251.8</ele>
      </trkpt>
      <trkpt lat="47.570884" lon="12.246962">
        <ele>1251.6</ele>
      </trkpt>
      <trkpt lat="47.570892" lon="12.246952">
        <ele>1251.9</ele>
      </trkpt>
      <trkpt lat="47.570908" lon="12.246928">
        <ele>1252.7</ele>
      </trkpt>
      <trkpt lat="47.570923" lon="12.246889">
        <ele>1254.4</ele>
      </trkpt>
      <trkpt lat="47.570935" lon="12.246862">
        <ele>1255.6</ele>
      </trkpt>
      <trkpt lat="47.570944" lon="12.246843">
        <ele>1256.4</ele>
      </trkpt>
      <trkpt lat="47.570963" lon="12.24683">
        <ele>1256.3</ele>
      </trkpt>
      <trkpt lat="47.570985" lon="12.246806">
        <ele>1257.0</ele>
      </trkpt>
      <trkpt lat="47.571015" lon="12.246785">
        <ele>1257.1</ele>
      </trkpt>
      <trkpt lat="47.571029" lon="12.246781">
        <ele>1256.6</ele>
      </trkpt>
      <trkpt lat="47.571037" lon="12.24677">
        <ele>1256.6</ele>
      </trkpt>
      <trkpt lat="47.571054" lon="12.246741">
        <ele>1256.8</ele>
      </trkpt>
      <trkpt lat="47.571056" lon="12.246733">
        <ele>1257.1</ele>
      </trkpt>
      <trkpt lat="47.571048" lon="12.246726">
        <ele>1258.2</ele>
      </trkpt>
      <trkpt lat="47.571036" lon="12.246726">
        <ele>1259.3</ele>
      </trkpt>
      <trkpt lat="47.571021" lon="12.246729">
        <ele>1260.4</ele>
      </trkpt>
      <trkpt lat="47.571004" lon="12.246735">
        <ele>1261.2</ele>
      </trkpt>
      <trkpt lat="47.570998" lon="12.24673">
        <ele>1262.0</ele>
      </trkpt>
      <trkpt lat="47.571002" lon="12.246712">
        <ele>1262.9</ele>
      </trkpt>
      <trkpt lat="47.571019" lon="12.24669">
        <ele>1262.5</ele>
      </trkpt>
      <trkpt lat="47.57103" lon="12.246667">
        <ele>1262.3</ele>
      </trkpt>
      <trkpt lat="47.571013" lon="12.246651">
        <ele>1264.1</ele>
      </trkpt>
      <trkpt lat="47.570997" lon="12.246644">
        <ele>1265.6</ele>
      </trkpt>
      <trkpt lat="47.570978" lon="12.246629">
        <ele>1267.3</ele>
      </trkpt>
      <trkpt lat="47.570969" lon="12.24662">
        <ele>1268.1</ele>
      </trkpt>
      <trkpt lat="47.570962" lon="12.246581">
        <ele>1268.5</ele>
      </trkpt>
      <trkpt lat="47.570955" lon="12.246571">
        <ele>1269.1</ele>
      </trkpt>
      <trkpt lat="47.57094" lon="12.246574">
        <ele>1270.4</ele>
      </trkpt>
      <trkpt lat="47.570907" lon="12.246586">
        <ele>1273.7</ele>
      </trkpt>
      <trkpt lat="47.570907" lon="12.246602">
        <ele>1273.7</ele>
      </trkpt>
      <trkpt lat="47.570911" lon="12.246615">
        <ele>1273.3</ele>
      </trkpt>
      <trkpt lat="47.570912" lon="12.246625">
        <ele>1273.2</ele>
      </trkpt>
      <trkpt lat="47.570893" lon="12.246643">
        <ele>1274.7</ele>
      </trkpt>
      <trkpt lat="47.570879" lon="12.246636">
        <ele>1276.1</ele>
      </trkpt>
      <trkpt lat="47.570872" lon="12.246617">
        <ele>1277.1</ele>
      </trkpt>
      <trkpt lat="47.570861" lon="12.246616">
        <ele>1278.0</ele>
      </trkpt>
      <trkpt lat="47.57085" lon="12.246644">
        <ele>1278.3</ele>
      </trkpt>
      <trkpt lat="47.570848" lon="12.246648">
        <ele>1278.4</ele>
      </trkpt>
      <trkpt lat="47.570831" lon="12.246651">
        <ele>1279.6</ele>
      </trkpt>
      <trkpt lat="47.570789" lon="12.24664">
        <ele>1283.1</ele>
      </trkpt>
      <trkpt lat="47.570772" lon="12.246614">
        <ele>1285.3</ele>
      </trkpt>
      <trkpt lat="47.570761" lon="12.246611">
        <ele>1286.1</ele>
      </trkpt>
      <trkpt lat="47.570743" lon="12.246608">
        <ele>1287.4</ele>
      </trkpt>
      <trkpt lat="47.570728" lon="12.246594">
        <ele>1288.8</ele>
      </trkpt>
      <trkpt lat="47.570729" lon="12.246561">
        <ele>1289.8</ele>
      </trkpt>
      <trkpt lat="47.570745" lon="12.24652">
        <ele>1289.7</ele>
      </trkpt>
      <trkpt lat="47.570746" lon="12.246498">
        <ele>1289.8</ele>
      </trkpt>
      <trkpt lat="47.570742" lon="12.246471">
        <ele>1290.4</ele>
      </trkpt>
      <trkpt lat="47.570707" lon="12.246445">
        <ele>1293.0</ele>
      </trkpt>
      <trkpt lat="47.570672" lon="12.246326">
        <ele>1295.2</ele>
      </trkpt>
      <trkpt lat="47.570652" lon="12.246288">
        <ele>1297.0</ele>
      </trkpt>
      <trkpt lat="47.57064" lon="12.246248">
        <ele>1298.8</ele>
      </trkpt>
      <trkpt lat="47.570627" lon="12.246201">
        <ele>1300.9</ele>
      </trkpt>
      <trkpt lat="47.570647" lon="12.246157">
        <ele>1301.7</ele>
      </trkpt>
      <trkpt lat="47.570637" lon="12.246147">
        <ele>1302.5</ele>
      </trkpt>
      <trkpt lat="47.570607" lon="12.246137">
        <ele>1304.1</ele>
      </trkpt>
      <trkpt lat="47.570606" lon="12.246123">
        <ele>1304.6</ele>
      </trkpt>
      <trkpt lat="47.570617" lon="12.2461">
        <ele>1305.3</ele>
      </trkpt>
      <trkpt lat="47.570591" lon="12.24605">
        <ele>1308.4</ele>
      </trkpt>
      <trkpt lat="47.570571" lon="12.246036">
        <ele>1309.6</ele>
      </trkpt>
      <trkpt lat="47.570552" lon="12.24605">
        <ele>1309.8</ele>
      </trkpt>
      <trkpt lat="47.570527" lon="12.24602">
        <ele>1311.8</ele>
      </trkpt>
      <trkpt lat="47.570498" lon="12.245981">
        <ele>1314.5</ele>
      </trkpt>
      <trkpt lat="47.570499" lon="12.24594">
        <ele>1316.1</ele>
      </trkpt>
      <trkpt lat="47.570494" lon="12.245914">
        <ele>1317.4</ele>
      </trkpt>
      <trkpt lat="47.570502" lon="12.245904">
        <ele>1317.7</ele>
      </trkpt>
      <trkpt lat="47.570512" lon="12.245908">
        <ele>1317.4</ele>
      </trkpt>
      <trkpt lat="47.570526" lon="12.245893">
        <ele>1318.3</ele>
      </trkpt>
      <trkpt lat="47.570528" lon="12.245872">
        <ele>1319.4</ele>
      </trkpt>
      <trkpt lat="47.570532" lon="12.245869">
        <ele>1319.7</ele>
      </trkpt>
      <trkpt lat="47.570552" lon="12.24587">
        <ele>1319.9</ele>
      </trkpt>
      <trkpt lat="47.570579" lon="12.245841">
        <ele>1321.7</ele>
      </trkpt>
      <trkpt lat="47.570577" lon="12.245826">
        <ele>1322.5</ele>
      </trkpt>
      <trkpt lat="47.570575" lon="12.245803">
        <ele>1323.7</ele>
      </trkpt>
      <trkpt lat="47.570585" lon="12.245788">
        <ele>1324.4</ele>
      </trkpt>
      <trkpt lat="47.570607" lon="12.245768">
        <ele>1325.3</ele>
      </trkpt>
      <trkpt lat="47.570613" lon="12.245751">
        <ele>1326.0</ele>
      </trkpt>
      <trkpt lat="47.570623" lon="12.245753">
        <ele>1325.9</ele>
      </trkpt>
      <trkpt lat="47.570649" lon="12.245739">
        <ele>1326.1</ele>
      </trkpt>
      <trkpt lat="47.570674" lon="12.245695">
        <ele>1326.7</ele>
      </trkpt>
      <trkpt lat="47.570689" lon="12.245636">
        <ele>1327.3</ele>
      </trkpt>
      <trkpt lat="47.570722" lon="12.245503">
        <ele>1328.8</ele>
      </trkpt>
      <trkpt lat="47.570716" lon="12.245467">
        <ele>1330.2</ele>
      </trkpt>
      <trkpt lat="47.570747" lon="12.245401">
        <ele>1330.4</ele>
      </trkpt>
      <trkpt lat="47.570753" lon="12.245355">
        <ele>1331.8</ele>
      </trkpt>
      <trkpt lat="47.570812" lon="12.245207">
        <ele>1334.5</ele>
      </trkpt>
      <trkpt lat="47.570878" lon="12.245047">
        <ele>1337.2</ele>
      </trkpt>
      <trkpt lat="47.570884" lon="12.244972">
        <ele>1339.9</ele>
      </trkpt>
      <trkpt lat="47.57088" lon="12.244904">
        <ele>1343.1</ele>
      </trkpt>
      <trkpt lat="47.570876" lon="12.244849">
        <ele>1345.9</ele>
      </trkpt>
      <trkpt lat="47.570883" lon="12.244819">
        <ele>1346.8</ele>
      </trkpt>
      <trkpt lat="47.570923" lon="12.244789">
        <ele>1346.1</ele>
      </trkpt>
      <trkpt lat="47.570951" lon="12.24476">
        <ele>1346.2</ele>
      </trkpt>
      <trkpt lat="47.570978" lon="12.244675">
        <ele>1349.2</ele>
      </trkpt>
      <trkpt lat="47.570992" lon="12.244596">
        <ele>1352.3</ele>
      </trkpt>
      <trkpt lat="47.570998" lon="12.244568">
        <ele>1353.4</ele>
      </trkpt>
      <trkpt lat="47.570955" lon="12.244513">
        <ele>1354.9</ele>
      </trkpt>
      <trkpt lat="47.570925" lon="12.244491">
        <ele>1355.0</ele>
      </trkpt>
      <trkpt lat="47.57091" lon="12.244464">
        <ele>1355.1</ele>
      </trkpt>
      <trkpt lat="47.570898" lon="12.244424">
        <ele>1355.2</ele>
      </trkpt>
      <trkpt lat="47.570891" lon="12.244394">
        <ele>1355.2</ele>
      </trkpt>
      <trkpt lat="47.57088" lon="12.244374">
        <ele>1355.1</ele>
      </trkpt>
      <trkpt lat="47.570862" lon="12.244363">
        <ele>1354.8</ele>
      </trkpt>
      <trkpt lat="47.570826" lon="12.244327">
        <ele>1354.4</ele>
      </trkpt>
      <trkpt lat="47.570784" lon="12.244272">
        <ele>1354.3</ele>
      </trkpt>
      <trkpt lat="47.570755" lon="12.244244">
        <ele>1354.4</ele>
      </trkpt>
      <trkpt lat="47.570736" lon="12.244216">
        <ele>1354.2</ele>
      </trkpt>
      <trkpt lat="47.570715" lon="12.244193">
        <ele>1354.1</ele>
      </trkpt>
      <trkpt lat="47.570694" lon="12.244172">
        <ele>1354.0</ele>
      </trkpt>
      <trkpt lat="47.570669" lon="12.244157">
        <ele>1353.9</ele>
      </trkpt>
      <trkpt lat="47.570641" lon="12.244156">
        <ele>1353.9</ele>
      </trkpt>
      <trkpt lat="47.570621" lon="12.244147">
        <ele>1353.7</ele>
      </trkpt>
      <trkpt lat="47.57059" lon="12.244138">
        <ele>1353.3</ele>
      </trkpt>
      <trkpt lat="47.570556" lon="12.244139">
        <ele>1353.2</ele>
      </trkpt>
      <trkpt lat="47.570533" lon="12.244127">
        <ele>1352.9</ele>
      </trkpt>
      <trkpt lat="47.570467" lon="12.24412">
        <ele>1352.5</ele>
      </trkpt>
      <trkpt lat="47.570409" lon="12.244117">
        <ele>1351.9</ele>
      </trkpt>
      <trkpt lat="47.57034" lon="12.244132">
        <ele>1351.3</ele>
      </trkpt>
      <trkpt lat="47.570267" lon="12.244164">
        <ele>1350.8</ele>
      </trkpt>
      <trkpt lat="47.570195" lon="12.244173">
        <ele>1349.8</ele>
      </trkpt>
      <trkpt lat="47.570157" lon="12.244171">
        <ele>1349.5</ele>
      </trkpt>
      <trkpt lat="47.570123" lon="12.244152">
        <ele>1349.0</ele>
      </trkpt>
      <trkpt lat="47.570071" lon="12.24412">
        <ele>1348.5</ele>
      </trkpt>
      <trkpt lat="47.570026" lon="12.244099">
        <ele>1348.4</ele>
      </trkpt>
      <trkpt lat="47.569991" lon="12.244069">
        <ele>1348.1</ele>
      </trkpt>
      <trkpt lat="47.569973" lon="12.244037">
        <ele>1347.7</ele>
      </trkpt>
      <trkpt lat="47.569965" lon="12.244029">
        <ele>1347.7</ele>
      </trkpt>
      <trkpt lat="47.569955" lon="12.244028">
        <ele>1347.7</ele>
      </trkpt>
      <trkpt lat="47.56994" lon="12.244026">
        <ele>1347.8</ele>
      </trkpt>
      <trkpt lat="47.569922" lon="12.244013">
        <ele>1347.8</ele>
      </trkpt>
      <trkpt lat="47.569894" lon="12.243971">
        <ele>1347.4</ele>
      </trkpt>
      <trkpt lat="47.569873" lon="12.243939">
        <ele>1347.1</ele>
      </trkpt>
      <trkpt lat="47.569834" lon="12.243899">
        <ele>1347.0</ele>
      </trkpt>
      <trkpt lat="47.569812" lon="12.243884">
        <ele>1347.0</ele>
      </trkpt>
      <trkpt lat="47.569835" lon="12.243868">
        <ele>1346.4</ele>
      </trkpt>
      <trkpt lat="47.569853" lon="12.243855">
        <ele>1345.9</ele>
      </trkpt>
      <trkpt lat="47.569862" lon="12.243855">
        <ele>1345.8</ele>
      </trkpt>
      <trkpt lat="47.569884" lon="12.243868">
        <ele>1345.8</ele>
      </trkpt>
      <trkpt lat="47.569896" lon="12.243866">
        <ele>1345.6</ele>
      </trkpt>
      <trkpt lat="47.569915" lon="12.243857">
        <ele>1345.3</ele>
      </trkpt>
      <trkpt lat="47.569942" lon="12.243857">
        <ele>1345.1</ele>
      </trkpt>
      <trkpt lat="47.569955" lon="12.24386">
        <ele>1345.0</ele>
      </trkpt>
      <trkpt lat="47.569994" lon="12.24386">
        <ele>1344.7</ele>
      </trkpt>
      <trkpt lat="47.570004" lon="12.24386">
        <ele>1344.6</ele>
      </trkpt>
      <trkpt lat="47.570011" lon="12.243851">
        <ele>1344.5</ele>
      </trkpt>
      <trkpt lat="47.570034" lon="12.24385">
        <ele>1344.3</ele>
      </trkpt>
      <trkpt lat="47.570092" lon="12.243837">
        <ele>1343.9</ele>
      </trkpt>
      <trkpt lat="47.570118" lon="12.243839">
        <ele>1343.8</ele>
      </trkpt>
      <trkpt lat="47.570187" lon="12.243857">
        <ele>1343.7</ele>
      </trkpt>
      <trkpt lat="47.570252" lon="12.243864">
        <ele>1344.0</ele>
      </trkpt>
      <trkpt lat="47.570274" lon="12.243876">
        <ele>1344.4</ele>
      </trkpt>
      <trkpt lat="47.570283" lon="12.24388">
        <ele>1344.6</ele>
      </trkpt>
      <trkpt lat="47.570298" lon="12.243879">
        <ele>1344.7</ele>
      </trkpt>
      <trkpt lat="47.57034" lon="12.243859">
        <ele>1344.7</ele>
      </trkpt>
      <trkpt lat="47.570367" lon="12.24384">
        <ele>1344.6</ele>
      </trkpt>
      <trkpt lat="47.570403" lon="12.243833">
        <ele>1344.7</ele>
      </trkpt>
      <trkpt lat="47.570448" lon="12.243834">
        <ele>1345.0</ele>
      </trkpt>
      <trkpt lat="47.570473" lon="12.243849">
        <ele>1345.4</ele>
      </trkpt>
      <trkpt lat="47.57048" lon="12.243855">
        <ele>1345.6</ele>
      </trkpt>
      <trkpt lat="47.570492" lon="12.243855">
        <ele>1345.7</ele>
      </trkpt>
      <trkpt lat="47.570509" lon="12.243848">
        <ele>1345.6</ele>
      </trkpt>
      <trkpt lat="47.570534" lon="12.24385">
        <ele>1345.7</ele>
      </trkpt>
      <trkpt lat="47.570557" lon="12.243852">
        <ele>1345.9</ele>
      </trkpt>
      <trkpt lat="47.570567" lon="12.24385">
        <ele>1346.0</ele>
      </trkpt>
      <trkpt lat="47.570579" lon="12.243842">
        <ele>1345.9</ele>
      </trkpt>
      <trkpt lat="47.5706" lon="12.243832">
        <ele>1345.9</ele>
      </trkpt>
      <trkpt lat="47.57064" lon="12.243827">
        <ele>1346.5</ele>
      </trkpt>
      <trkpt lat="47.570669" lon="12.243798">
        <ele>1346.4</ele>
      </trkpt>
      <trkpt lat="47.570676" lon="12.243782">
        <ele>1346.2</ele>
      </trkpt>
      <trkpt lat="47.570732" lon="12.243739">
        <ele>1346.5</ele>
      </trkpt>
      <trkpt lat="47.570792" lon="12.243696">
        <ele>1346.2</ele>
      </trkpt>
      <trkpt lat="47.570832" lon="12.243688">
        <ele>1346.4</ele>
      </trkpt>
      <trkpt lat="47.570853" lon="12.243693">
        <ele>1346.8</ele>
      </trkpt>
      <trkpt lat="47.570866" lon="12.2437">
        <ele>1347.1</ele>
      </trkpt>
      <trkpt lat="47.570892" lon="12.243704">
        <ele>1347.4</ele>
      </trkpt>
      <trkpt lat="47.570906" lon="12.243697">
        <ele>1347.3</ele>
      </trkpt>
      <trkpt lat="47.570947" lon="12.243665">
        <ele>1346.4</ele>
      </trkpt>
      <trkpt lat="47.570961" lon="12.243656">
        <ele>1346.1</ele>
      </trkpt>
      <trkpt lat="47.570989" lon="12.243652">
        <ele>1345.9</ele>
      </trkpt>
      <trkpt lat="47.571024" lon="12.243661">
        <ele>1346.1</ele>
      </trkpt>
      <trkpt lat="47.571048" lon="12.243662">
        <ele>1346.0</ele>
      </trkpt>
      <trkpt lat="47.571053" lon="12.243659">
        <ele>1345.8</ele>
      </trkpt>
      <trkpt lat="47.571063" lon="12.243643">
        <ele>1345.3</ele>
      </trkpt>
      <trkpt lat="47.571073" lon="12.243635">
        <ele>1345.0</ele>
      </trkpt>
      <trkpt lat="47.5711" lon="12.243625">
        <ele>1344.6</ele>
      </trkpt>
      <trkpt lat="47.571146" lon="12.243605">
        <ele>1344.0</ele>
      </trkpt>
      <trkpt lat="47.571176" lon="12.243596">
        <ele>1343.7</ele>
      </trkpt>
      <trkpt lat="47.571213" lon="12.243589">
        <ele>1343.6</ele>
      </trkpt>
      <trkpt lat="47.571258" lon="12.243561">
        <ele>1342.9</ele>
      </trkpt>
      <trkpt lat="47.571295" lon="12.24355">
        <ele>1342.9</ele>
      </trkpt>
      <trkpt lat="47.57131" lon="12.243548">
        <ele>1343.0</ele>
      </trkpt>
      <trkpt lat="47.571333" lon="12.243531">
        <ele>1342.8</ele>
      </trkpt>
      <trkpt lat="47.57136" lon="12.243489">
        <ele>1342.0</ele>
      </trkpt>
      <trkpt lat="47.571398" lon="12.243443">
        <ele>1341.4</ele>
      </trkpt>
      <trkpt lat="47.571445" lon="12.243381">
        <ele>1340.6</ele>
      </trkpt>
      <trkpt lat="47.571464" lon="12.243365">
        <ele>1340.4</ele>
      </trkpt>
      <trkpt lat="47.571495" lon="12.243359">
        <ele>1340.9</ele>
      </trkpt>
      <trkpt lat="47.571507" lon="12.243349">
        <ele>1340.8</ele>
      </trkpt>
      <trkpt lat="47.571536" lon="12.243314">
        <ele>1340.4</ele>
      </trkpt>
      <trkpt lat="47.571554" lon="12.243292">
        <ele>1340.1</ele>
      </trkpt>
      <trkpt lat="47.571568" lon="12.243287">
        <ele>1340.1</ele>
      </trkpt>
      <trkpt lat="47.571591" lon="12.243286">
        <ele>1340.5</ele>
      </trkpt>
      <trkpt lat="47.571594" lon="12.243282">
        <ele>1340.5</ele>
      </trkpt>
      <trkpt lat="47.57161" lon="12.243255">
        <ele>1339.9</ele>
      </trkpt>
      <trkpt lat="47.571643" lon="12.243224">
        <ele>1339.6</ele>
      </trkpt>
      <trkpt lat="47.571699" lon="12.243173">
        <ele>1339.2</ele>
      </trkpt>
      <trkpt lat="47.571726" lon="12.243153">
        <ele>1339.1</ele>
      </trkpt>
      <trkpt lat="47.57176" lon="12.243141">
        <ele>1339.4</ele>
      </trkpt>
      <trkpt lat="47.571784" lon="12.243124">
        <ele>1339.3</ele>
      </trkpt>
      <trkpt lat="47.571833" lon="12.243114">
        <ele>1339.8</ele>
      </trkpt>
      <trkpt lat="47.571883" lon="12.243105">
        <ele>1340.2</ele>
      </trkpt>
      <trkpt lat="47.571974" lon="12.243084">
        <ele>1340.2</ele>
      </trkpt>
      <trkpt lat="47.572015" lon="12.243086">
        <ele>1340.1</ele>
      </trkpt>
      <trkpt lat="47.572055" lon="12.243101">
        <ele>1340.4</ele>
      </trkpt>
      <trkpt lat="47.57206" lon="12.243102">
        <ele>1340.3</ele>
      </trkpt>
      <trkpt lat="47.572077" lon="12.243092">
        <ele>1339.8</ele>
      </trkpt>
      <trkpt lat="47.57211" lon="12.24309">
        <ele>1339.4</ele>
      </trkpt>
      <trkpt lat="47.572123" lon="12.243093">
        <ele>1339.4</ele>
      </trkpt>
      <trkpt lat="47.572134" lon="12.243107">
        <ele>1339.7</ele>
      </trkpt>
      <trkpt lat="47.572141" lon="12.243111">
        <ele>1339.8</ele>
      </trkpt>
      <trkpt lat="47.572159" lon="12.243104">
        <ele>1339.3</ele>
      </trkpt>
      <trkpt lat="47.572177" lon="12.243093">
        <ele>1338.7</ele>
      </trkpt>
      <trkpt lat="47.572195" lon="12.243091">
        <ele>1338.5</ele>
      </trkpt>
      <trkpt lat="47.572226" lon="12.243078">
        <ele>1337.7</ele>
      </trkpt>
      <trkpt lat="47.572277" lon="12.243077">
        <ele>1337.2</ele>
      </trkpt>
      <trkpt lat="47.572303" lon="12.243081">
        <ele>1336.9</ele>
      </trkpt>
      <trkpt lat="47.572348" lon="12.243079">
        <ele>1336.4</ele>
      </trkpt>
      <trkpt lat="47.572376" lon="12.243085">
        <ele>1336.6</ele>
      </trkpt>
      <trkpt lat="47.572436" lon="12.243131">
        <ele>1337.6</ele>
      </trkpt>
      <trkpt lat="47.572449" lon="12.243137">
        <ele>1337.8</ele>
      </trkpt>
      <trkpt lat="47.572464" lon="12.243123">
        <ele>1337.9</ele>
      </trkpt>
      <trkpt lat="47.572503" lon="12.243037">
        <ele>1338.8</ele>
      </trkpt>
      <trkpt lat="47.572509" lon="12.242954">
        <ele>1339.1</ele>
      </trkpt>
      <trkpt lat="47.572512" lon="12.242878">
        <ele>1339.2</ele>
      </trkpt>
      <trkpt lat="47.572517" lon="12.242836">
        <ele>1339.4</ele>
      </trkpt>
      <trkpt lat="47.572525" lon="12.242801">
        <ele>1339.6</ele>
      </trkpt>
      <trkpt lat="47.572534" lon="12.242762">
        <ele>1339.7</ele>
      </trkpt>
      <trkpt lat="47.572539" lon="12.242723">
        <ele>1339.6</ele>
      </trkpt>
      <trkpt lat="47.572554" lon="12.242673">
        <ele>1339.6</ele>
      </trkpt>
      <trkpt lat="47.572582" lon="12.24258">
        <ele>1339.3</ele>
      </trkpt>
      <trkpt lat="47.572597" lon="12.242552">
        <ele>1339.4</ele>
      </trkpt>
      <trkpt lat="47.572614" lon="12.242536">
        <ele>1339.7</ele>
      </trkpt>
      <trkpt lat="47.57262" lon="12.24252">
        <ele>1339.6</ele>
      </trkpt>
      <trkpt lat="47.572623" lon="12.242495">
        <ele>1339.3</ele>
      </trkpt>
      <trkpt lat="47.572631" lon="12.242455">
        <ele>1339.0</ele>
      </trkpt>
      <trkpt lat="47.572647" lon="12.242412">
        <ele>1338.8</ele>
      </trkpt>
      <trkpt lat="47.572664" lon="12.242358">
        <ele>1338.4</ele>
      </trkpt>
      <trkpt lat="47.572703" lon="12.242301">
        <ele>1338.7</ele>
      </trkpt>
      <trkpt lat="47.572733" lon="12.242252">
        <ele>1338.8</ele>
      </trkpt>
      <trkpt lat="47.572759" lon="12.242211">
        <ele>1338.8</ele>
      </trkpt>
      <trkpt lat="47.57278" lon="12.242161">
        <ele>1338.4</ele>
      </trkpt>
      <trkpt lat="47.572801" lon="12.242096">
        <ele>1337.6</ele>
      </trkpt>
      <trkpt lat="47.572823" lon="12.242056">
        <ele>1337.4</ele>
      </trkpt>
      <trkpt lat="47.572856" lon="12.242016">
        <ele>1337.4</ele>
      </trkpt>
      <trkpt lat="47.572879" lon="12.241946">
        <ele>1336.5</ele>
      </trkpt>
      <trkpt lat="47.572937" lon="12.24178">
        <ele>1334.3</ele>
      </trkpt>
      <trkpt lat="47.57298" lon="12.241656">
        <ele>1332.9</ele>
      </trkpt>
      <trkpt lat="47.573033" lon="12.241548">
        <ele>1332.3</ele>
      </trkpt>
      <trkpt lat="47.573084" lon="12.24147">
        <ele>1332.3</ele>
      </trkpt>
      <trkpt lat="47.573093" lon="12.241457">
        <ele>1332.4</ele>
      </trkpt>
      <trkpt lat="47.573098" lon="12.241434">
        <ele>1332.1</ele>
      </trkpt>
      <trkpt lat="47.573119" lon="12.241383">
        <ele>1332.0</ele>
      </trkpt>
      <trkpt lat="47.573138" lon="12.24133">
        <ele>1331.8</ele>
      </trkpt>
      <trkpt lat="47.573157" lon="12.241285">
        <ele>1331.5</ele>
      </trkpt>
      <trkpt lat="47.573201" lon="12.241206">
        <ele>1331.1</ele>
      </trkpt>
      <trkpt lat="47.573249" lon="12.241128">
        <ele>1331.0</ele>
      </trkpt>
      <trkpt lat="47.573271" lon="12.241085">
        <ele>1330.9</ele>
      </trkpt>
      <trkpt lat="47.573295" lon="12.241058">
        <ele>1331.0</ele>
      </trkpt>
      <trkpt lat="47.573339" lon="12.241007">
        <ele>1330.7</ele>
      </trkpt>
      <trkpt lat="47.573369" lon="12.240993">
        <ele>1330.4</ele>
      </trkpt>
      <trkpt lat="47.573388" lon="12.240996">
        <ele>1330.3</ele>
      </trkpt>
      <trkpt lat="47.573444" lon="12.241017">
        <ele>1329.5</ele>
      </trkpt>
      <trkpt lat="47.573484" lon="12.241054">
        <ele>1329.5</ele>
      </trkpt>
      <trkpt lat="47.573507" lon="12.241081">
        <ele>1329.8</ele>
      </trkpt>
      <trkpt lat="47.573527" lon="12.241112">
        <ele>1330.5</ele>
      </trkpt>
      <trkpt lat="47.573553" lon="12.241125">
        <ele>1330.4</ele>
      </trkpt>
      <trkpt lat="47.573575" lon="12.241133">
        <ele>1330.1</ele>
      </trkpt>
      <trkpt lat="47.573606" lon="12.241153">
        <ele>1329.9</ele>
      </trkpt>
      <trkpt lat="47.573629" lon="12.241177">
        <ele>1329.9</ele>
      </trkpt>
      <trkpt lat="47.573657" lon="12.241193">
        <ele>1329.3</ele>
      </trkpt>
      <trkpt lat="47.573688" lon="12.241242">
        <ele>1329.4</ele>
      </trkpt>
      <trkpt lat="47.573736" lon="12.241331">
        <ele>1329.1</ele>
      </trkpt>
      <trkpt lat="47.57379" lon="12.241429">
        <ele>1328.3</ele>
      </trkpt>
      <trkpt lat="47.573828" lon="12.241493">
        <ele>1327.7</ele>
      </trkpt>
      <trkpt lat="47.573874" lon="12.241584">
        <ele>1327.3</ele>
      </trkpt>
      <trkpt lat="47.573915" lon="12.241651">
        <ele>1326.9</ele>
      </trkpt>
      <trkpt lat="47.573947" lon="12.241696">
        <ele>1327.1</ele>
      </trkpt>
      <trkpt lat="47.573995" lon="12.241732">
        <ele>1327.1</ele>
      </trkpt>
      <trkpt lat="47.574021" lon="12.241761">
        <ele>1327.2</ele>
      </trkpt>
      <trkpt lat="47.574032" lon="12.241782">
        <ele>1327.3</ele>
      </trkpt>
      <trkpt lat="47.574046" lon="12.241792">
        <ele>1326.9</ele>
      </trkpt>
      <trkpt lat="47.574067" lon="12.241811">
        <ele>1326.3</ele>
      </trkpt>
      <trkpt lat="47.574108" lon="12.241826">
        <ele>1324.5</ele>
      </trkpt>
      <trkpt lat="47.574128" lon="12.241842">
        <ele>1323.9</ele>
      </trkpt>
      <trkpt lat="47.574142" lon="12.241873">
        <ele>1324.3</ele>
      </trkpt>
      <trkpt lat="47.574147" lon="12.241892">
        <ele>1324.7</ele>
      </trkpt>
      <trkpt lat="47.574191" lon="12.241937">
        <ele>1324.4</ele>
      </trkpt>
      <trkpt lat="47.574208" lon="12.241959">
        <ele>1324.6</ele>
      </trkpt>
      <trkpt lat="47.574255" lon="12.241991">
        <ele>1324.3</ele>
      </trkpt>
      <trkpt lat="47.574296" lon="12.242022">
        <ele>1324.5</ele>
      </trkpt>
      <trkpt lat="47.574343" lon="12.242078">
        <ele>1325.2</ele>
      </trkpt>
      <trkpt lat="47.574366" lon="12.242096">
        <ele>1324.8</ele>
      </trkpt>
      <trkpt lat="47.574382" lon="12.242135">
        <ele>1325.4</ele>
      </trkpt>
      <trkpt lat="47.574404" lon="12.24219">
        <ele>1326.2</ele>
      </trkpt>
      <trkpt lat="47.574465" lon="12.242258">
        <ele>1325.7</ele>
      </trkpt>
      <trkpt lat="47.574488" lon="12.242291">
        <ele>1325.5</ele>
      </trkpt>
      <trkpt lat="47.574525" lon="12.242363">
        <ele>1325.9</ele>
      </trkpt>
      <trkpt lat="47.574554" lon="12.242396">
        <ele>1326.2</ele>
      </trkpt>
      <trkpt lat="47.574574" lon="12.242417">
        <ele>1326.7</ele>
      </trkpt>
      <trkpt lat="47.574595" lon="12.242424">
        <ele>1326.6</ele>
      </trkpt>
      <trkpt lat="47.574677" lon="12.242411">
        <ele>1324.6</ele>
      </trkpt>
      <trkpt lat="47.574757" lon="12.242416">
        <ele>1322.9</ele>
      </trkpt>
      <trkpt lat="47.574794" lon="12.24243">
        <ele>1322.1</ele>
      </trkpt>
      <trkpt lat="47.574844" lon="12.242463">
        <ele>1321.1</ele>
      </trkpt>
      <trkpt lat="47.574881" lon="12.242498">
        <ele>1320.6</ele>
      </trkpt>
      <trkpt lat="47.574933" lon="12.24252">
        <ele>1319.0</ele>
      </trkpt>
      <trkpt lat="47.575003" lon="12.242557">
        <ele>1318.6</ele>
      </trkpt>
      <trkpt lat="47.575032" lon="12.242583">
        <ele>1319.2</ele>
      </trkpt>
      <trkpt lat="47.575072" lon="12.242577">
        <ele>1319.9</ele>
      </trkpt>
      <trkpt lat="47.575091" lon="12.242522">
        <ele>1319.8</ele>
      </trkpt>
      <trkpt lat="47.575108" lon="12.242444">
        <ele>1319.6</ele>
      </trkpt>
      <trkpt lat="47.575141" lon="12.242391">
        <ele>1320.8</ele>
      </trkpt>
      <trkpt lat="47.575157" lon="12.24235">
        <ele>1320.5</ele>
      </trkpt>
      <trkpt lat="47.575174" lon="12.242315">
        <ele>1320.0</ele>
      </trkpt>
      <trkpt lat="47.575204" lon="12.242299">
        <ele>1320.6</ele>
      </trkpt>
      <trkpt lat="47.575232" lon="12.242286">
        <ele>1321.0</ele>
      </trkpt>
      <trkpt lat="47.575311" lon="12.242221">
        <ele>1321.3</ele>
      </trkpt>
      <trkpt lat="47.575366" lon="12.242192">
        <ele>1322.5</ele>
      </trkpt>
      <trkpt lat="47.575385" lon="12.242162">
        <ele>1322.3</ele>
      </trkpt>
      <trkpt lat="47.575422" lon="12.242102">
        <ele>1322.4</ele>
      </trkpt>
      <trkpt lat="47.57545" lon="12.242068">
        <ele>1323.1</ele>
      </trkpt>
      <trkpt lat="47.575481" lon="12.242032">
        <ele>1324.3</ele>
      </trkpt>
      <trkpt lat="47.5755" lon="12.241997">
        <ele>1325.0</ele>
      </trkpt>
      <trkpt lat="47.575514" lon="12.241924">
        <ele>1325.7</ele>
      </trkpt>
      <trkpt lat="47.575523" lon="12.241828">
        <ele>1326.7</ele>
      </trkpt>
      <trkpt lat="47.575536" lon="12.241756">
        <ele>1327.4</ele>
      </trkpt>
      <trkpt lat="47.575551" lon="12.241713">
        <ele>1328.0</ele>
      </trkpt>
      <trkpt lat="47.575561" lon="12.241681">
        <ele>1328.4</ele>
      </trkpt>
      <trkpt lat="47.575584" lon="12.241638">
        <ele>1329.7</ele>
      </trkpt>
      <trkpt lat="47.575597" lon="12.241599">
        <ele>1330.4</ele>
      </trkpt>
      <trkpt lat="47.575611" lon="12.241558">
        <ele>1330.8</ele>
      </trkpt>
      <trkpt lat="47.575629" lon="12.241515">
        <ele>1330.7</ele>
      </trkpt>
      <trkpt lat="47.575643" lon="12.241505">
        <ele>1330.6</ele>
      </trkpt>
      <trkpt lat="47.57566" lon="12.241494">
        <ele>1330.5</ele>
      </trkpt>
      <trkpt lat="47.575708" lon="12.241447">
        <ele>1329.5</ele>
      </trkpt>
      <trkpt lat="47.575753" lon="12.241411">
        <ele>1328.4</ele>
      </trkpt>
      <trkpt lat="47.575768" lon="12.241405">
        <ele>1328.1</ele>
      </trkpt>
      <trkpt lat="47.575786" lon="12.241392">
        <ele>1327.5</ele>
      </trkpt>
      <trkpt lat="47.57582" lon="12.241394">
        <ele>1327.2</ele>
      </trkpt>
      <trkpt lat="47.575886" lon="12.241389">
        <ele>1325.9</ele>
      </trkpt>
      <trkpt lat="47.575964" lon="12.241392">
        <ele>1325.8</ele>
      </trkpt>
      <trkpt lat="47.575979" lon="12.241389">
        <ele>1326.1</ele>
      </trkpt>
      <trkpt lat="47.575991" lon="12.241376">
        <ele>1326.2</ele>
      </trkpt>
      <trkpt lat="47.576005" lon="12.241342">
        <ele>1326.5</ele>
      </trkpt>
      <trkpt lat="47.576009" lon="12.241312">
        <ele>1326.5</ele>
      </trkpt>
      <trkpt lat="47.576011" lon="12.241271">
        <ele>1326.4</ele>
      </trkpt>
      <trkpt lat="47.576018" lon="12.241256">
        <ele>1326.7</ele>
      </trkpt>
      <trkpt lat="47.576026" lon="12.241234">
        <ele>1327.0</ele>
      </trkpt>
      <trkpt lat="47.576029" lon="12.24121">
        <ele>1326.8</ele>
      </trkpt>
      <trkpt lat="47.576031" lon="12.241193">
        <ele>1326.6</ele>
      </trkpt>
      <trkpt lat="47.576037" lon="12.24118">
        <ele>1326.7</ele>
      </trkpt>
      <trkpt lat="47.57606" lon="12.241158">
        <ele>1327.7</ele>
      </trkpt>
      <trkpt lat="47.576073" lon="12.241132">
        <ele>1327.9</ele>
      </trkpt>
      <trkpt lat="47.576091" lon="12.241092">
        <ele>1328.3</ele>
      </trkpt>
      <trkpt lat="47.576108" lon="12.241043">
        <ele>1328.5</ele>
      </trkpt>
      <trkpt lat="47.576128" lon="12.240983">
        <ele>1328.4</ele>
      </trkpt>
      <trkpt lat="47.576142" lon="12.240925">
        <ele>1327.6</ele>
      </trkpt>
      <trkpt lat="47.576162" lon="12.240893">
        <ele>1327.4</ele>
      </trkpt>
      <trkpt lat="47.576173" lon="12.240862">
        <ele>1326.8</ele>
      </trkpt>
      <trkpt lat="47.576205" lon="12.24082">
        <ele>1326.4</ele>
      </trkpt>
      <trkpt lat="47.576226" lon="12.240783">
        <ele>1325.5</ele>
      </trkpt>
      <trkpt lat="47.576246" lon="12.240758">
        <ele>1325.1</ele>
      </trkpt>
      <trkpt lat="47.576281" lon="12.240738">
        <ele>1325.2</ele>
      </trkpt>
      <trkpt lat="47.576303" lon="12.240729">
        <ele>1325.3</ele>
      </trkpt>
      <trkpt lat="47.576346" lon="12.240714">
        <ele>1325.3</ele>
      </trkpt>
      <trkpt lat="47.576405" lon="12.240706">
        <ele>1325.5</ele>
      </trkpt>
      <trkpt lat="47.57648" lon="12.240701">
        <ele>1325.9</ele>
      </trkpt>
      <trkpt lat="47.576521" lon="12.240693">
        <ele>1326.1</ele>
      </trkpt>
      <trkpt lat="47.576571" lon="12.240677">
        <ele>1326.4</ele>
      </trkpt>
      <trkpt lat="47.576591" lon="12.240681">
        <ele>1326.8</ele>
      </trkpt>
      <trkpt lat="47.576621" lon="12.240671">
        <ele>1327.3</ele>
      </trkpt>
      <trkpt lat="47.576647" lon="12.240653">
        <ele>1327.8</ele>
      </trkpt>
      <trkpt lat="47.576661" lon="12.240633">
        <ele>1328.3</ele>
      </trkpt>
      <trkpt lat="47.576668" lon="12.240614">
        <ele>1328.6</ele>
      </trkpt>
      <trkpt lat="47.576667" lon="12.240587">
        <ele>1328.7</ele>
      </trkpt>
      <trkpt lat="47.576659" lon="12.240557">
        <ele>1328.5</ele>
      </trkpt>
      <trkpt lat="47.576651" lon="12.24053">
        <ele>1328.4</ele>
      </trkpt>
      <trkpt lat="47.57665" lon="12.240491">
        <ele>1328.8</ele>
      </trkpt>
      <trkpt lat="47.576649" lon="12.240459">
        <ele>1329.2</ele>
      </trkpt>
      <trkpt lat="47.576656" lon="12.24043">
        <ele>1329.8</ele>
      </trkpt>
      <trkpt lat="47.576655" lon="12.240388">
        <ele>1330.0</ele>
      </trkpt>
      <trkpt lat="47.576651" lon="12.240316">
        <ele>1330.5</ele>
      </trkpt>
      <trkpt lat="47.576643" lon="12.240242">
        <ele>1331.3</ele>
      </trkpt>
      <trkpt lat="47.576634" lon="12.240205">
        <ele>1331.6</ele>
      </trkpt>
      <trkpt lat="47.576608" lon="12.240158">
        <ele>1331.7</ele>
      </trkpt>
      <trkpt lat="47.576591" lon="12.240119">
        <ele>1332.1</ele>
      </trkpt>
      <trkpt lat="47.576568" lon="12.240091">
        <ele>1332.1</ele>
      </trkpt>
      <trkpt lat="47.576535" lon="12.240062">
        <ele>1332.1</ele>
      </trkpt>
      <trkpt lat="47.576483" lon="12.240023">
        <ele>1332.0</ele>
      </trkpt>
      <trkpt lat="47.576422" lon="12.239967">
        <ele>1332.5</ele>
      </trkpt>
      <trkpt lat="47.576377" lon="12.239911">
        <ele>1333.2</ele>
      </trkpt>
      <trkpt lat="47.576369" lon="12.239878">
        <ele>1333.9</ele>
      </trkpt>
      <trkpt lat="47.576356" lon="12.239859">
        <ele>1333.9</ele>
      </trkpt>
      <trkpt lat="47.576335" lon="12.239833">
        <ele>1333.8</ele>
      </trkpt>
      <trkpt lat="47.576295" lon="12.239775">
        <ele>1333.7</ele>
      </trkpt>
      <trkpt lat="47.576253" lon="12.239713">
        <ele>1333.3</ele>
      </trkpt>
      <trkpt lat="47.576227" lon="12.23966">
        <ele>1333.2</ele>
      </trkpt>
      <trkpt lat="47.576203" lon="12.239588">
        <ele>1333.4</ele>
      </trkpt>
      <trkpt lat="47.576195" lon="12.239538">
        <ele>1333.8</ele>
      </trkpt>
      <trkpt lat="47.576188" lon="12.239428">
        <ele>1334.9</ele>
      </trkpt>
      <trkpt lat="47.576189" lon="12.239317">
        <ele>1335.6</ele>
      </trkpt>
      <trkpt lat="47.576192" lon="12.239273">
        <ele>1335.6</ele>
      </trkpt>
      <trkpt lat="47.576199" lon="12.239203">
        <ele>1334.4</ele>
      </trkpt>
      <trkpt lat="47.576241" lon="12.239151">
        <ele>1334.3</ele>
      </trkpt>
      <trkpt lat="47.576275" lon="12.239107">
        <ele>1334.5</ele>
      </trkpt>
      <trkpt lat="47.576313" lon="12.239043">
        <ele>1334.6</ele>
      </trkpt>
      <trkpt lat="47.576342" lon="12.238967">
        <ele>1334.6</ele>
      </trkpt>
      <trkpt lat="47.576369" lon="12.238841">
        <ele>1334.5</ele>
      </trkpt>
      <trkpt lat="47.576363" lon="12.238755">
        <ele>1334.0</ele>
      </trkpt>
      <trkpt lat="47.576342" lon="12.238674">
        <ele>1333.2</ele>
      </trkpt>
      <trkpt lat="47.576334" lon="12.238631">
        <ele>1333.3</ele>
      </trkpt>
      <trkpt lat="47.576328" lon="12.238569">
        <ele>1333.4</ele>
      </trkpt>
      <trkpt lat="47.576332" lon="12.23851">
        <ele>1333.5</ele>
      </trkpt>
      <trkpt lat="47.576342" lon="12.238441">
        <ele>1333.4</ele>
      </trkpt>
      <trkpt lat="47.576365" lon="12.238346">
        <ele>1333.2</ele>
      </trkpt>
      <trkpt lat="47.576401" lon="12.238219">
        <ele>1333.4</ele>
      </trkpt>
      <trkpt lat="47.576414" lon="12.238162">
        <ele>1333.5</ele>
      </trkpt>
      <trkpt lat="47.576416" lon="12.238024">
        <ele>1332.9</ele>
      </trkpt>
      <trkpt lat="47.576422" lon="12.237936">
        <ele>1332.9</ele>
      </trkpt>
      <trkpt lat="47.57643" lon="12.237898">
        <ele>1333.2</ele>
      </trkpt>
      <trkpt lat="47.576433" lon="12.237871">
        <ele>1333.2</ele>
      </trkpt>
      <trkpt lat="47.576435" lon="12.237816">
        <ele>1333.2</ele>
      </trkpt>
      <trkpt lat="47.576438" lon="12.237764">
        <ele>1333.4</ele>
      </trkpt>
      <trkpt lat="47.576445" lon="12.237732">
        <ele>1333.7</ele>
      </trkpt>
      <trkpt lat="47.576461" lon="12.23769">
        <ele>1334.2</ele>
      </trkpt>
      <trkpt lat="47.576477" lon="12.237667">
        <ele>1334.6</ele>
      </trkpt>
      <trkpt lat="47.576477" lon="12.237632">
        <ele>1334.5</ele>
      </trkpt>
      <trkpt lat="47.576469" lon="12.237553">
        <ele>1333.8</ele>
      </trkpt>
      <trkpt lat="47.576478" lon="12.237508">
        <ele>1333.5</ele>
      </trkpt>
      <trkpt lat="47.576485" lon="12.237482">
        <ele>1333.1</ele>
      </trkpt>
      <trkpt lat="47.576509" lon="12.237426">
        <ele>1332.5</ele>
      </trkpt>
      <trkpt lat="47.576541" lon="12.237371">
        <ele>1331.7</ele>
      </trkpt>
      <trkpt lat="47.576594" lon="12.237322">
        <ele>1330.5</ele>
      </trkpt>
      <trkpt lat="47.576629" lon="12.237307">
        <ele>1330.0</ele>
      </trkpt>
      <trkpt lat="47.576653" lon="12.237305">
        <ele>1329.8</ele>
      </trkpt>
      <trkpt lat="47.576671" lon="12.237295">
        <ele>1329.2</ele>
      </trkpt>
      <trkpt lat="47.576693" lon="12.237271">
        <ele>1327.7</ele>
      </trkpt>
      <trkpt lat="47.576724" lon="12.237267">
        <ele>1327.3</ele>
      </trkpt>
      <trkpt lat="47.576746" lon="12.237277">
        <ele>1327.8</ele>
      </trkpt>
      <trkpt lat="47.576796" lon="12.237298">
        <ele>1328.3</ele>
      </trkpt>
      <trkpt lat="47.576824" lon="12.237316">
        <ele>1328.7</ele>
      </trkpt>
      <trkpt lat="47.576854" lon="12.237348">
        <ele>1329.0</ele>
      </trkpt>
      <trkpt lat="47.576881" lon="12.23738">
        <ele>1328.9</ele>
      </trkpt>
      <trkpt lat="47.576909" lon="12.237396">
        <ele>1328.4</ele>
      </trkpt>
      <trkpt lat="47.57694" lon="12.237427">
        <ele>1328.3</ele>
      </trkpt>
      <trkpt lat="47.577018" lon="12.237478">
        <ele>1328.2</ele>
      </trkpt>
      <trkpt lat="47.577061" lon="12.237498">
        <ele>1328.2</ele>
      </trkpt>
      <trkpt lat="47.577088" lon="12.237499">
        <ele>1327.8</ele>
      </trkpt>
      <trkpt lat="47.577145" lon="12.237469">
        <ele>1325.8</ele>
      </trkpt>
      <trkpt lat="47.57719" lon="12.237473">
        <ele>1325.0</ele>
      </trkpt>
      <trkpt lat="47.577235" lon="12.237475">
        <ele>1324.0</ele>
      </trkpt>
      <trkpt lat="47.577266" lon="12.237487">
        <ele>1324.5</ele>
      </trkpt>
      <trkpt lat="47.577281" lon="12.237482">
        <ele>1324.7</ele>
      </trkpt>
      <trkpt lat="47.577297" lon="12.237467">
        <ele>1324.5</ele>
      </trkpt>
      <trkpt lat="47.577319" lon="12.237437">
        <ele>1324.2</ele>
      </trkpt>
      <trkpt lat="47.577338" lon="12.237423">
        <ele>1324.2</ele>
      </trkpt>
      <trkpt lat="47.577359" lon="12.237421">
        <ele>1324.7</ele>
      </trkpt>
      <trkpt lat="47.577377" lon="12.237409">
        <ele>1324.7</ele>
      </trkpt>
      <trkpt lat="47.577402" lon="12.237401">
        <ele>1325.0</ele>
      </trkpt>
      <trkpt lat="47.577444" lon="12.237403">
        <ele>1326.0</ele>
      </trkpt>
      <trkpt lat="47.57746" lon="12.237397">
        <ele>1326.2</ele>
      </trkpt>
      <trkpt lat="47.577479" lon="12.237379">
        <ele>1326.0</ele>
      </trkpt>
      <trkpt lat="47.577514" lon="12.23735">
        <ele>1325.6</ele>
      </trkpt>
      <trkpt lat="47.577553" lon="12.23733">
        <ele>1325.4</ele>
      </trkpt>
      <trkpt lat="47.577582" lon="12.237324">
        <ele>1325.6</ele>
      </trkpt>
      <trkpt lat="47.577644" lon="12.237315">
        <ele>1326.1</ele>
      </trkpt>
      <trkpt lat="47.577696" lon="12.237313">
        <ele>1326.7</ele>
      </trkpt>
      <trkpt lat="47.577719" lon="12.237305">
        <ele>1326.8</ele>
      </trkpt>
      <trkpt lat="47.57775" lon="12.23729">
        <ele>1326.9</ele>
      </trkpt>
      <trkpt lat="47.577766" lon="12.237249">
        <ele>1326.0</ele>
      </trkpt>
      <trkpt lat="47.57781" lon="12.237173">
        <ele>1325.5</ele>
      </trkpt>
      <trkpt lat="47.577837" lon="12.237152">
        <ele>1326.2</ele>
      </trkpt>
      <trkpt lat="47.57789" lon="12.237144">
        <ele>1327.9</ele>
      </trkpt>
      <trkpt lat="47.577953" lon="12.237155">
        <ele>1329.3</ele>
      </trkpt>
      <trkpt lat="47.577984" lon="12.237149">
        <ele>1330.1</ele>
      </trkpt>
      <trkpt lat="47.578007" lon="12.237147">
        <ele>1330.7</ele>
      </trkpt>
      <trkpt lat="47.578059" lon="12.237137">
        <ele>1332.1</ele>
      </trkpt>
      <trkpt lat="47.578101" lon="12.237081">
        <ele>1334.7</ele>
      </trkpt>
      <trkpt lat="47.578131" lon="12.236975">
        <ele>1338.8</ele>
      </trkpt>
      <trkpt lat="47.578195" lon="12.236868">
        <ele>1343.4</ele>
      </trkpt>
      <trkpt lat="47.578269" lon="12.236763">
        <ele>1348.3</ele>
      </trkpt>
      <trkpt lat="47.578336" lon="12.23669">
        <ele>1352.7</ele>
      </trkpt>
      <trkpt lat="47.578391" lon="12.23658">
        <ele>1358.5</ele>
      </trkpt>
      <trkpt lat="47.578439" lon="12.236441">
        <ele>1363.5</ele>
      </trkpt>
      <trkpt lat="47.578503" lon="12.236296">
        <ele>1368.6</ele>
      </trkpt>
      <trkpt lat="47.578552" lon="12.236271">
        <ele>1372.0</ele>
      </trkpt>
      <trkpt lat="47.578631" lon="12.236095">
        <ele>1377.4</ele>
      </trkpt>
      <trkpt lat="47.578676" lon="12.235978">
        <ele>1380.7</ele>
      </trkpt>
      <trkpt lat="47.578738" lon="12.235826">
        <ele>1383.7</ele>
      </trkpt>
      <trkpt lat="47.578815" lon="12.235681">
        <ele>1385.2</ele>
      </trkpt>
      <trkpt lat="47.578856" lon="12.235559">
        <ele>1388.6</ele>
      </trkpt>
      <trkpt lat="47.578827" lon="12.235484">
        <ele>1390.0</ele>
      </trkpt>
      <trkpt lat="47.578843" lon="12.235393">
        <ele>1392.1</ele>
      </trkpt>
      <trkpt lat="47.578888" lon="12.23528">
        <ele>1395.7</ele>
      </trkpt>
      <trkpt lat="47.578885" lon="12.235195">
        <ele>1397.0</ele>
      </trkpt>
      <trkpt lat="47.578885" lon="12.2351">
        <ele>1399.4</ele>
      </trkpt>
      <trkpt lat="47.578864" lon="12.234975">
        <ele>1402.8</ele>
      </trkpt>
      <trkpt lat="47.578808" lon="12.234868">
        <ele>1405.0</ele>
      </trkpt>
      <trkpt lat="47.578752" lon="12.234786">
        <ele>1408.1</ele>
      </trkpt>
      <trkpt lat="47.578736" lon="12.234738">
        <ele>1410.6</ele>
      </trkpt>
      <trkpt lat="47.578759" lon="12.234684">
        <ele>1413.6</ele>
      </trkpt>
      <trkpt lat="47.578797" lon="12.234654">
        <ele>1415.4</ele>
      </trkpt>
      <trkpt lat="47.578847" lon="12.23464">
        <ele>1417.0</ele>
      </trkpt>
      <trkpt lat="47.578853" lon="12.234622">
        <ele>1418.1</ele>
      </trkpt>
      <trkpt lat="47.578822" lon="12.234589">
        <ele>1418.7</ele>
      </trkpt>
      <trkpt lat="47.578794" lon="12.234563">
        <ele>1419.4</ele>
      </trkpt>
      <trkpt lat="47.578774" lon="12.234515">
        <ele>1421.1</ele>
      </trkpt>
      <trkpt lat="47.578789" lon="12.234495">
        <ele>1422.3</ele>
      </trkpt>
      <trkpt lat="47.578819" lon="12.234485">
        <ele>1423.7</ele>
      </trkpt>
      <trkpt lat="47.578865" lon="12.234467">
        <ele>1426.5</ele>
      </trkpt>
      <trkpt lat="47.57887" lon="12.234444">
        <ele>1427.9</ele>
      </trkpt>
      <trkpt lat="47.578853" lon="12.234406">
        <ele>1428.8</ele>
      </trkpt>
      <trkpt lat="47.578839" lon="12.234376">
        <ele>1429.0</ele>
      </trkpt>
      <trkpt lat="47.578836" lon="12.234344">
        <ele>1429.7</ele>
      </trkpt>
      <trkpt lat="47.578842" lon="12.23433">
        <ele>1430.4</ele>
      </trkpt>
      <trkpt lat="47.578858" lon="12.234278">
        <ele>1432.5</ele>
      </trkpt>
      <trkpt lat="47.578893" lon="12.234238">
        <ele>1435.3</ele>
      </trkpt>
      <trkpt lat="47.578903" lon="12.234215">
        <ele>1435.9</ele>
      </trkpt>
      <trkpt lat="47.578906" lon="12.234181">
        <ele>1435.8</ele>
      </trkpt>
      <trkpt lat="47.578903" lon="12.234138">
        <ele>1434.9</ele>
      </trkpt>
      <trkpt lat="47.578908" lon="12.234131">
        <ele>1434.9</ele>
      </trkpt>
      <trkpt lat="47.578924" lon="12.234125">
        <ele>1435.3</ele>
      </trkpt>
      <trkpt lat="47.579052" lon="12.234135">
        <ele>1437.6</ele>
      </trkpt>
      <trkpt lat="47.579084" lon="12.234163">
        <ele>1439.6</ele>
      </trkpt>
      <trkpt lat="47.579125" lon="12.234225">
        <ele>1441.7</ele>
      </trkpt>
      <trkpt lat="47.57914" lon="12.23423">
        <ele>1441.9</ele>
      </trkpt>
      <trkpt lat="47.57917" lon="12.234219">
        <ele>1442.2</ele>
      </trkpt>
      <trkpt lat="47.579183" lon="12.234197">
        <ele>1442.0</ele>
      </trkpt>
      <trkpt lat="47.579192" lon="12.23417">
        <ele>1441.4</ele>
      </trkpt>
      <trkpt lat="47.579203" lon="12.234164">
        <ele>1441.1</ele>
      </trkpt>
      <trkpt lat="47.57922" lon="12.234166">
        <ele>1440.9</ele>
      </trkpt>
      <trkpt lat="47.579241" lon="12.23418">
        <ele>1440.8</ele>
      </trkpt>
      <trkpt lat="47.57929" lon="12.234176">
        <ele>1439.2</ele>
      </trkpt>
      <trkpt lat="47.579309" lon="12.234193">
        <ele>1439.1</ele>
      </trkpt>
      <trkpt lat="47.579351" lon="12.234198">
        <ele>1437.7</ele>
      </trkpt>
      <trkpt lat="47.579392" lon="12.234202">
        <ele>1436.4</ele>
      </trkpt>
      <trkpt lat="47.57941" lon="12.234203">
        <ele>1435.9</ele>
      </trkpt>
      <trkpt lat="47.579425" lon="12.234166">
        <ele>1434.0</ele>
      </trkpt>
      <trkpt lat="47.579436" lon="12.234144">
        <ele>1432.9</ele>
      </trkpt>
      <trkpt lat="47.57946" lon="12.234138">
        <ele>1432.4</ele>
      </trkpt>
      <trkpt lat="47.579486" lon="12.234124">
        <ele>1431.7</ele>
      </trkpt>
      <trkpt lat="47.579545" lon="12.234122">
        <ele>1431.9</ele>
      </trkpt>
      <trkpt lat="47.579602" lon="12.234132">
        <ele>1433.1</ele>
      </trkpt>
      <trkpt lat="47.579675" lon="12.234129">
        <ele>1435.1</ele>
      </trkpt>
      <trkpt lat="47.579744" lon="12.234101">
        <ele>1436.4</ele>
      </trkpt>
      <trkpt lat="47.579769" lon="12.234109">
        <ele>1437.8</ele>
      </trkpt>
      <trkpt lat="47.57979" lon="12.234118">
        <ele>1439.0</ele>
      </trkpt>
      <trkpt lat="47.579801" lon="12.23412">
        <ele>1439.4</ele>
      </trkpt>
      <trkpt lat="47.579829" lon="12.234108">
        <ele>1439.8</ele>
      </trkpt>
      <trkpt lat="47.579838" lon="12.2341">
        <ele>1439.7</ele>
      </trkpt>
      <trkpt lat="47.579866" lon="12.234087">
        <ele>1439.6</ele>
      </trkpt>
      <trkpt lat="47.579894" lon="12.234084">
        <ele>1439.7</ele>
      </trkpt>
      <trkpt lat="47.579922" lon="12.234083">
        <ele>1440.0</ele>
      </trkpt>
      <trkpt lat="47.579945" lon="12.234076">
        <ele>1440.2</ele>
      </trkpt>
      <trkpt lat="47.579959" lon="12.234074">
        <ele>1440.4</ele>
      </trkpt>
      <trkpt lat="47.57999" lon="12.234068">
        <ele>1440.8</ele>
      </trkpt>
      <trkpt lat="47.58001" lon="12.234058">
        <ele>1441.1</ele>
      </trkpt>
      <trkpt lat="47.580041" lon="12.234033">
        <ele>1441.8</ele>
      </trkpt>
      <trkpt lat="47.58006" lon="12.234024">
        <ele>1442.3</ele>
      </trkpt>
      <trkpt lat="47.580069" lon="12.234029">
        <ele>1442.5</ele>
      </trkpt>
      <trkpt lat="47.580084" lon="12.234037">
        <ele>1442.8</ele>
      </trkpt>
      <trkpt lat="47.580094" lon="12.234034">
        <ele>1443.0</ele>
      </trkpt>
      <trkpt lat="47.580122" lon="12.234001">
        <ele>1444.2</ele>
      </trkpt>
      <trkpt lat="47.580129" lon="12.233998">
        <ele>1444.4</ele>
      </trkpt>
      <trkpt lat="47.580154" lon="12.233999">
        <ele>1445.1</ele>
      </trkpt>
      <trkpt lat="47.580164" lon="12.233994">
        <ele>1445.4</ele>
      </trkpt>
      <trkpt lat="47.580179" lon="12.233974">
        <ele>1445.8</ele>
      </trkpt>
      <trkpt lat="47.580206" lon="12.233973">
        <ele>1446.5</ele>
      </trkpt>
      <trkpt lat="47.580227" lon="12.233986">
        <ele>1447.0</ele>
      </trkpt>
      <trkpt lat="47.580248" lon="12.233994">
        <ele>1447.4</ele>
      </trkpt>
      <trkpt lat="47.580255" lon="12.233993">
        <ele>1447.6</ele>
      </trkpt>
      <trkpt lat="47.580271" lon="12.233982">
        <ele>1447.8</ele>
      </trkpt>
      <trkpt lat="47.580284" lon="12.233961">
        <ele>1447.7</ele>
      </trkpt>
      <trkpt lat="47.580309" lon="12.233949">
        <ele>1447.5</ele>
      </trkpt>
      <trkpt lat="47.58032" lon="12.233942">
        <ele>1447.3</ele>
      </trkpt>
      <trkpt lat="47.580327" lon="12.233938">
        <ele>1447.2</ele>
      </trkpt>
      <trkpt lat="47.580335" lon="12.233924">
        <ele>1447.0</ele>
      </trkpt>
      <trkpt lat="47.580337" lon="12.233899">
        <ele>1446.7</ele>
      </trkpt>
      <trkpt lat="47.580342" lon="12.233865">
        <ele>1446.2</ele>
      </trkpt>
      <trkpt lat="47.580348" lon="12.233833">
        <ele>1445.6</ele>
      </trkpt>
      <trkpt lat="47.580346" lon="12.233818">
        <ele>1445.2</ele>
      </trkpt>
      <trkpt lat="47.580341" lon="12.233805">
        <ele>1444.8</ele>
      </trkpt>
      <trkpt lat="47.580342" lon="12.23377">
        <ele>1443.7</ele>
      </trkpt>
      <trkpt lat="47.580342" lon="12.233748">
        <ele>1443.0</ele>
      </trkpt>
      <trkpt lat="47.58035" lon="12.233721">
        <ele>1442.3</ele>
      </trkpt>
      <trkpt lat="47.580367" lon="12.233696">
        <ele>1441.7</ele>
      </trkpt>
      <trkpt lat="47.580378" lon="12.233688">
        <ele>1441.5</ele>
      </trkpt>
      <trkpt lat="47.580386" lon="12.233678">
        <ele>1441.2</ele>
      </trkpt>
      <trkpt lat="47.580386" lon="12.233664">
        <ele>1440.8</ele>
      </trkpt>
      <trkpt lat="47.580383" lon="12.233652">
        <ele>1440.5</ele>
      </trkpt>
      <trkpt lat="47.580373" lon="12.233646">
        <ele>1440.3</ele>
      </trkpt>
      <trkpt lat="47.580364" lon="12.233646">
        <ele>1440.3</ele>
      </trkpt>
      <trkpt lat="47.580352" lon="12.233649">
        <ele>1440.3</ele>
      </trkpt>
      <trkpt lat="47.580348" lon="12.233638">
        <ele>1440.0</ele>
      </trkpt>
      <trkpt lat="47.580348" lon="12.233628">
        <ele>1439.7</ele>
      </trkpt>
      <trkpt lat="47.580352" lon="12.233618">
        <ele>1439.5</ele>
      </trkpt>
      <trkpt lat="47.58036" lon="12.233609">
        <ele>1439.3</ele>
      </trkpt>
      <trkpt lat="47.580364" lon="12.233596">
        <ele>1439.1</ele>
      </trkpt>
      <trkpt lat="47.580364" lon="12.233584">
        <ele>1438.8</ele>
      </trkpt>
      <trkpt lat="47.580363" lon="12.233573">
        <ele>1438.6</ele>
      </trkpt>
      <trkpt lat="47.580352" lon="12.233562">
        <ele>1438.3</ele>
      </trkpt>
      <trkpt lat="47.580335" lon="12.233554">
        <ele>1437.9</ele>
      </trkpt>
      <trkpt lat="47.580328" lon="12.233549">
        <ele>1437.7</ele>
      </trkpt>
      <trkpt lat="47.580319" lon="12.233528">
        <ele>1437.2</ele>
      </trkpt>
      <trkpt lat="47.580314" lon="12.233508">
        <ele>1436.7</ele>
      </trkpt>
      <trkpt lat="47.580307" lon="12.233497">
        <ele>1436.4</ele>
      </trkpt>
      <trkpt lat="47.580296" lon="12.233491">
        <ele>1436.0</ele>
      </trkpt>
      <trkpt lat="47.580282" lon="12.233481">
        <ele>1435.5</ele>
      </trkpt>
      <trkpt lat="47.580274" lon="12.233465">
        <ele>1435.1</ele>
      </trkpt>
      <trkpt lat="47.580265" lon="12.233443">
        <ele>1434.4</ele>
      </trkpt>
      <trkpt lat="47.580264" lon="12.233423">
        <ele>1434.0</ele>
      </trkpt>
      <trkpt lat="47.580264" lon="12.233402">
        <ele>1433.7</ele>
      </trkpt>
      <trkpt lat="47.580257" lon="12.233388">
        <ele>1433.3</ele>
      </trkpt>
      <trkpt lat="47.580238" lon="12.233374">
        <ele>1432.5</ele>
      </trkpt>
      <trkpt lat="47.580222" lon="12.233348">
        <ele>1431.7</ele>
      </trkpt>
      <trkpt lat="47.580199" lon="12.23332">
        <ele>1430.7</ele>
      </trkpt>
      <trkpt lat="47.580148" lon="12.23321">
        <ele>1427.8</ele>
      </trkpt>
      <trkpt lat="47.58011" lon="12.23313">
        <ele>1425.7</ele>
      </trkpt>
      <trkpt lat="47.580055" lon="12.233046">
        <ele>1422.8</ele>
      </trkpt>
      <trkpt lat="47.579999" lon="12.232973">
        <ele>1420.4</ele>
      </trkpt>
      <trkpt lat="47.579948" lon="12.232888">
        <ele>1417.5</ele>
      </trkpt>
      <trkpt lat="47.579932" lon="12.232861">
        <ele>1416.5</ele>
      </trkpt>
      <trkpt lat="47.579929" lon="12.232844">
        <ele>1416.3</ele>
      </trkpt>
      <trkpt lat="47.579932" lon="12.232813">
        <ele>1416.3</ele>
      </trkpt>
      <trkpt lat="47.579932" lon="12.232772">
        <ele>1415.7</ele>
      </trkpt>
      <trkpt lat="47.579935" lon="12.232678">
        <ele>1413.4</ele>
      </trkpt>
      <trkpt lat="47.579943" lon="12.232654">
        <ele>1413.0</ele>
      </trkpt>
      <trkpt lat="47.579968" lon="12.232569">
        <ele>1411.6</ele>
      </trkpt>
      <trkpt lat="47.57997" lon="12.232543">
        <ele>1410.9</ele>
      </trkpt>
      <trkpt lat="47.579977" lon="12.23249">
        <ele>1409.8</ele>
      </trkpt>
      <trkpt lat="47.579986" lon="12.232462">
        <ele>1409.3</ele>
      </trkpt>
      <trkpt lat="47.580007" lon="12.232428">
        <ele>1409.0</ele>
      </trkpt>
      <trkpt lat="47.580012" lon="12.232417">
        <ele>1408.9</ele>
      </trkpt>
      <trkpt lat="47.580015" lon="12.232404">
        <ele>1408.6</ele>
      </trkpt>
      <trkpt lat="47.580009" lon="12.232363">
        <ele>1407.4</ele>
      </trkpt>
      <trkpt lat="47.580004" lon="12.232342">
        <ele>1406.7</ele>
      </trkpt>
      <trkpt lat="47.580004" lon="12.232328">
        <ele>1406.4</ele>
      </trkpt>
      <trkpt lat="47.580014" lon="12.232296">
        <ele>1405.8</ele>
      </trkpt>
      <trkpt lat="47.580017" lon="12.232283">
        <ele>1405.6</ele>
      </trkpt>
      <trkpt lat="47.580016" lon="12.232254">
        <ele>1404.8</ele>
      </trkpt>
      <trkpt lat="47.580017" lon="12.23221">
        <ele>1403.7</ele>
      </trkpt>
      <trkpt lat="47.580025" lon="12.232045">
        <ele>1400.2</ele>
      </trkpt>
      <trkpt lat="47.580058" lon="12.231953">
        <ele>1398.5</ele>
      </trkpt>
      <trkpt lat="47.580103" lon="12.231887">
        <ele>1397.0</ele>
      </trkpt>
      <trkpt lat="47.580161" lon="12.23183">
        <ele>1395.1</ele>
      </trkpt>
      <trkpt lat="47.580179" lon="12.231799">
        <ele>1394.3</ele>
      </trkpt>
      <trkpt lat="47.580192" lon="12.231759">
        <ele>1393.4</ele>
      </trkpt>
      <trkpt lat="47.580211" lon="12.231669">
        <ele>1392.7</ele>
      </trkpt>
      <trkpt lat="47.580213" lon="12.23153">
        <ele>1392.8</ele>
      </trkpt>
      <trkpt lat="47.58021" lon="12.231441">
        <ele>1392.3</ele>
      </trkpt>
      <trkpt lat="47.580217" lon="12.231388">
        <ele>1391.6</ele>
      </trkpt>
      <trkpt lat="47.580249" lon="12.231291">
        <ele>1390.6</ele>
      </trkpt>
      <trkpt lat="47.580291" lon="12.231163">
        <ele>1389.1</ele>
      </trkpt>
      <trkpt lat="47.580334" lon="12.230998">
        <ele>1388.5</ele>
      </trkpt>
      <trkpt lat="47.580341" lon="12.230957">
        <ele>1388.6</ele>
      </trkpt>
      <trkpt lat="47.580338" lon="12.230923">
        <ele>1388.3</ele>
      </trkpt>
      <trkpt lat="47.580343" lon="12.230878">
        <ele>1387.8</ele>
      </trkpt>
      <trkpt lat="47.580349" lon="12.230841">
        <ele>1387.4</ele>
      </trkpt>
      <trkpt lat="47.580351" lon="12.230817">
        <ele>1386.9</ele>
      </trkpt>
      <trkpt lat="47.580375" lon="12.230745">
        <ele>1385.8</ele>
      </trkpt>
      <trkpt lat="47.580387" lon="12.230688">
        <ele>1384.6</ele>
      </trkpt>
      <trkpt lat="47.580387" lon="12.230656">
        <ele>1383.9</ele>
      </trkpt>
      <trkpt lat="47.580389" lon="12.230622">
        <ele>1383.5</ele>
      </trkpt>
      <trkpt lat="47.580376" lon="12.230523">
        <ele>1382.3</ele>
      </trkpt>
      <trkpt lat="47.580367" lon="12.230445">
        <ele>1381.3</ele>
      </trkpt>
      <trkpt lat="47.580366" lon="12.230413">
        <ele>1380.9</ele>
      </trkpt>
      <trkpt lat="47.580368" lon="12.230392">
        <ele>1380.6</ele>
      </trkpt>
      <trkpt lat="47.58038" lon="12.230372">
        <ele>1380.4</ele>
      </trkpt>
      <trkpt lat="47.580394" lon="12.230363">
        <ele>1380.4</ele>
      </trkpt>
      <trkpt lat="47.580401" lon="12.230351">
        <ele>1380.2</ele>
      </trkpt>
      <trkpt lat="47.580411" lon="12.230292">
        <ele>1378.9</ele>
      </trkpt>
      <trkpt lat="47.580415" lon="12.230247">
        <ele>1378.0</ele>
      </trkpt>
      <trkpt lat="47.580424" lon="12.23022">
        <ele>1377.7</ele>
      </trkpt>
      <trkpt lat="47.58042" lon="12.230181">
        <ele>1377.1</ele>
      </trkpt>
      <trkpt lat="47.580409" lon="12.230144">
        <ele>1376.4</ele>
      </trkpt>
      <trkpt lat="47.580404" lon="12.230126">
        <ele>1376.0</ele>
      </trkpt>
      <trkpt lat="47.580394" lon="12.230123">
        <ele>1375.7</ele>
      </trkpt>
      <trkpt lat="47.580377" lon="12.230067">
        <ele>1374.7</ele>
      </trkpt>
      <trkpt lat="47.580356" lon="12.230004">
        <ele>1373.8</ele>
      </trkpt>
      <trkpt lat="47.580346" lon="12.229972">
        <ele>1373.4</ele>
      </trkpt>
      <trkpt lat="47.580346" lon="12.229946">
        <ele>1373.2</ele>
      </trkpt>
      <trkpt lat="47.580352" lon="12.229929">
        <ele>1373.0</ele>
      </trkpt>
      <trkpt lat="47.580391" lon="12.229852">
        <ele>1371.6</ele>
      </trkpt>
      <trkpt lat="47.580442" lon="12.229759">
        <ele>1370.0</ele>
      </trkpt>
      <trkpt lat="47.580502" lon="12.229603">
        <ele>1368.5</ele>
      </trkpt>
      <trkpt lat="47.580558" lon="12.229506">
        <ele>1365.6</ele>
      </trkpt>
      <trkpt lat="47.580625" lon="12.229479">
        <ele>1364.8</ele>
      </trkpt>
      <trkpt lat="47.580696" lon="12.229353">
        <ele>1361.3</ele>
      </trkpt>
      <trkpt lat="47.580716" lon="12.229303">
        <ele>1360.3</ele>
      </trkpt>
      <trkpt lat="47.580721" lon="12.229265">
        <ele>1359.6</ele>
      </trkpt>
      <trkpt lat="47.580714" lon="12.229193">
        <ele>1358.1</ele>
      </trkpt>
      <trkpt lat="47.580707" lon="12.229105">
        <ele>1356.8</ele>
      </trkpt>
      <trkpt lat="47.580718" lon="12.229038">
        <ele>1356.8</ele>
      </trkpt>
      <trkpt lat="47.580701" lon="12.228968">
        <ele>1356.6</ele>
      </trkpt>
      <trkpt lat="47.58068" lon="12.228919">
        <ele>1356.5</ele>
      </trkpt>
      <trkpt lat="47.580661" lon="12.228896">
        <ele>1356.5</ele>
      </trkpt>
      <trkpt lat="47.580609" lon="12.228855">
        <ele>1356.1</ele>
      </trkpt>
      <trkpt lat="47.580584" lon="12.228826">
        <ele>1355.9</ele>
      </trkpt>
      <trkpt lat="47.580546" lon="12.22877">
        <ele>1355.5</ele>
      </trkpt>
      <trkpt lat="47.580522" lon="12.228714">
        <ele>1355.5</ele>
      </trkpt>
      <trkpt lat="47.580511" lon="12.228669">
        <ele>1355.5</ele>
      </trkpt>
      <trkpt lat="47.580504" lon="12.228627">
        <ele>1355.6</ele>
      </trkpt>
      <trkpt lat="47.580501" lon="12.228573">
        <ele>1355.9</ele>
      </trkpt>
      <trkpt lat="47.580498" lon="12.228532">
        <ele>1356.0</ele>
      </trkpt>
      <trkpt lat="47.580483" lon="12.228508">
        <ele>1355.7</ele>
      </trkpt>
      <trkpt lat="47.580482" lon="12.228487">
        <ele>1355.7</ele>
      </trkpt>
      <trkpt lat="47.580476" lon="12.228442">
        <ele>1355.4</ele>
      </trkpt>
      <trkpt lat="47.580479" lon="12.228385">
        <ele>1354.8</ele>
      </trkpt>
      <trkpt lat="47.580488" lon="12.228334">
        <ele>1354.1</ele>
      </trkpt>
      <trkpt lat="47.580492" lon="12.228292">
        <ele>1353.4</ele>
      </trkpt>
      <trkpt lat="47.580505" lon="12.228247">
        <ele>1352.9</ele>
      </trkpt>
      <trkpt lat="47.580513" lon="12.22819">
        <ele>1352.3</ele>
      </trkpt>
      <trkpt lat="47.580518" lon="12.228143">
        <ele>1351.8</ele>
      </trkpt>
      <trkpt lat="47.580526" lon="12.228112">
        <ele>1351.4</ele>
      </trkpt>
      <trkpt lat="47.580541" lon="12.228091">
        <ele>1351.1</ele>
      </trkpt>
      <trkpt lat="47.58055" lon="12.228044">
        <ele>1350.1</ele>
      </trkpt>
      <trkpt lat="47.580557" lon="12.227991">
        <ele>1348.9</ele>
      </trkpt>
      <trkpt lat="47.580584" lon="12.227917">
        <ele>1347.0</ele>
      </trkpt>
      <trkpt lat="47.580584" lon="12.227777">
        <ele>1344.1</ele>
      </trkpt>
      <trkpt lat="47.580598" lon="12.227746">
        <ele>1343.8</ele>
      </trkpt>
      <trkpt lat="47.58061" lon="12.22772">
        <ele>1343.7</ele>
      </trkpt>
      <trkpt lat="47.580621" lon="12.227643">
        <ele>1342.5</ele>
      </trkpt>
      <trkpt lat="47.580646" lon="12.227572">
        <ele>1341.9</ele>
      </trkpt>
      <trkpt lat="47.580667" lon="12.227498">
        <ele>1341.0</ele>
      </trkpt>
      <trkpt lat="47.58067" lon="12.227446">
        <ele>1340.2</ele>
      </trkpt>
      <trkpt lat="47.580668" lon="12.227378">
        <ele>1339.1</ele>
      </trkpt>
      <trkpt lat="47.580685" lon="12.227245">
        <ele>1337.6</ele>
      </trkpt>
      <trkpt lat="47.580724" lon="12.22702">
        <ele>1334.2</ele>
      </trkpt>
      <trkpt lat="47.580746" lon="12.226925">
        <ele>1332.8</ele>
      </trkpt>
      <trkpt lat="47.58077" lon="12.226867">
        <ele>1332.2</ele>
      </trkpt>
      <trkpt lat="47.58079" lon="12.226775">
        <ele>1331.6</ele>
      </trkpt>
      <trkpt lat="47.580796" lon="12.226718">
        <ele>1331.2</ele>
      </trkpt>
      <trkpt lat="47.580791" lon="12.226656">
        <ele>1330.7</ele>
      </trkpt>
      <trkpt lat="47.58079" lon="12.226581">
        <ele>1330.6</ele>
      </trkpt>
      <trkpt lat="47.580792" lon="12.226504">
        <ele>1330.5</ele>
      </trkpt>
      <trkpt lat="47.580801" lon="12.226412">
        <ele>1330.2</ele>
      </trkpt>
      <trkpt lat="47.580813" lon="12.226354">
        <ele>1329.9</ele>
      </trkpt>
      <trkpt lat="47.580822" lon="12.226259">
        <ele>1329.2</ele>
      </trkpt>
      <trkpt lat="47.580829" lon="12.226197">
        <ele>1328.4</ele>
      </trkpt>
      <trkpt lat="47.58083" lon="12.226158">
        <ele>1327.7</ele>
      </trkpt>
      <trkpt lat="47.580819" lon="12.226124">
        <ele>1326.9</ele>
      </trkpt>
      <trkpt lat="47.580804" lon="12.226081">
        <ele>1325.9</ele>
      </trkpt>
      <trkpt lat="47.580801" lon="12.226035">
        <ele>1325.1</ele>
      </trkpt>
      <trkpt lat="47.580792" lon="12.22599">
        <ele>1324.1</ele>
      </trkpt>
      <trkpt lat="47.580773" lon="12.225931">
        <ele>1322.4</ele>
      </trkpt>
      <trkpt lat="47.58076" lon="12.225884">
        <ele>1321.2</ele>
      </trkpt>
      <trkpt lat="47.580748" lon="12.22585">
        <ele>1320.2</ele>
      </trkpt>
      <trkpt lat="47.58074" lon="12.225783">
        <ele>1318.9</ele>
      </trkpt>
      <trkpt lat="47.58074" lon="12.225745">
        <ele>1318.5</ele>
      </trkpt>
      <trkpt lat="47.580718" lon="12.225659">
        <ele>1317.3</ele>
      </trkpt>
      <trkpt lat="47.580692" lon="12.225582">
        <ele>1316.3</ele>
      </trkpt>
      <trkpt lat="47.58064" lon="12.225488">
        <ele>1315.1</ele>
      </trkpt>
      <trkpt lat="47.58058" lon="12.225412">
        <ele>1314.1</ele>
      </trkpt>
      <trkpt lat="47.580502" lon="12.22532">
        <ele>1313.0</ele>
      </trkpt>
      <trkpt lat="47.580449" lon="12.225267">
        <ele>1312.0</ele>
      </trkpt>
      <trkpt lat="47.580432" lon="12.225255">
        <ele>1311.6</ele>
      </trkpt>
      <trkpt lat="47.580411" lon="12.225229">
        <ele>1311.2</ele>
      </trkpt>
      <trkpt lat="47.580404" lon="12.22521">
        <ele>1311.1</ele>
      </trkpt>
      <trkpt lat="47.580379" lon="12.225191">
        <ele>1310.5</ele>
      </trkpt>
      <trkpt lat="47.580351" lon="12.225156">
        <ele>1309.8</ele>
      </trkpt>
      <trkpt lat="47.580305" lon="12.225113">
        <ele>1308.7</ele>
      </trkpt>
      <trkpt lat="47.580232" lon="12.225043">
        <ele>1307.0</ele>
      </trkpt>
      <trkpt lat="47.580168" lon="12.224982">
        <ele>1305.4</ele>
      </trkpt>
      <trkpt lat="47.580112" lon="12.224926">
        <ele>1303.7</ele>
      </trkpt>
      <trkpt lat="47.58009" lon="12.224903">
        <ele>1302.9</ele>
      </trkpt>
      <trkpt lat="47.580089" lon="12.224894">
        <ele>1302.8</ele>
      </trkpt>
      <trkpt lat="47.580092" lon="12.22487">
        <ele>1302.4</ele>
      </trkpt>
      <trkpt lat="47.580094" lon="12.224843">
        <ele>1302.0</ele>
      </trkpt>
      <trkpt lat="47.580093" lon="12.224813">
        <ele>1301.4</ele>
      </trkpt>
      <trkpt lat="47.580091" lon="12.224791">
        <ele>1300.9</ele>
      </trkpt>
      <trkpt lat="47.58008" lon="12.224762">
        <ele>1300.0</ele>
      </trkpt>
      <trkpt lat="47.580072" lon="12.224739">
        <ele>1299.4</ele>
      </trkpt>
      <trkpt lat="47.580079" lon="12.22471">
        <ele>1298.8</ele>
      </trkpt>
      <trkpt lat="47.58008" lon="12.224675">
        <ele>1298.0</ele>
      </trkpt>
      <trkpt lat="47.580128" lon="12.224595">
        <ele>1296.3</ele>
      </trkpt>
      <trkpt lat="47.58018" lon="12.224527">
        <ele>1295.1</ele>
      </trkpt>
      <trkpt lat="47.580232" lon="12.224479">
        <ele>1294.4</ele>
      </trkpt>
      <trkpt lat="47.580266" lon="12.224437">
        <ele>1293.8</ele>
      </trkpt>
      <trkpt lat="47.580289" lon="12.22438">
        <ele>1293.3</ele>
      </trkpt>
      <trkpt lat="47.580297" lon="12.224325">
        <ele>1292.8</ele>
      </trkpt>
      <trkpt lat="47.580289" lon="12.224223">
        <ele>1292.1</ele>
      </trkpt>
      <trkpt lat="47.580276" lon="12.224174">
        <ele>1291.8</ele>
      </trkpt>
      <trkpt lat="47.580237" lon="12.224134">
        <ele>1291.3</ele>
      </trkpt>
      <trkpt lat="47.580231" lon="12.224101">
        <ele>1291.0</ele>
      </trkpt>
      <trkpt lat="47.580244" lon="12.224036">
        <ele>1290.1</ele>
      </trkpt>
      <trkpt lat="47.580256" lon="12.22401">
        <ele>1289.7</ele>
      </trkpt>
      <trkpt lat="47.580221" lon="12.223985">
        <ele>1289.5</ele>
      </trkpt>
      <trkpt lat="47.580209" lon="12.223808">
        <ele>1287.2</ele>
      </trkpt>
      <trkpt lat="47.580203" lon="12.223756">
        <ele>1286.7</ele>
      </trkpt>
      <trkpt lat="47.580227" lon="12.223694">
        <ele>1285.4</ele>
      </trkpt>
      <trkpt lat="47.58023" lon="12.223592">
        <ele>1283.7</ele>
      </trkpt>
      <trkpt lat="47.58021" lon="12.223532">
        <ele>1282.7</ele>
      </trkpt>
      <trkpt lat="47.58019" lon="12.223378">
        <ele>1279.5</ele>
      </trkpt>
      <trkpt lat="47.580172" lon="12.22332">
        <ele>1278.7</ele>
      </trkpt>
      <trkpt lat="47.580176" lon="12.223201">
        <ele>1276.4</ele>
      </trkpt>
      <trkpt lat="47.580175" lon="12.22311">
        <ele>1274.4</ele>
      </trkpt>
      <trkpt lat="47.580154" lon="12.223012">
        <ele>1273.4</ele>
      </trkpt>
      <trkpt lat="47.580152" lon="12.222977">
        <ele>1273.0</ele>
      </trkpt>
      <trkpt lat="47.580168" lon="12.222931">
        <ele>1271.9</ele>
      </trkpt>
      <trkpt lat="47.580165" lon="12.222847">
        <ele>1271.3</ele>
      </trkpt>
      <trkpt lat="47.580154" lon="12.222748">
        <ele>1269.5</ele>
      </trkpt>
      <trkpt lat="47.580144" lon="12.222706">
        <ele>1268.6</ele>
      </trkpt>
      <trkpt lat="47.580107" lon="12.222652">
        <ele>1268.3</ele>
      </trkpt>
      <trkpt lat="47.580097" lon="12.222592">
        <ele>1267.8</ele>
      </trkpt>
      <trkpt lat="47.580104" lon="12.22247">
        <ele>1266.3</ele>
      </trkpt>
      <trkpt lat="47.580109" lon="12.222386">
        <ele>1265.6</ele>
      </trkpt>
      <trkpt lat="47.580126" lon="12.222318">
        <ele>1264.5</ele>
      </trkpt>
      <trkpt lat="47.580146" lon="12.222263">
        <ele>1263.4</ele>
      </trkpt>
      <trkpt lat="47.580148" lon="12.222238">
        <ele>1263.2</ele>
      </trkpt>
      <trkpt lat="47.580141" lon="12.222203">
        <ele>1263.3</ele>
      </trkpt>
      <trkpt lat="47.580109" lon="12.222143">
        <ele>1263.9</ele>
      </trkpt>
      <trkpt lat="47.580107" lon="12.222077">
        <ele>1263.1</ele>
      </trkpt>
      <trkpt lat="47.580079" lon="12.222019">
        <ele>1262.7</ele>
      </trkpt>
      <trkpt lat="47.580078" lon="12.221984">
        <ele>1261.9</ele>
      </trkpt>
      <trkpt lat="47.580068" lon="12.221968">
        <ele>1261.7</ele>
      </trkpt>
      <trkpt lat="47.580033" lon="12.221949">
        <ele>1261.6</ele>
      </trkpt>
      <trkpt lat="47.580006" lon="12.221915">
        <ele>1261.0</ele>
      </trkpt>
      <trkpt lat="47.579974" lon="12.221841">
        <ele>1260.3</ele>
      </trkpt>
      <trkpt lat="47.579965" lon="12.221763">
        <ele>1260.1</ele>
      </trkpt>
      <trkpt lat="47.579965" lon="12.22174">
        <ele>1260.1</ele>
      </trkpt>
      <trkpt lat="47.579946" lon="12.221666">
        <ele>1260.8</ele>
      </trkpt>
      <trkpt lat="47.579932" lon="12.221618">
        <ele>1261.4</ele>
      </trkpt>
      <trkpt lat="47.579925" lon="12.221593">
        <ele>1261.8</ele>
      </trkpt>
      <trkpt lat="47.579934" lon="12.221548">
        <ele>1261.8</ele>
      </trkpt>
      <trkpt lat="47.579934" lon="12.221475">
        <ele>1261.8</ele>
      </trkpt>
      <trkpt lat="47.579948" lon="12.221427">
        <ele>1261.1</ele>
      </trkpt>
      <trkpt lat="47.579948" lon="12.221399">
        <ele>1260.7</ele>
      </trkpt>
      <trkpt lat="47.579942" lon="12.221357">
        <ele>1259.9</ele>
      </trkpt>
      <trkpt lat="47.579941" lon="12.221327">
        <ele>1259.1</ele>
      </trkpt>
      <trkpt lat="47.579902" lon="12.221282">
        <ele>1258.2</ele>
      </trkpt>
      <trkpt lat="47.579897" lon="12.221217">
        <ele>1256.2</ele>
      </trkpt>
      <trkpt lat="47.579862" lon="12.221076">
        <ele>1253.8</ele>
      </trkpt>
      <trkpt lat="47.579841" lon="12.220967">
        <ele>1252.5</ele>
      </trkpt>
      <trkpt lat="47.579822" lon="12.220881">
        <ele>1251.5</ele>
      </trkpt>
      <trkpt lat="47.579798" lon="12.220799">
        <ele>1250.1</ele>
      </trkpt>
      <trkpt lat="47.579773" lon="12.220706">
        <ele>1248.8</ele>
      </trkpt>
      <trkpt lat="47.579765" lon="12.220632">
        <ele>1248.6</ele>
      </trkpt>
      <trkpt lat="47.579757" lon="12.220521">
        <ele>1247.9</ele>
      </trkpt>
      <trkpt lat="47.579754" lon="12.220501">
        <ele>1247.7</ele>
      </trkpt>
      <trkpt lat="47.57974" lon="12.220467">
        <ele>1247.5</ele>
      </trkpt>
      <trkpt lat="47.579735" lon="12.220414">
        <ele>1246.4</ele>
      </trkpt>
      <trkpt lat="47.579716" lon="12.220367">
        <ele>1245.5</ele>
      </trkpt>
      <trkpt lat="47.579698" lon="12.2203">
        <ele>1244.2</ele>
      </trkpt>
      <trkpt lat="47.579697" lon="12.220274">
        <ele>1243.6</ele>
      </trkpt>
      <trkpt lat="47.579708" lon="12.220237">
        <ele>1242.2</ele>
      </trkpt>
      <trkpt lat="47.579708" lon="12.220214">
        <ele>1241.6</ele>
      </trkpt>
      <trkpt lat="47.579644" lon="12.220073">
        <ele>1243.2</ele>
      </trkpt>
      <trkpt lat="47.579613" lon="12.220012">
        <ele>1244.4</ele>
      </trkpt>
      <trkpt lat="47.579594" lon="12.219857">
        <ele>1244.0</ele>
      </trkpt>
      <trkpt lat="47.57958" lon="12.219764">
        <ele>1243.8</ele>
      </trkpt>
      <trkpt lat="47.57958" lon="12.219704">
        <ele>1243.6</ele>
      </trkpt>
      <trkpt lat="47.579579" lon="12.219638">
        <ele>1243.4</ele>
      </trkpt>
      <trkpt lat="47.57959" lon="12.219588">
        <ele>1242.7</ele>
      </trkpt>
      <trkpt lat="47.579594" lon="12.219534">
        <ele>1242.1</ele>
      </trkpt>
      <trkpt lat="47.57959" lon="12.219464">
        <ele>1241.5</ele>
      </trkpt>
      <trkpt lat="47.579573" lon="12.219396">
        <ele>1240.8</ele>
      </trkpt>
      <trkpt lat="47.579562" lon="12.219373">
        <ele>1240.5</ele>
      </trkpt>
      <trkpt lat="47.579539" lon="12.219335">
        <ele>1239.7</ele>
      </trkpt>
      <trkpt lat="47.5795" lon="12.219288">
        <ele>1239.1</ele>
      </trkpt>
      <trkpt lat="47.579484" lon="12.219257">
        <ele>1238.7</ele>
      </trkpt>
      <trkpt lat="47.579468" lon="12.219195">
        <ele>1237.7</ele>
      </trkpt>
      <trkpt lat="47.579451" lon="12.219144">
        <ele>1236.9</ele>
      </trkpt>
      <trkpt lat="47.579437" lon="12.219128">
        <ele>1237.0</ele>
      </trkpt>
      <trkpt lat="47.579411" lon="12.219114">
        <ele>1237.3</ele>
      </trkpt>
      <trkpt lat="47.579399" lon="12.219093">
        <ele>1237.1</ele>
      </trkpt>
      <trkpt lat="47.579405" lon="12.21908">
        <ele>1236.4</ele>
      </trkpt>
      <trkpt lat="47.579422" lon="12.219053">
        <ele>1235.0</ele>
      </trkpt>
      <trkpt lat="47.579421" lon="12.219045">
        <ele>1234.7</ele>
      </trkpt>
      <trkpt lat="47.579367" lon="12.218946">
        <ele>1232.8</ele>
      </trkpt>
      <trkpt lat="47.579269" lon="12.218836">
        <ele>1231.2</ele>
      </trkpt>
      <trkpt lat="47.579247" lon="12.218825">
        <ele>1231.1</ele>
      </trkpt>
      <trkpt lat="47.57922" lon="12.218817">
        <ele>1231.0</ele>
      </trkpt>
      <trkpt lat="47.579173" lon="12.218752">
        <ele>1228.6</ele>
      </trkpt>
      <trkpt lat="47.579143" lon="12.218739">
        <ele>1228.1</ele>
      </trkpt>
      <trkpt lat="47.579108" lon="12.218732">
        <ele>1227.6</ele>
      </trkpt>
      <trkpt lat="47.579031" lon="12.218662">
        <ele>1225.3</ele>
      </trkpt>
      <trkpt lat="47.578998" lon="12.218599">
        <ele>1224.4</ele>
      </trkpt>
      <trkpt lat="47.578968" lon="12.218558">
        <ele>1224.3</ele>
      </trkpt>
      <trkpt lat="47.578905" lon="12.218539">
        <ele>1225.1</ele>
      </trkpt>
      <trkpt lat="47.578827" lon="12.218477">
        <ele>1225.2</ele>
      </trkpt>
      <trkpt lat="47.578789" lon="12.21844">
        <ele>1225.1</ele>
      </trkpt>
      <trkpt lat="47.578768" lon="12.218389">
        <ele>1225.8</ele>
      </trkpt>
      <trkpt lat="47.578765" lon="12.21835">
        <ele>1226.6</ele>
      </trkpt>
      <trkpt lat="47.57876" lon="12.218321">
        <ele>1226.9</ele>
      </trkpt>
      <trkpt lat="47.578744" lon="12.218309">
        <ele>1226.7</ele>
      </trkpt>
      <trkpt lat="47.578726" lon="12.218271">
        <ele>1226.7</ele>
      </trkpt>
      <trkpt lat="47.578706" lon="12.218218">
        <ele>1226.8</ele>
      </trkpt>
      <trkpt lat="47.578695" lon="12.21817">
        <ele>1226.7</ele>
      </trkpt>
      <trkpt lat="47.578689" lon="12.218091">
        <ele>1226.1</ele>
      </trkpt>
      <trkpt lat="47.57868" lon="12.218039">
        <ele>1225.7</ele>
      </trkpt>
      <trkpt lat="47.578662" lon="12.217984">
        <ele>1225.3</ele>
      </trkpt>
      <trkpt lat="47.578659" lon="12.21795">
        <ele>1225.0</ele>
      </trkpt>
      <trkpt lat="47.578656" lon="12.217891">
        <ele>1224.9</ele>
      </trkpt>
      <trkpt lat="47.578625" lon="12.217773">
        <ele>1225.5</ele>
      </trkpt>
      <trkpt lat="47.578606" lon="12.217689">
        <ele>1225.4</ele>
      </trkpt>
      <trkpt lat="47.578596" lon="12.217663">
        <ele>1225.3</ele>
      </trkpt>
      <trkpt lat="47.578538" lon="12.217625">
        <ele>1224.7</ele>
      </trkpt>
      <trkpt lat="47.578493" lon="12.217615">
        <ele>1223.9</ele>
      </trkpt>
      <trkpt lat="47.578469" lon="12.217596">
        <ele>1223.3</ele>
      </trkpt>
      <trkpt lat="47.578455" lon="12.217561">
        <ele>1222.8</ele>
      </trkpt>
      <trkpt lat="47.578432" lon="12.217489">
        <ele>1222.1</ele>
      </trkpt>
      <trkpt lat="47.57842" lon="12.217462">
        <ele>1221.8</ele>
      </trkpt>
      <trkpt lat="47.5784" lon="12.217457">
        <ele>1221.3</ele>
      </trkpt>
      <trkpt lat="47.578375" lon="12.217431">
        <ele>1220.6</ele>
      </trkpt>
      <trkpt lat="47.578322" lon="12.217383">
        <ele>1219.0</ele>
      </trkpt>
      <trkpt lat="47.578301" lon="12.217337">
        <ele>1218.7</ele>
      </trkpt>
      <trkpt lat="47.578286" lon="12.217308">
        <ele>1218.4</ele>
      </trkpt>
      <trkpt lat="47.57822" lon="12.217239">
        <ele>1217.4</ele>
      </trkpt>
      <trkpt lat="47.57816" lon="12.217182">
        <ele>1217.4</ele>
      </trkpt>
      <trkpt lat="47.578035" lon="12.217039">
        <ele>1215.8</ele>
      </trkpt>
      <trkpt lat="47.57795" lon="12.216957">
        <ele>1212.8</ele>
      </trkpt>
      <trkpt lat="47.577935" lon="12.216943">
        <ele>1212.1</ele>
      </trkpt>
      <trkpt lat="47.577915" lon="12.216919">
        <ele>1211.0</ele>
      </trkpt>
      <trkpt lat="47.57791" lon="12.216878">
        <ele>1211.2</ele>
      </trkpt>
      <trkpt lat="47.577923" lon="12.216828">
        <ele>1212.8</ele>
      </trkpt>
      <trkpt lat="47.577946" lon="12.216796">
        <ele>1214.6</ele>
      </trkpt>
      <trkpt lat="47.577961" lon="12.216769">
        <ele>1215.4</ele>
      </trkpt>
      <trkpt lat="47.577974" lon="12.216714">
        <ele>1214.8</ele>
      </trkpt>
      <trkpt lat="47.577975" lon="12.216678">
        <ele>1213.4</ele>
      </trkpt>
      <trkpt lat="47.577976" lon="12.216617">
        <ele>1210.8</ele>
      </trkpt>
      <trkpt lat="47.577976" lon="12.21657">
        <ele>1209.0</ele>
      </trkpt>
      <trkpt lat="47.578005" lon="12.216545">
        <ele>1209.7</ele>
      </trkpt>
      <trkpt lat="47.578013" lon="12.216498">
        <ele>1209.2</ele>
      </trkpt>
      <trkpt lat="47.578004" lon="12.216454">
        <ele>1208.5</ele>
      </trkpt>
      <trkpt lat="47.578" lon="12.216416">
        <ele>1208.9</ele>
      </trkpt>
      <trkpt lat="47.577983" lon="12.216356">
        <ele>1209.3</ele>
      </trkpt>
      <trkpt lat="47.577957" lon="12.216322">
        <ele>1208.4</ele>
      </trkpt>
      <trkpt lat="47.577909" lon="12.216256">
        <ele>1207.4</ele>
      </trkpt>
      <trkpt lat="47.57787" lon="12.216166">
        <ele>1206.6</ele>
      </trkpt>
      <trkpt lat="47.577844" lon="12.216083">
        <ele>1205.4</ele>
      </trkpt>
      <trkpt lat="47.577825" lon="12.215966">
        <ele>1204.1</ele>
      </trkpt>
      <trkpt lat="47.577807" lon="12.215879">
        <ele>1203.9</ele>
      </trkpt>
      <trkpt lat="47.577782" lon="12.215825">
        <ele>1203.0</ele>
      </trkpt>
      <trkpt lat="47.57777" lon="12.215783">
        <ele>1202.6</ele>
      </trkpt>
      <trkpt lat="47.577763" lon="12.215724">
        <ele>1202.6</ele>
      </trkpt>
      <trkpt lat="47.577765" lon="12.215634">
        <ele>1202.5</ele>
      </trkpt>
      <trkpt lat="47.577771" lon="12.215597">
        <ele>1202.5</ele>
      </trkpt>
      <trkpt lat="47.577765" lon="12.215565">
        <ele>1202.1</ele>
      </trkpt>
      <trkpt lat="47.577736" lon="12.215487">
        <ele>1201.4</ele>
      </trkpt>
      <trkpt lat="47.577731" lon="12.215353">
        <ele>1203.3</ele>
      </trkpt>
      <trkpt lat="47.5777" lon="12.215198">
        <ele>1204.6</ele>
      </trkpt>
      <trkpt lat="47.577684" lon="12.215013">
        <ele>1204.7</ele>
      </trkpt>
      <trkpt lat="47.577663" lon="12.21488">
        <ele>1204.0</ele>
      </trkpt>
      <trkpt lat="47.577667" lon="12.214769">
        <ele>1204.0</ele>
      </trkpt>
      <trkpt lat="47.577686" lon="12.214687">
        <ele>1204.2</ele>
      </trkpt>
      <trkpt lat="47.577704" lon="12.214606">
        <ele>1204.1</ele>
      </trkpt>
      <trkpt lat="47.577717" lon="12.214479">
        <ele>1203.7</ele>
      </trkpt>
      <trkpt lat="47.577712" lon="12.214348">
        <ele>1204.5</ele>
      </trkpt>
      <trkpt lat="47.577708" lon="12.214187">
        <ele>1206.4</ele>
      </trkpt>
      <trkpt lat="47.57774" lon="12.213995">
        <ele>1208.2</ele>
      </trkpt>
      <trkpt lat="47.577762" lon="12.213898">
        <ele>1209.0</ele>
      </trkpt>
      <trkpt lat="47.577788" lon="12.213771">
        <ele>1210.1</ele>
      </trkpt>
      <trkpt lat="47.577788" lon="12.213735">
        <ele>1210.5</ele>
      </trkpt>
      <trkpt lat="47.577776" lon="12.213641">
        <ele>1211.2</ele>
      </trkpt>
      <trkpt lat="47.577744" lon="12.213511">
        <ele>1212.3</ele>
      </trkpt>
      <trkpt lat="47.577721" lon="12.213432">
        <ele>1213.1</ele>
      </trkpt>
      <trkpt lat="47.577708" lon="12.213396">
        <ele>1213.2</ele>
      </trkpt>
      <trkpt lat="47.577712" lon="12.213296">
        <ele>1214.7</ele>
      </trkpt>
      <trkpt lat="47.577714" lon="12.213237">
        <ele>1214.9</ele>
      </trkpt>
      <trkpt lat="47.577714" lon="12.213185">
        <ele>1214.9</ele>
      </trkpt>
      <trkpt lat="47.577713" lon="12.213156">
        <ele>1215.1</ele>
      </trkpt>
      <trkpt lat="47.577707" lon="12.213115">
        <ele>1215.4</ele>
      </trkpt>
      <trkpt lat="47.57769" lon="12.213068">
        <ele>1215.7</ele>
      </trkpt>
      <trkpt lat="47.577655" lon="12.213006">
        <ele>1216.1</ele>
      </trkpt>
      <trkpt lat="47.577629" lon="12.212958">
        <ele>1216.6</ele>
      </trkpt>
      <trkpt lat="47.577602" lon="12.212902">
        <ele>1217.1</ele>
      </trkpt>
      <trkpt lat="47.577575" lon="12.212822">
        <ele>1217.9</ele>
      </trkpt>
      <trkpt lat="47.577556" lon="12.212769">
        <ele>1218.4</ele>
      </trkpt>
      <trkpt lat="47.577526" lon="12.2127">
        <ele>1219.1</ele>
      </trkpt>
      <trkpt lat="47.577492" lon="12.212639">
        <ele>1219.6</ele>
      </trkpt>
      <trkpt lat="47.577467" lon="12.212572">
        <ele>1220.6</ele>
      </trkpt>
      <trkpt lat="47.577453" lon="12.212514">
        <ele>1221.4</ele>
      </trkpt>
      <trkpt lat="47.577445" lon="12.212459">
        <ele>1222.0</ele>
      </trkpt>
      <trkpt lat="47.577447" lon="12.212409">
        <ele>1222.7</ele>
      </trkpt>
      <trkpt lat="47.577454" lon="12.212345">
        <ele>1223.6</ele>
      </trkpt>
      <trkpt lat="47.577465" lon="12.212309">
        <ele>1224.3</ele>
      </trkpt>
      <trkpt lat="47.577483" lon="12.212256">
        <ele>1225.4</ele>
      </trkpt>
      <trkpt lat="47.577499" lon="12.212202">
        <ele>1225.9</ele>
      </trkpt>
      <trkpt lat="47.57752" lon="12.212153">
        <ele>1226.4</ele>
      </trkpt>
      <trkpt lat="47.577557" lon="12.21208">
        <ele>1228.1</ele>
      </trkpt>
      <trkpt lat="47.577594" lon="12.211984">
        <ele>1230.1</ele>
      </trkpt>
      <trkpt lat="47.577612" lon="12.211923">
        <ele>1231.0</ele>
      </trkpt>
      <trkpt lat="47.57763" lon="12.211858">
        <ele>1232.1</ele>
      </trkpt>
      <trkpt lat="47.577644" lon="12.211808">
        <ele>1233.5</ele>
      </trkpt>
      <trkpt lat="47.577651" lon="12.211774">
        <ele>1234.5</ele>
      </trkpt>
      <trkpt lat="47.577653" lon="12.211743">
        <ele>1235.2</ele>
      </trkpt>
      <trkpt lat="47.577652" lon="12.211715">
        <ele>1235.6</ele>
      </trkpt>
      <trkpt lat="47.577648" lon="12.211686">
        <ele>1235.8</ele>
      </trkpt>
      <trkpt lat="47.577639" lon="12.211639">
        <ele>1236.3</ele>
      </trkpt>
      <trkpt lat="47.577628" lon="12.211588">
        <ele>1236.7</ele>
      </trkpt>
      <trkpt lat="47.577626" lon="12.211543">
        <ele>1237.3</ele>
      </trkpt>
      <trkpt lat="47.577625" lon="12.211491">
        <ele>1237.8</ele>
      </trkpt>
      <trkpt lat="47.577632" lon="12.211427">
        <ele>1238.9</ele>
      </trkpt>
      <trkpt lat="47.577643" lon="12.211365">
        <ele>1240.2</ele>
      </trkpt>
      <trkpt lat="47.577646" lon="12.211307">
        <ele>1240.9</ele>
      </trkpt>
      <trkpt lat="47.577644" lon="12.211259">
        <ele>1241.4</ele>
      </trkpt>
      <trkpt lat="47.577639" lon="12.211205">
        <ele>1242.0</ele>
      </trkpt>
      <trkpt lat="47.57763" lon="12.211146">
        <ele>1242.5</ele>
      </trkpt>
      <trkpt lat="47.577626" lon="12.211104">
        <ele>1242.9</ele>
      </trkpt>
      <trkpt lat="47.577619" lon="12.211052">
        <ele>1243.6</ele>
      </trkpt>
      <trkpt lat="47.577618" lon="12.211028">
        <ele>1244.1</ele>
      </trkpt>
      <trkpt lat="47.577619" lon="12.211004">
        <ele>1244.9</ele>
      </trkpt>
      <trkpt lat="47.577625" lon="12.210987">
        <ele>1245.5</ele>
      </trkpt>
      <trkpt lat="47.577633" lon="12.21098">
        <ele>1245.9</ele>
      </trkpt>
      <trkpt lat="47.577638" lon="12.210973">
        <ele>1246.3</ele>
      </trkpt>
      <trkpt lat="47.577666" lon="12.210972">
        <ele>1246.9</ele>
      </trkpt>
      <trkpt lat="47.577699" lon="12.210978">
        <ele>1247.3</ele>
      </trkpt>
      <trkpt lat="47.577727" lon="12.210992">
        <ele>1247.2</ele>
      </trkpt>
      <trkpt lat="47.577748" lon="12.210955">
        <ele>1248.0</ele>
      </trkpt>
      <trkpt lat="47.577774" lon="12.21092">
        <ele>1248.6</ele>
      </trkpt>
      <trkpt lat="47.577809" lon="12.210876">
        <ele>1249.0</ele>
      </trkpt>
      <trkpt lat="47.577837" lon="12.210832">
        <ele>1249.5</ele>
      </trkpt>
      <trkpt lat="47.577882" lon="12.210766">
        <ele>1250.9</ele>
      </trkpt>
      <trkpt lat="47.577929" lon="12.210716">
        <ele>1252.6</ele>
      </trkpt>
      <trkpt lat="47.57799" lon="12.210657">
        <ele>1254.0</ele>
      </trkpt>
      <trkpt lat="47.578028" lon="12.210614">
        <ele>1254.7</ele>
      </trkpt>
      <trkpt lat="47.578054" lon="12.210571">
        <ele>1255.4</ele>
      </trkpt>
      <trkpt lat="47.578072" lon="12.210537">
        <ele>1255.7</ele>
      </trkpt>
      <trkpt lat="47.578086" lon="12.210497">
        <ele>1256.1</ele>
      </trkpt>
      <trkpt lat="47.57809" lon="12.210475">
        <ele>1256.4</ele>
      </trkpt>
      <trkpt lat="47.578091" lon="12.210452">
        <ele>1256.6</ele>
      </trkpt>
      <trkpt lat="47.578089" lon="12.210426">
        <ele>1256.9</ele>
      </trkpt>
      <trkpt lat="47.578082" lon="12.210403">
        <ele>1257.2</ele>
      </trkpt>
      <trkpt lat="47.578066" lon="12.210382">
        <ele>1257.6</ele>
      </trkpt>
      <trkpt lat="47.578049" lon="12.210372">
        <ele>1257.8</ele>
      </trkpt>
      <trkpt lat="47.578012" lon="12.210361">
        <ele>1258.3</ele>
      </trkpt>
      <trkpt lat="47.577951" lon="12.21035">
        <ele>1259.4</ele>
      </trkpt>
      <trkpt lat="47.577914" lon="12.210339">
        <ele>1260.3</ele>
      </trkpt>
      <trkpt lat="47.577895" lon="12.210326">
        <ele>1260.8</ele>
      </trkpt>
      <trkpt lat="47.577878" lon="12.210296">
        <ele>1261.3</ele>
      </trkpt>
      <trkpt lat="47.577869" lon="12.210268">
        <ele>1261.7</ele>
      </trkpt>
      <trkpt lat="47.577864" lon="12.210228">
        <ele>1262.1</ele>
      </trkpt>
      <trkpt lat="47.577853" lon="12.210135">
        <ele>1263.4</ele>
      </trkpt>
      <trkpt lat="47.577847" lon="12.210097">
        <ele>1263.8</ele>
      </trkpt>
      <trkpt lat="47.577838" lon="12.210071">
        <ele>1264.0</ele>
      </trkpt>
      <trkpt lat="47.577827" lon="12.210046">
        <ele>1264.3</ele>
      </trkpt>
      <trkpt lat="47.577781" lon="12.209941">
        <ele>1265.0</ele>
      </trkpt>
      <trkpt lat="47.577762" lon="12.209892">
        <ele>1265.2</ele>
      </trkpt>
      <trkpt lat="47.577745" lon="12.209832">
        <ele>1265.6</ele>
      </trkpt>
      <trkpt lat="47.577731" lon="12.209771">
        <ele>1266.4</ele>
      </trkpt>
      <trkpt lat="47.577717" lon="12.20972">
        <ele>1267.2</ele>
      </trkpt>
      <trkpt lat="47.577705" lon="12.209694">
        <ele>1267.7</ele>
      </trkpt>
      <trkpt lat="47.577679" lon="12.209671">
        <ele>1268.1</ele>
      </trkpt>
      <trkpt lat="47.577637" lon="12.209643">
        <ele>1268.5</ele>
      </trkpt>
      <trkpt lat="47.577613" lon="12.20962">
        <ele>1268.8</ele>
      </trkpt>
      <trkpt lat="47.577606" lon="12.209597">
        <ele>1269.1</ele>
      </trkpt>
      <trkpt lat="47.577606" lon="12.209577">
        <ele>1269.3</ele>
      </trkpt>
      <trkpt lat="47.577616" lon="12.209533">
        <ele>1269.7</ele>
      </trkpt>
      <trkpt lat="47.577638" lon="12.209483">
        <ele>1270.1</ele>
      </trkpt>
      <trkpt lat="47.577654" lon="12.20945">
        <ele>1270.0</ele>
        <name>Weinbergerhaus (Berggasthof)</name>
        <extensions>
          <oa:locType>routingNode</oa:locType>
        </extensions>
      </trkpt>
    </trkseg>
  </trk>
</gpx>