<?xml version="1.0" encoding="UTF-8" standalone="yes"?>
<gpx version="1.1" creator="outdooractive - http://www.outdooractive.com" xmlns="http://www.topografix.com/GPX/1/1" xmlns:oa="http://www.outdooractive.com/GPX/Extensions/1" xmlns:xsi="http://www.w3.org/2001/XMLSchema-instance" xsi:schemaLocation="http://www.topografix.com/GPX/1/1 http://www.topografix.com/GPX/1/1/gpx.xsd http://www.outdooractive.com/GPX/Extensions/1 https://www.outdooractive.com/schema/gpx_extensions.xsd">
  <metadata>
    <name>Kaisertour: Vom Weinberghaus auf den Scheffauer und hinab zur Haltestelle &quot;Steinerne Stiege&quot;</name>
    <author>
      <name>DAV Sektion Oberland - DAV Sektion Oberland</name>
    </author>
    <link href="https://www.outdooractive.com/r/23732155"/>
    <time>2026-06-11T03:07:04.251Z</time>
    <extensions>
      <oa:oaCategory>mountaineering</oa:oaCategory>
    </extensions>
  </metadata>
  <trk>
    <name>Kaisertour: Vom Weinberghaus auf den Scheffauer und hinab zur Haltestelle &quot;Steinerne Stiege&quot;</name>
    <desc>Ob steil hinauf über einen leichten Klettersteig zum Scheffauer mit traumhalter Aussicht oder gemütlich zur einladenden Walleralm bleibt jedem sleber überlassen. Hinab zur Eibergstraße kommt man direkt an der Bushaltestelle raus.   </desc>
    <type>mountaineering</type>
    <trkseg>
      <trkpt lat="47.577654" lon="12.20945">
        <ele>1270.0</ele>
        <name>Weinbergerhaus (Berggasthof)</name>
        <extensions>
          <oa:Extension>
            <oa:mapZoom>17</oa:mapZoom>
          </oa:Extension>
        </extensions>
      </trkpt>
      <trkpt lat="47.577638" lon="12.209483">
        <ele>1270.1</ele>
      </trkpt>
      <trkpt lat="47.577616" lon="12.209533">
        <ele>1269.7</ele>
      </trkpt>
      <trkpt lat="47.577606" lon="12.209577">
        <ele>1269.3</ele>
      </trkpt>
      <trkpt lat="47.577606" lon="12.209597">
        <ele>1269.1</ele>
      </trkpt>
      <trkpt lat="47.577613" lon="12.20962">
        <ele>1268.8</ele>
      </trkpt>
      <trkpt lat="47.577637" lon="12.209643">
        <ele>1268.5</ele>
      </trkpt>
      <trkpt lat="47.577679" lon="12.209671">
        <ele>1268.1</ele>
      </trkpt>
      <trkpt lat="47.577705" lon="12.209694">
        <ele>1267.7</ele>
      </trkpt>
      <trkpt lat="47.577717" lon="12.20972">
        <ele>1267.2</ele>
      </trkpt>
      <trkpt lat="47.577731" lon="12.209771">
        <ele>1266.4</ele>
      </trkpt>
      <trkpt lat="47.577745" lon="12.209832">
        <ele>1265.6</ele>
      </trkpt>
      <trkpt lat="47.577762" lon="12.209892">
        <ele>1265.2</ele>
      </trkpt>
      <trkpt lat="47.577781" lon="12.209941">
        <ele>1265.0</ele>
      </trkpt>
      <trkpt lat="47.577827" lon="12.210046">
        <ele>1264.3</ele>
      </trkpt>
      <trkpt lat="47.577838" lon="12.210071">
        <ele>1264.0</ele>
      </trkpt>
      <trkpt lat="47.577847" lon="12.210097">
        <ele>1263.8</ele>
      </trkpt>
      <trkpt lat="47.577853" lon="12.210135">
        <ele>1263.4</ele>
      </trkpt>
      <trkpt lat="47.577864" lon="12.210228">
        <ele>1262.1</ele>
      </trkpt>
      <trkpt lat="47.577869" lon="12.210268">
        <ele>1261.7</ele>
      </trkpt>
      <trkpt lat="47.577878" lon="12.210296">
        <ele>1261.3</ele>
      </trkpt>
      <trkpt lat="47.577895" lon="12.210326">
        <ele>1260.8</ele>
      </trkpt>
      <trkpt lat="47.577914" lon="12.210339">
        <ele>1260.3</ele>
      </trkpt>
      <trkpt lat="47.577951" lon="12.21035">
        <ele>1259.4</ele>
      </trkpt>
      <trkpt lat="47.578012" lon="12.210361">
        <ele>1258.3</ele>
      </trkpt>
      <trkpt lat="47.578049" lon="12.210372">
        <ele>1257.8</ele>
      </trkpt>
      <trkpt lat="47.578066" lon="12.210382">
        <ele>1257.6</ele>
      </trkpt>
      <trkpt lat="47.578082" lon="12.210403">
        <ele>1257.2</ele>
      </trkpt>
      <trkpt lat="47.578089" lon="12.210426">
        <ele>1256.9</ele>
      </trkpt>
      <trkpt lat="47.578091" lon="12.210452">
        <ele>1256.6</ele>
      </trkpt>
      <trkpt lat="47.57809" lon="12.210475">
        <ele>1256.4</ele>
      </trkpt>
      <trkpt lat="47.578086" lon="12.210497">
        <ele>1256.1</ele>
      </trkpt>
      <trkpt lat="47.578072" lon="12.210537">
        <ele>1255.7</ele>
      </trkpt>
      <trkpt lat="47.578054" lon="12.210571">
        <ele>1255.4</ele>
      </trkpt>
      <trkpt lat="47.578028" lon="12.210614">
        <ele>1254.7</ele>
      </trkpt>
      <trkpt lat="47.57799" lon="12.210657">
        <ele>1254.0</ele>
      </trkpt>
      <trkpt lat="47.577929" lon="12.210716">
        <ele>1252.6</ele>
      </trkpt>
      <trkpt lat="47.577882" lon="12.210766">
        <ele>1250.9</ele>
      </trkpt>
      <trkpt lat="47.577837" lon="12.210832">
        <ele>1249.5</ele>
      </trkpt>
      <trkpt lat="47.577809" lon="12.210876">
        <ele>1249.0</ele>
      </trkpt>
      <trkpt lat="47.577774" lon="12.21092">
        <ele>1248.6</ele>
      </trkpt>
      <trkpt lat="47.577748" lon="12.210955">
        <ele>1248.0</ele>
      </trkpt>
      <trkpt lat="47.577727" lon="12.210992">
        <ele>1247.2</ele>
      </trkpt>
      <trkpt lat="47.577699" lon="12.210978">
        <ele>1247.3</ele>
      </trkpt>
      <trkpt lat="47.577666" lon="12.210972">
        <ele>1246.9</ele>
      </trkpt>
      <trkpt lat="47.577638" lon="12.210973">
        <ele>1246.3</ele>
      </trkpt>
      <trkpt lat="47.577633" lon="12.21098">
        <ele>1245.9</ele>
      </trkpt>
      <trkpt lat="47.577625" lon="12.210987">
        <ele>1245.5</ele>
      </trkpt>
      <trkpt lat="47.577619" lon="12.211004">
        <ele>1244.9</ele>
      </trkpt>
      <trkpt lat="47.577618" lon="12.211028">
        <ele>1244.1</ele>
      </trkpt>
      <trkpt lat="47.577619" lon="12.211052">
        <ele>1243.6</ele>
      </trkpt>
      <trkpt lat="47.577626" lon="12.211104">
        <ele>1242.9</ele>
      </trkpt>
      <trkpt lat="47.57763" lon="12.211146">
        <ele>1242.5</ele>
      </trkpt>
      <trkpt lat="47.577639" lon="12.211205">
        <ele>1242.0</ele>
      </trkpt>
      <trkpt lat="47.577644" lon="12.211259">
        <ele>1241.4</ele>
      </trkpt>
      <trkpt lat="47.577646" lon="12.211307">
        <ele>1240.9</ele>
      </trkpt>
      <trkpt lat="47.577643" lon="12.211365">
        <ele>1240.2</ele>
      </trkpt>
      <trkpt lat="47.577632" lon="12.211427">
        <ele>1238.9</ele>
      </trkpt>
      <trkpt lat="47.577625" lon="12.211491">
        <ele>1237.8</ele>
      </trkpt>
      <trkpt lat="47.577626" lon="12.211543">
        <ele>1237.3</ele>
      </trkpt>
      <trkpt lat="47.577628" lon="12.211588">
        <ele>1236.7</ele>
      </trkpt>
      <trkpt lat="47.577639" lon="12.211639">
        <ele>1236.3</ele>
      </trkpt>
      <trkpt lat="47.577648" lon="12.211686">
        <ele>1235.8</ele>
      </trkpt>
      <trkpt lat="47.577652" lon="12.211715">
        <ele>1235.6</ele>
      </trkpt>
      <trkpt lat="47.577653" lon="12.211743">
        <ele>1235.2</ele>
      </trkpt>
      <trkpt lat="47.577651" lon="12.211774">
        <ele>1234.5</ele>
      </trkpt>
      <trkpt lat="47.577644" lon="12.211808">
        <ele>1233.5</ele>
      </trkpt>
      <trkpt lat="47.57763" lon="12.211858">
        <ele>1232.1</ele>
      </trkpt>
      <trkpt lat="47.577612" lon="12.211923">
        <ele>1231.0</ele>
      </trkpt>
      <trkpt lat="47.577594" lon="12.211984">
        <ele>1230.1</ele>
      </trkpt>
      <trkpt lat="47.577557" lon="12.21208">
        <ele>1228.1</ele>
      </trkpt>
      <trkpt lat="47.57752" lon="12.212153">
        <ele>1226.4</ele>
      </trkpt>
      <trkpt lat="47.577499" lon="12.212202">
        <ele>1225.9</ele>
      </trkpt>
      <trkpt lat="47.577483" lon="12.212256">
        <ele>1225.4</ele>
      </trkpt>
      <trkpt lat="47.577465" lon="12.212309">
        <ele>1224.3</ele>
      </trkpt>
      <trkpt lat="47.577454" lon="12.212345">
        <ele>1223.6</ele>
      </trkpt>
      <trkpt lat="47.577447" lon="12.212409">
        <ele>1222.7</ele>
      </trkpt>
      <trkpt lat="47.577445" lon="12.212459">
        <ele>1222.0</ele>
      </trkpt>
      <trkpt lat="47.577453" lon="12.212514">
        <ele>1221.4</ele>
      </trkpt>
      <trkpt lat="47.577467" lon="12.212572">
        <ele>1220.6</ele>
      </trkpt>
      <trkpt lat="47.577492" lon="12.212639">
        <ele>1219.6</ele>
      </trkpt>
      <trkpt lat="47.577526" lon="12.2127">
        <ele>1219.1</ele>
      </trkpt>
      <trkpt lat="47.577556" lon="12.212769">
        <ele>1218.4</ele>
      </trkpt>
      <trkpt lat="47.577575" lon="12.212822">
        <ele>1217.9</ele>
      </trkpt>
      <trkpt lat="47.577602" lon="12.212902">
        <ele>1217.1</ele>
      </trkpt>
      <trkpt lat="47.577629" lon="12.212958">
        <ele>1216.6</ele>
      </trkpt>
      <trkpt lat="47.577655" lon="12.213006">
        <ele>1216.1</ele>
      </trkpt>
      <trkpt lat="47.57769" lon="12.213068">
        <ele>1215.7</ele>
      </trkpt>
      <trkpt lat="47.577707" lon="12.213115">
        <ele>1215.4</ele>
      </trkpt>
      <trkpt lat="47.577713" lon="12.213156">
        <ele>1215.1</ele>
      </trkpt>
      <trkpt lat="47.577714" lon="12.213185">
        <ele>1214.9</ele>
      </trkpt>
      <trkpt lat="47.577714" lon="12.213237">
        <ele>1214.9</ele>
      </trkpt>
      <trkpt lat="47.577712" lon="12.213296">
        <ele>1214.7</ele>
      </trkpt>
      <trkpt lat="47.577708" lon="12.213396">
        <ele>1213.2</ele>
      </trkpt>
      <trkpt lat="47.577721" lon="12.213432">
        <ele>1213.1</ele>
      </trkpt>
      <trkpt lat="47.577744" lon="12.213511">
        <ele>1212.3</ele>
      </trkpt>
      <trkpt lat="47.577776" lon="12.213641">
        <ele>1211.2</ele>
      </trkpt>
      <trkpt lat="47.577788" lon="12.213735">
        <ele>1210.5</ele>
      </trkpt>
      <trkpt lat="47.577788" lon="12.213771">
        <ele>1210.1</ele>
      </trkpt>
      <trkpt lat="47.577762" lon="12.213898">
        <ele>1209.0</ele>
      </trkpt>
      <trkpt lat="47.57774" lon="12.213995">
        <ele>1208.2</ele>
      </trkpt>
      <trkpt lat="47.577708" lon="12.214187">
        <ele>1206.4</ele>
      </trkpt>
      <trkpt lat="47.577712" lon="12.214348">
        <ele>1204.5</ele>
      </trkpt>
      <trkpt lat="47.577717" lon="12.214479">
        <ele>1203.7</ele>
      </trkpt>
      <trkpt lat="47.577704" lon="12.214606">
        <ele>1204.1</ele>
      </trkpt>
      <trkpt lat="47.577686" lon="12.214687">
        <ele>1204.2</ele>
      </trkpt>
      <trkpt lat="47.577667" lon="12.214769">
        <ele>1204.0</ele>
      </trkpt>
      <trkpt lat="47.577663" lon="12.21488">
        <ele>1204.0</ele>
      </trkpt>
      <trkpt lat="47.577684" lon="12.215013">
        <ele>1204.7</ele>
      </trkpt>
      <trkpt lat="47.5777" lon="12.215198">
        <ele>1204.6</ele>
      </trkpt>
      <trkpt lat="47.577731" lon="12.215353">
        <ele>1203.3</ele>
      </trkpt>
      <trkpt lat="47.577736" lon="12.215487">
        <ele>1201.4</ele>
      </trkpt>
      <trkpt lat="47.577726" lon="12.21558">
        <ele>1200.6</ele>
      </trkpt>
      <trkpt lat="47.577719" lon="12.215661">
        <ele>1200.2</ele>
      </trkpt>
      <trkpt lat="47.577718" lon="12.215742">
        <ele>1199.8</ele>
      </trkpt>
      <trkpt lat="47.577726" lon="12.215828">
        <ele>1199.4</ele>
      </trkpt>
      <trkpt lat="47.577736" lon="12.215932">
        <ele>1197.8</ele>
      </trkpt>
      <trkpt lat="47.577736" lon="12.216009">
        <ele>1196.8</ele>
      </trkpt>
      <trkpt lat="47.577736" lon="12.21606">
        <ele>1196.4</ele>
      </trkpt>
      <trkpt lat="47.577731" lon="12.216127">
        <ele>1195.7</ele>
      </trkpt>
      <trkpt lat="47.577722" lon="12.216218">
        <ele>1194.9</ele>
      </trkpt>
      <trkpt lat="47.577721" lon="12.21628">
        <ele>1194.4</ele>
      </trkpt>
      <trkpt lat="47.577725" lon="12.216336">
        <ele>1194.0</ele>
      </trkpt>
      <trkpt lat="47.577737" lon="12.216413">
        <ele>1193.0</ele>
      </trkpt>
      <trkpt lat="47.577746" lon="12.216483">
        <ele>1191.8</ele>
      </trkpt>
      <trkpt lat="47.577752" lon="12.21654">
        <ele>1191.5</ele>
      </trkpt>
      <trkpt lat="47.577753" lon="12.21658">
        <ele>1191.2</ele>
      </trkpt>
      <trkpt lat="47.577745" lon="12.216642">
        <ele>1190.9</ele>
      </trkpt>
      <trkpt lat="47.577725" lon="12.216751">
        <ele>1190.9</ele>
      </trkpt>
      <trkpt lat="47.577707" lon="12.216841">
        <ele>1189.8</ele>
      </trkpt>
      <trkpt lat="47.577697" lon="12.216915">
        <ele>1188.8</ele>
      </trkpt>
      <trkpt lat="47.577693" lon="12.216957">
        <ele>1188.3</ele>
      </trkpt>
      <trkpt lat="47.577694" lon="12.217048">
        <ele>1187.5</ele>
      </trkpt>
      <trkpt lat="47.577697" lon="12.217226">
        <ele>1185.5</ele>
      </trkpt>
      <trkpt lat="47.577703" lon="12.217327">
        <ele>1184.6</ele>
      </trkpt>
      <trkpt lat="47.577717" lon="12.217419">
        <ele>1183.9</ele>
      </trkpt>
      <trkpt lat="47.577741" lon="12.217506">
        <ele>1183.3</ele>
      </trkpt>
      <trkpt lat="47.577798" lon="12.217678">
        <ele>1182.2</ele>
      </trkpt>
      <trkpt lat="47.577822" lon="12.217771">
        <ele>1181.9</ele>
      </trkpt>
      <trkpt lat="47.577835" lon="12.21783">
        <ele>1181.7</ele>
      </trkpt>
      <trkpt lat="47.577839" lon="12.217875">
        <ele>1181.1</ele>
      </trkpt>
      <trkpt lat="47.577846" lon="12.21794">
        <ele>1180.4</ele>
      </trkpt>
      <trkpt lat="47.577852" lon="12.218056">
        <ele>1179.6</ele>
      </trkpt>
      <trkpt lat="47.577861" lon="12.218146">
        <ele>1179.3</ele>
      </trkpt>
      <trkpt lat="47.577873" lon="12.218216">
        <ele>1179.0</ele>
      </trkpt>
      <trkpt lat="47.577893" lon="12.218272">
        <ele>1178.7</ele>
      </trkpt>
      <trkpt lat="47.577918" lon="12.218349">
        <ele>1177.9</ele>
      </trkpt>
      <trkpt lat="47.577933" lon="12.21843">
        <ele>1177.0</ele>
      </trkpt>
      <trkpt lat="47.577949" lon="12.218539">
        <ele>1176.1</ele>
      </trkpt>
      <trkpt lat="47.577958" lon="12.218584">
        <ele>1175.9</ele>
      </trkpt>
      <trkpt lat="47.577977" lon="12.218632">
        <ele>1175.7</ele>
      </trkpt>
      <trkpt lat="47.578017" lon="12.218707">
        <ele>1175.0</ele>
      </trkpt>
      <trkpt lat="47.57804" lon="12.218758">
        <ele>1174.5</ele>
      </trkpt>
      <trkpt lat="47.578053" lon="12.218792">
        <ele>1174.2</ele>
      </trkpt>
      <trkpt lat="47.57806" lon="12.218848">
        <ele>1173.4</ele>
      </trkpt>
      <trkpt lat="47.578064" lon="12.218934">
        <ele>1172.2</ele>
      </trkpt>
      <trkpt lat="47.578065" lon="12.219046">
        <ele>1171.0</ele>
      </trkpt>
      <trkpt lat="47.578058" lon="12.219123">
        <ele>1169.9</ele>
      </trkpt>
      <trkpt lat="47.578044" lon="12.219192">
        <ele>1169.1</ele>
      </trkpt>
      <trkpt lat="47.578021" lon="12.219294">
        <ele>1168.0</ele>
      </trkpt>
      <trkpt lat="47.578012" lon="12.219346">
        <ele>1167.1</ele>
      </trkpt>
      <trkpt lat="47.578006" lon="12.219403">
        <ele>1166.6</ele>
      </trkpt>
      <trkpt lat="47.577997" lon="12.219472">
        <ele>1166.3</ele>
      </trkpt>
      <trkpt lat="47.577988" lon="12.219509">
        <ele>1166.0</ele>
      </trkpt>
      <trkpt lat="47.577958" lon="12.219598">
        <ele>1165.2</ele>
      </trkpt>
      <trkpt lat="47.577928" lon="12.219687">
        <ele>1165.0</ele>
      </trkpt>
      <trkpt lat="47.57791" lon="12.219777">
        <ele>1164.0</ele>
      </trkpt>
      <trkpt lat="47.577887" lon="12.219932">
        <ele>1163.3</ele>
      </trkpt>
      <trkpt lat="47.577879" lon="12.219995">
        <ele>1163.2</ele>
      </trkpt>
      <trkpt lat="47.577881" lon="12.220033">
        <ele>1163.5</ele>
      </trkpt>
      <trkpt lat="47.577887" lon="12.220088">
        <ele>1163.5</ele>
      </trkpt>
      <trkpt lat="47.577908" lon="12.220172">
        <ele>1163.1</ele>
      </trkpt>
      <trkpt lat="47.577928" lon="12.220257">
        <ele>1162.3</ele>
      </trkpt>
      <trkpt lat="47.577936" lon="12.220304">
        <ele>1161.5</ele>
      </trkpt>
      <trkpt lat="47.577936" lon="12.220372">
        <ele>1160.6</ele>
      </trkpt>
      <trkpt lat="47.577929" lon="12.220435">
        <ele>1160.3</ele>
      </trkpt>
      <trkpt lat="47.577907" lon="12.220526">
        <ele>1159.7</ele>
      </trkpt>
      <trkpt lat="47.577884" lon="12.220594">
        <ele>1159.2</ele>
      </trkpt>
      <trkpt lat="47.577856" lon="12.220667">
        <ele>1159.4</ele>
      </trkpt>
      <trkpt lat="47.577838" lon="12.2207">
        <ele>1159.5</ele>
      </trkpt>
      <trkpt lat="47.577804" lon="12.220742">
        <ele>1159.4</ele>
      </trkpt>
      <trkpt lat="47.577754" lon="12.220802">
        <ele>1159.9</ele>
      </trkpt>
      <trkpt lat="47.577738" lon="12.220827">
        <ele>1160.1</ele>
      </trkpt>
      <trkpt lat="47.577719" lon="12.220861">
        <ele>1160.1</ele>
      </trkpt>
      <trkpt lat="47.577695" lon="12.220945">
        <ele>1160.1</ele>
      </trkpt>
      <trkpt lat="47.577665" lon="12.221043">
        <ele>1159.7</ele>
      </trkpt>
      <trkpt lat="47.57765" lon="12.221081">
        <ele>1159.5</ele>
      </trkpt>
      <trkpt lat="47.577595" lon="12.221186">
        <ele>1159.0</ele>
      </trkpt>
      <trkpt lat="47.577568" lon="12.221243">
        <ele>1158.7</ele>
      </trkpt>
      <trkpt lat="47.577556" lon="12.221283">
        <ele>1158.6</ele>
      </trkpt>
      <trkpt lat="47.577547" lon="12.221322">
        <ele>1158.3</ele>
      </trkpt>
      <trkpt lat="47.577544" lon="12.221367">
        <ele>1158.2</ele>
      </trkpt>
      <trkpt lat="47.577538" lon="12.221481">
        <ele>1157.4</ele>
      </trkpt>
      <trkpt lat="47.577535" lon="12.221546">
        <ele>1157.0</ele>
      </trkpt>
      <trkpt lat="47.577529" lon="12.221594">
        <ele>1157.1</ele>
      </trkpt>
      <trkpt lat="47.577522" lon="12.221635">
        <ele>1157.2</ele>
      </trkpt>
      <trkpt lat="47.577512" lon="12.221669">
        <ele>1157.3</ele>
      </trkpt>
      <trkpt lat="47.577489" lon="12.22172">
        <ele>1157.0</ele>
      </trkpt>
      <trkpt lat="47.577442" lon="12.221831">
        <ele>1156.9</ele>
      </trkpt>
      <trkpt lat="47.577426" lon="12.221869">
        <ele>1157.0</ele>
      </trkpt>
      <trkpt lat="47.577413" lon="12.221908">
        <ele>1157.2</ele>
      </trkpt>
      <trkpt lat="47.577398" lon="12.221963">
        <ele>1157.3</ele>
      </trkpt>
      <trkpt lat="47.577386" lon="12.222023">
        <ele>1156.9</ele>
      </trkpt>
      <trkpt lat="47.577373" lon="12.222093">
        <ele>1156.5</ele>
      </trkpt>
      <trkpt lat="47.577362" lon="12.22214">
        <ele>1156.4</ele>
      </trkpt>
      <trkpt lat="47.57734" lon="12.222206">
        <ele>1156.2</ele>
      </trkpt>
      <trkpt lat="47.577324" lon="12.222264">
        <ele>1156.4</ele>
      </trkpt>
      <trkpt lat="47.577312" lon="12.222323">
        <ele>1156.5</ele>
      </trkpt>
      <trkpt lat="47.577306" lon="12.222379">
        <ele>1156.3</ele>
      </trkpt>
      <trkpt lat="47.57731" lon="12.222422">
        <ele>1156.6</ele>
      </trkpt>
      <trkpt lat="47.577319" lon="12.222471">
        <ele>1156.8</ele>
      </trkpt>
      <trkpt lat="47.57734" lon="12.222532">
        <ele>1156.5</ele>
      </trkpt>
      <trkpt lat="47.577362" lon="12.222602">
        <ele>1154.9</ele>
      </trkpt>
      <trkpt lat="47.577367" lon="12.222644">
        <ele>1154.3</ele>
      </trkpt>
      <trkpt lat="47.577369" lon="12.222683">
        <ele>1154.1</ele>
      </trkpt>
      <trkpt lat="47.577363" lon="12.22274">
        <ele>1153.8</ele>
      </trkpt>
      <trkpt lat="47.577356" lon="12.222805">
        <ele>1153.8</ele>
      </trkpt>
      <trkpt lat="47.577347" lon="12.222853">
        <ele>1153.7</ele>
      </trkpt>
      <trkpt lat="47.577319" lon="12.222955">
        <ele>1151.9</ele>
      </trkpt>
      <trkpt lat="47.577285" lon="12.223023">
        <ele>1150.7</ele>
      </trkpt>
      <trkpt lat="47.577232" lon="12.223042">
        <ele>1149.7</ele>
      </trkpt>
      <trkpt lat="47.577103" lon="12.223026">
        <ele>1147.8</ele>
      </trkpt>
      <trkpt lat="47.576977" lon="12.223032">
        <ele>1147.2</ele>
      </trkpt>
      <trkpt lat="47.576674" lon="12.223167">
        <ele>1146.4</ele>
      </trkpt>
      <trkpt lat="47.576584" lon="12.22322">
        <ele>1146.6</ele>
      </trkpt>
      <trkpt lat="47.576547" lon="12.223313">
        <ele>1146.2</ele>
      </trkpt>
      <trkpt lat="47.576534" lon="12.223487">
        <ele>1145.8</ele>
      </trkpt>
      <trkpt lat="47.576506" lon="12.223665">
        <ele>1145.0</ele>
      </trkpt>
      <trkpt lat="47.576479" lon="12.223837">
        <ele>1144.7</ele>
      </trkpt>
      <trkpt lat="47.576451" lon="12.224004">
        <ele>1144.5</ele>
      </trkpt>
      <trkpt lat="47.576449" lon="12.22418">
        <ele>1145.0</ele>
      </trkpt>
      <trkpt lat="47.576481" lon="12.22437">
        <ele>1145.2</ele>
      </trkpt>
      <trkpt lat="47.576495" lon="12.224492">
        <ele>1144.8</ele>
      </trkpt>
      <trkpt lat="47.576487" lon="12.224588">
        <ele>1144.4</ele>
      </trkpt>
      <trkpt lat="47.576439" lon="12.2247">
        <ele>1144.3</ele>
      </trkpt>
      <trkpt lat="47.576411" lon="12.224813">
        <ele>1145.0</ele>
      </trkpt>
      <trkpt lat="47.576409" lon="12.224955">
        <ele>1145.3</ele>
      </trkpt>
      <trkpt lat="47.576409" lon="12.2251">
        <ele>1145.7</ele>
      </trkpt>
      <trkpt lat="47.576416" lon="12.225255">
        <ele>1145.7</ele>
      </trkpt>
      <trkpt lat="47.576417" lon="12.225405">
        <ele>1145.1</ele>
      </trkpt>
      <trkpt lat="47.576384" lon="12.225471">
        <ele>1145.1</ele>
      </trkpt>
      <trkpt lat="47.576333" lon="12.22556">
        <ele>1145.8</ele>
      </trkpt>
      <trkpt lat="47.57626" lon="12.225748">
        <ele>1145.6</ele>
      </trkpt>
      <trkpt lat="47.576179" lon="12.225941">
        <ele>1145.4</ele>
      </trkpt>
      <trkpt lat="47.576132" lon="12.226098">
        <ele>1144.9</ele>
      </trkpt>
      <trkpt lat="47.576114" lon="12.226261">
        <ele>1144.2</ele>
      </trkpt>
      <trkpt lat="47.576107" lon="12.226463">
        <ele>1143.8</ele>
      </trkpt>
      <trkpt lat="47.576132" lon="12.226616">
        <ele>1143.0</ele>
      </trkpt>
      <trkpt lat="47.576171" lon="12.226788">
        <ele>1142.4</ele>
      </trkpt>
      <trkpt lat="47.576223" lon="12.226926">
        <ele>1142.1</ele>
      </trkpt>
      <trkpt lat="47.576301" lon="12.227032">
        <ele>1141.9</ele>
      </trkpt>
      <trkpt lat="47.576503" lon="12.22726">
        <ele>1138.8</ele>
      </trkpt>
      <trkpt lat="47.576518" lon="12.227322">
        <ele>1137.5</ele>
      </trkpt>
      <trkpt lat="47.576513" lon="12.227388">
        <ele>1137.1</ele>
      </trkpt>
      <trkpt lat="47.576476" lon="12.227493">
        <ele>1136.2</ele>
      </trkpt>
      <trkpt lat="47.576476" lon="12.227582">
        <ele>1136.6</ele>
      </trkpt>
      <trkpt lat="47.576503" lon="12.227796">
        <ele>1135.3</ele>
      </trkpt>
      <trkpt lat="47.576529" lon="12.227958">
        <ele>1134.3</ele>
      </trkpt>
      <trkpt lat="47.576563" lon="12.228113">
        <ele>1133.4</ele>
      </trkpt>
      <trkpt lat="47.576558" lon="12.228177">
        <ele>1132.5</ele>
      </trkpt>
      <trkpt lat="47.576521" lon="12.228238">
        <ele>1131.9</ele>
      </trkpt>
      <trkpt lat="47.576439" lon="12.228249">
        <ele>1133.0</ele>
      </trkpt>
      <trkpt lat="47.576414" lon="12.228237">
        <ele>1133.2</ele>
      </trkpt>
      <trkpt lat="47.576293" lon="12.228159">
        <ele>1135.0</ele>
      </trkpt>
      <trkpt lat="47.576007" lon="12.227917">
        <ele>1138.8</ele>
      </trkpt>
      <trkpt lat="47.57595" lon="12.227899">
        <ele>1139.9</ele>
      </trkpt>
      <trkpt lat="47.575898" lon="12.227904">
        <ele>1140.3</ele>
      </trkpt>
      <trkpt lat="47.575858" lon="12.227916">
        <ele>1140.2</ele>
      </trkpt>
      <trkpt lat="47.5758" lon="12.227973">
        <ele>1140.1</ele>
      </trkpt>
      <trkpt lat="47.575742" lon="12.228032">
        <ele>1140.1</ele>
      </trkpt>
      <trkpt lat="47.575647" lon="12.228098">
        <ele>1140.4</ele>
      </trkpt>
      <trkpt lat="47.575437" lon="12.228234">
        <ele>1141.3</ele>
      </trkpt>
      <trkpt lat="47.575208" lon="12.228411">
        <ele>1142.4</ele>
      </trkpt>
      <trkpt lat="47.575002" lon="12.228605">
        <ele>1142.6</ele>
      </trkpt>
      <trkpt lat="47.574943" lon="12.228634">
        <ele>1142.2</ele>
      </trkpt>
      <trkpt lat="47.574835" lon="12.228732">
        <ele>1142.2</ele>
      </trkpt>
      <trkpt lat="47.574649" lon="12.228882">
        <ele>1142.5</ele>
      </trkpt>
      <trkpt lat="47.57452" lon="12.228962">
        <ele>1142.8</ele>
      </trkpt>
      <trkpt lat="47.574442" lon="12.229002">
        <ele>1142.4</ele>
      </trkpt>
      <trkpt lat="47.574358" lon="12.229091">
        <ele>1142.1</ele>
      </trkpt>
      <trkpt lat="47.57423" lon="12.229302">
        <ele>1140.0</ele>
      </trkpt>
      <trkpt lat="47.574148" lon="12.229402">
        <ele>1138.4</ele>
      </trkpt>
      <trkpt lat="47.574043" lon="12.229516">
        <ele>1136.4</ele>
      </trkpt>
      <trkpt lat="47.573968" lon="12.229687">
        <ele>1135.5</ele>
      </trkpt>
      <trkpt lat="47.573881" lon="12.229838">
        <ele>1134.3</ele>
      </trkpt>
      <trkpt lat="47.573805" lon="12.229968">
        <ele>1132.6</ele>
      </trkpt>
      <trkpt lat="47.573715" lon="12.230085">
        <ele>1132.3</ele>
      </trkpt>
      <trkpt lat="47.573685" lon="12.230123">
        <ele>1132.3</ele>
      </trkpt>
      <trkpt lat="47.573658" lon="12.230125">
        <ele>1131.8</ele>
      </trkpt>
      <trkpt lat="47.573624" lon="12.230118">
        <ele>1131.4</ele>
      </trkpt>
      <trkpt lat="47.573621" lon="12.230117">
        <ele>1131.3</ele>
      </trkpt>
      <trkpt lat="47.573534" lon="12.230075">
        <ele>1133.0</ele>
      </trkpt>
      <trkpt lat="47.573519" lon="12.23008">
        <ele>1133.8</ele>
      </trkpt>
      <trkpt lat="47.573469" lon="12.23013">
        <ele>1136.0</ele>
      </trkpt>
      <trkpt lat="47.573435" lon="12.230146">
        <ele>1137.8</ele>
      </trkpt>
      <trkpt lat="47.573399" lon="12.230135">
        <ele>1140.2</ele>
      </trkpt>
      <trkpt lat="47.57338" lon="12.230095">
        <ele>1141.9</ele>
      </trkpt>
      <trkpt lat="47.573377" lon="12.230032">
        <ele>1143.3</ele>
      </trkpt>
      <trkpt lat="47.573394" lon="12.229921">
        <ele>1145.2</ele>
      </trkpt>
      <trkpt lat="47.573426" lon="12.229771">
        <ele>1146.3</ele>
      </trkpt>
      <trkpt lat="47.57344" lon="12.229655">
        <ele>1147.4</ele>
      </trkpt>
      <trkpt lat="47.57345" lon="12.229486">
        <ele>1149.3</ele>
      </trkpt>
      <trkpt lat="47.573431" lon="12.229406">
        <ele>1151.1</ele>
      </trkpt>
      <trkpt lat="47.573406" lon="12.229336">
        <ele>1152.2</ele>
      </trkpt>
      <trkpt lat="47.573387" lon="12.22932">
        <ele>1152.8</ele>
      </trkpt>
      <trkpt lat="47.573353" lon="12.229335">
        <ele>1153.8</ele>
      </trkpt>
      <trkpt lat="47.573284" lon="12.229381">
        <ele>1155.7</ele>
      </trkpt>
      <trkpt lat="47.573204" lon="12.229411">
        <ele>1157.0</ele>
      </trkpt>
      <trkpt lat="47.573138" lon="12.22943">
        <ele>1157.6</ele>
      </trkpt>
      <trkpt lat="47.573101" lon="12.229449">
        <ele>1158.4</ele>
      </trkpt>
      <trkpt lat="47.573059" lon="12.229508">
        <ele>1160.1</ele>
      </trkpt>
      <trkpt lat="47.573012" lon="12.229578">
        <ele>1161.8</ele>
      </trkpt>
      <trkpt lat="47.572965" lon="12.229648">
        <ele>1163.5</ele>
      </trkpt>
      <trkpt lat="47.57294" lon="12.229672">
        <ele>1164.1</ele>
      </trkpt>
      <trkpt lat="47.572918" lon="12.229675">
        <ele>1164.5</ele>
      </trkpt>
      <trkpt lat="47.572877" lon="12.229696">
        <ele>1165.4</ele>
      </trkpt>
      <trkpt lat="47.572841" lon="12.229704">
        <ele>1166.2</ele>
      </trkpt>
      <trkpt lat="47.572766" lon="12.229706">
        <ele>1168.0</ele>
      </trkpt>
      <trkpt lat="47.572716" lon="12.229711">
        <ele>1169.2</ele>
      </trkpt>
      <trkpt lat="47.572675" lon="12.229709">
        <ele>1170.1</ele>
      </trkpt>
      <trkpt lat="47.572631" lon="12.229711">
        <ele>1171.2</ele>
      </trkpt>
      <trkpt lat="47.572602" lon="12.229704">
        <ele>1171.8</ele>
      </trkpt>
      <trkpt lat="47.572582" lon="12.2297">
        <ele>1172.3</ele>
      </trkpt>
      <trkpt lat="47.572544" lon="12.229704">
        <ele>1173.4</ele>
      </trkpt>
      <trkpt lat="47.572506" lon="12.229707">
        <ele>1174.5</ele>
      </trkpt>
      <trkpt lat="47.572488" lon="12.229703">
        <ele>1175.1</ele>
      </trkpt>
      <trkpt lat="47.572465" lon="12.229671">
        <ele>1175.6</ele>
      </trkpt>
      <trkpt lat="47.572444" lon="12.229653">
        <ele>1176.2</ele>
      </trkpt>
      <trkpt lat="47.572422" lon="12.22965">
        <ele>1176.8</ele>
      </trkpt>
      <trkpt lat="47.572398" lon="12.229657">
        <ele>1177.7</ele>
      </trkpt>
      <trkpt lat="47.572358" lon="12.229655">
        <ele>1179.0</ele>
      </trkpt>
      <trkpt lat="47.57231" lon="12.229639">
        <ele>1180.5</ele>
      </trkpt>
      <trkpt lat="47.572277" lon="12.229631">
        <ele>1181.5</ele>
      </trkpt>
      <trkpt lat="47.572249" lon="12.229616">
        <ele>1182.3</ele>
      </trkpt>
      <trkpt lat="47.572201" lon="12.229609">
        <ele>1183.8</ele>
      </trkpt>
      <trkpt lat="47.572154" lon="12.229612">
        <ele>1185.2</ele>
      </trkpt>
      <trkpt lat="47.572125" lon="12.229591">
        <ele>1185.9</ele>
      </trkpt>
      <trkpt lat="47.572101" lon="12.229587">
        <ele>1186.5</ele>
      </trkpt>
      <trkpt lat="47.57207" lon="12.229581">
        <ele>1187.4</ele>
      </trkpt>
      <trkpt lat="47.572029" lon="12.229553">
        <ele>1188.3</ele>
      </trkpt>
      <trkpt lat="47.572" lon="12.229545">
        <ele>1189.0</ele>
      </trkpt>
      <trkpt lat="47.571964" lon="12.229542">
        <ele>1189.9</ele>
      </trkpt>
      <trkpt lat="47.57193" lon="12.229552">
        <ele>1190.7</ele>
      </trkpt>
      <trkpt lat="47.571785" lon="12.229497">
        <ele>1194.1</ele>
      </trkpt>
      <trkpt lat="47.571596" lon="12.229433">
        <ele>1198.7</ele>
      </trkpt>
      <trkpt lat="47.571495" lon="12.229405">
        <ele>1200.7</ele>
      </trkpt>
      <trkpt lat="47.571322" lon="12.229324">
        <ele>1204.3</ele>
      </trkpt>
      <trkpt lat="47.571176" lon="12.229209">
        <ele>1207.4</ele>
      </trkpt>
      <trkpt lat="47.571091" lon="12.229192">
        <ele>1209.6</ele>
      </trkpt>
      <trkpt lat="47.571023" lon="12.229196">
        <ele>1211.3</ele>
      </trkpt>
      <trkpt lat="47.570943" lon="12.229212">
        <ele>1213.0</ele>
      </trkpt>
      <trkpt lat="47.570877" lon="12.229244">
        <ele>1214.2</ele>
      </trkpt>
      <trkpt lat="47.57077" lon="12.229291">
        <ele>1216.2</ele>
      </trkpt>
      <trkpt lat="47.570701" lon="12.229321">
        <ele>1217.3</ele>
      </trkpt>
      <trkpt lat="47.570553" lon="12.229385">
        <ele>1219.4</ele>
      </trkpt>
      <trkpt lat="47.570504" lon="12.2294">
        <ele>1220.1</ele>
      </trkpt>
      <trkpt lat="47.570453" lon="12.229401">
        <ele>1221.0</ele>
      </trkpt>
      <trkpt lat="47.570343" lon="12.229406">
        <ele>1222.9</ele>
      </trkpt>
      <trkpt lat="47.570289" lon="12.229416">
        <ele>1223.8</ele>
      </trkpt>
      <trkpt lat="47.570223" lon="12.229429">
        <ele>1225.0</ele>
      </trkpt>
      <trkpt lat="47.570191" lon="12.229456">
        <ele>1226.2</ele>
      </trkpt>
      <trkpt lat="47.570144" lon="12.229495">
        <ele>1228.0</ele>
      </trkpt>
      <trkpt lat="47.570079" lon="12.229519">
        <ele>1229.7</ele>
      </trkpt>
      <trkpt lat="47.570044" lon="12.229551">
        <ele>1231.0</ele>
      </trkpt>
      <trkpt lat="47.56983" lon="12.229503">
        <ele>1231.7</ele>
      </trkpt>
      <trkpt lat="47.569578" lon="12.229531">
        <ele>1234.1</ele>
      </trkpt>
      <trkpt lat="47.569384" lon="12.229653">
        <ele>1237.1</ele>
      </trkpt>
      <trkpt lat="47.569094" lon="12.229793">
        <ele>1240.0</ele>
      </trkpt>
      <trkpt lat="47.568964" lon="12.229877">
        <ele>1242.2</ele>
      </trkpt>
      <trkpt lat="47.56876" lon="12.229911">
        <ele>1245.4</ele>
      </trkpt>
      <trkpt lat="47.56843" lon="12.229918">
        <ele>1249.6</ele>
      </trkpt>
      <trkpt lat="47.568173" lon="12.229968">
        <ele>1253.7</ele>
      </trkpt>
      <trkpt lat="47.567984" lon="12.23006">
        <ele>1256.5</ele>
      </trkpt>
      <trkpt lat="47.567775" lon="12.230146">
        <ele>1259.9</ele>
      </trkpt>
      <trkpt lat="47.567595" lon="12.230142">
        <ele>1262.1</ele>
      </trkpt>
      <trkpt lat="47.567411" lon="12.230146">
        <ele>1265.6</ele>
      </trkpt>
      <trkpt lat="47.56729" lon="12.230171">
        <ele>1268.2</ele>
      </trkpt>
      <trkpt lat="47.567232" lon="12.230239">
        <ele>1268.7</ele>
      </trkpt>
      <trkpt lat="47.567155" lon="12.230359">
        <ele>1270.9</ele>
      </trkpt>
      <trkpt lat="47.567039" lon="12.230405">
        <ele>1272.6</ele>
      </trkpt>
      <trkpt lat="47.566869" lon="12.230439">
        <ele>1275.1</ele>
      </trkpt>
      <trkpt lat="47.566718" lon="12.230442">
        <ele>1277.6</ele>
      </trkpt>
      <trkpt lat="47.566638" lon="12.230473">
        <ele>1278.8</ele>
      </trkpt>
      <trkpt lat="47.566542" lon="12.230581">
        <ele>1281.1</ele>
      </trkpt>
      <trkpt lat="47.566376" lon="12.230804">
        <ele>1284.6</ele>
      </trkpt>
      <trkpt lat="47.566186" lon="12.23101">
        <ele>1288.0</ele>
      </trkpt>
      <trkpt lat="47.566099" lon="12.231109">
        <ele>1289.7</ele>
      </trkpt>
      <trkpt lat="47.565978" lon="12.231344">
        <ele>1290.1</ele>
      </trkpt>
      <trkpt lat="47.56594" lon="12.231416">
        <ele>1290.6</ele>
        <name>Kaindlhütte, Scheffau am Wilden Kaiser</name>
        <extensions>
          <oa:Extension>
            <oa:mapZoom>17</oa:mapZoom>
          </oa:Extension>
        </extensions>
      </trkpt>
      <trkpt lat="47.565917" lon="12.231459">
        <ele>1290.9</ele>
      </trkpt>
      <trkpt lat="47.565845" lon="12.231518">
        <ele>1291.4</ele>
      </trkpt>
      <trkpt lat="47.565747" lon="12.231513">
        <ele>1291.0</ele>
      </trkpt>
      <trkpt lat="47.565616" lon="12.231486">
        <ele>1291.4</ele>
      </trkpt>
      <trkpt lat="47.565538" lon="12.231488">
        <ele>1292.1</ele>
      </trkpt>
      <trkpt lat="47.56548" lon="12.231534">
        <ele>1292.8</ele>
      </trkpt>
      <trkpt lat="47.565325" lon="12.23162">
        <ele>1293.4</ele>
      </trkpt>
      <trkpt lat="47.565161" lon="12.231715">
        <ele>1295.7</ele>
      </trkpt>
      <trkpt lat="47.565017" lon="12.231778">
        <ele>1297.7</ele>
      </trkpt>
      <trkpt lat="47.564987" lon="12.231781">
        <ele>1297.9</ele>
      </trkpt>
      <trkpt lat="47.564955" lon="12.231766">
        <ele>1297.9</ele>
      </trkpt>
      <trkpt lat="47.564947" lon="12.231801">
        <ele>1298.3</ele>
      </trkpt>
      <trkpt lat="47.564929" lon="12.231832">
        <ele>1298.8</ele>
      </trkpt>
      <trkpt lat="47.564912" lon="12.231868">
        <ele>1299.4</ele>
      </trkpt>
      <trkpt lat="47.564898" lon="12.231931">
        <ele>1300.5</ele>
      </trkpt>
      <trkpt lat="47.564887" lon="12.23198">
        <ele>1301.2</ele>
      </trkpt>
      <trkpt lat="47.564872" lon="12.232025">
        <ele>1302.0</ele>
      </trkpt>
      <trkpt lat="47.564827" lon="12.23207">
        <ele>1303.1</ele>
      </trkpt>
      <trkpt lat="47.564751" lon="12.232148">
        <ele>1304.8</ele>
      </trkpt>
      <trkpt lat="47.564673" lon="12.232282">
        <ele>1306.9</ele>
      </trkpt>
      <trkpt lat="47.564549" lon="12.232557">
        <ele>1310.9</ele>
      </trkpt>
      <trkpt lat="47.564494" lon="12.232689">
        <ele>1312.4</ele>
      </trkpt>
      <trkpt lat="47.564458" lon="12.232768">
        <ele>1313.5</ele>
      </trkpt>
      <trkpt lat="47.564394" lon="12.232796">
        <ele>1314.3</ele>
      </trkpt>
      <trkpt lat="47.564368" lon="12.2328">
        <ele>1314.5</ele>
      </trkpt>
      <trkpt lat="47.564314" lon="12.232846">
        <ele>1315.8</ele>
      </trkpt>
      <trkpt lat="47.564191" lon="12.2329">
        <ele>1317.9</ele>
      </trkpt>
      <trkpt lat="47.564123" lon="12.232966">
        <ele>1319.8</ele>
      </trkpt>
      <trkpt lat="47.564069" lon="12.233001">
        <ele>1321.0</ele>
      </trkpt>
      <trkpt lat="47.564026" lon="12.233">
        <ele>1321.6</ele>
      </trkpt>
      <trkpt lat="47.563992" lon="12.232982">
        <ele>1321.8</ele>
      </trkpt>
      <trkpt lat="47.563973" lon="12.232988">
        <ele>1322.2</ele>
      </trkpt>
      <trkpt lat="47.563934" lon="12.233083">
        <ele>1324.1</ele>
      </trkpt>
      <trkpt lat="47.563909" lon="12.233114">
        <ele>1325.0</ele>
      </trkpt>
      <trkpt lat="47.563855" lon="12.233121">
        <ele>1326.3</ele>
      </trkpt>
      <trkpt lat="47.56381" lon="12.233144">
        <ele>1327.7</ele>
      </trkpt>
      <trkpt lat="47.563809" lon="12.233149">
        <ele>1327.8</ele>
      </trkpt>
      <trkpt lat="47.563789" lon="12.233263">
        <ele>1330.0</ele>
      </trkpt>
      <trkpt lat="47.563756" lon="12.233384">
        <ele>1332.8</ele>
      </trkpt>
      <trkpt lat="47.563756" lon="12.233486">
        <ele>1334.6</ele>
      </trkpt>
      <trkpt lat="47.563761" lon="12.233559">
        <ele>1335.9</ele>
      </trkpt>
      <trkpt lat="47.563774" lon="12.233608">
        <ele>1336.5</ele>
      </trkpt>
      <trkpt lat="47.563801" lon="12.233684">
        <ele>1337.3</ele>
      </trkpt>
      <trkpt lat="47.563823" lon="12.233732">
        <ele>1337.7</ele>
      </trkpt>
      <trkpt lat="47.563832" lon="12.233779">
        <ele>1338.4</ele>
      </trkpt>
      <trkpt lat="47.563857" lon="12.233796">
        <ele>1338.4</ele>
      </trkpt>
      <trkpt lat="47.563863" lon="12.233823">
        <ele>1338.9</ele>
      </trkpt>
      <trkpt lat="47.563863" lon="12.233874">
        <ele>1339.9</ele>
      </trkpt>
      <trkpt lat="47.563866" lon="12.233966">
        <ele>1341.7</ele>
      </trkpt>
      <trkpt lat="47.56388" lon="12.233998">
        <ele>1342.1</ele>
      </trkpt>
      <trkpt lat="47.563905" lon="12.234029">
        <ele>1342.3</ele>
      </trkpt>
      <trkpt lat="47.563916" lon="12.234054">
        <ele>1342.6</ele>
      </trkpt>
      <trkpt lat="47.563932" lon="12.234071">
        <ele>1342.8</ele>
      </trkpt>
      <trkpt lat="47.563958" lon="12.234094">
        <ele>1343.0</ele>
      </trkpt>
      <trkpt lat="47.564009" lon="12.234153">
        <ele>1344.0</ele>
      </trkpt>
      <trkpt lat="47.564043" lon="12.234213">
        <ele>1344.8</ele>
      </trkpt>
      <trkpt lat="47.564073" lon="12.234237">
        <ele>1345.1</ele>
      </trkpt>
      <trkpt lat="47.564106" lon="12.234256">
        <ele>1345.5</ele>
      </trkpt>
      <trkpt lat="47.564158" lon="12.234358">
        <ele>1347.3</ele>
      </trkpt>
      <trkpt lat="47.564226" lon="12.23445">
        <ele>1348.6</ele>
      </trkpt>
      <trkpt lat="47.564242" lon="12.234518">
        <ele>1349.4</ele>
      </trkpt>
      <trkpt lat="47.564261" lon="12.234548">
        <ele>1349.8</ele>
      </trkpt>
      <trkpt lat="47.564276" lon="12.234555">
        <ele>1349.8</ele>
      </trkpt>
      <trkpt lat="47.564283" lon="12.234575">
        <ele>1350.0</ele>
      </trkpt>
      <trkpt lat="47.564279" lon="12.234603">
        <ele>1350.6</ele>
      </trkpt>
      <trkpt lat="47.564264" lon="12.234638">
        <ele>1351.4</ele>
      </trkpt>
      <trkpt lat="47.56422" lon="12.234676">
        <ele>1352.3</ele>
      </trkpt>
      <trkpt lat="47.564151" lon="12.23478">
        <ele>1354.6</ele>
      </trkpt>
      <trkpt lat="47.564089" lon="12.234881">
        <ele>1356.8</ele>
      </trkpt>
      <trkpt lat="47.564067" lon="12.234952">
        <ele>1358.8</ele>
      </trkpt>
      <trkpt lat="47.564032" lon="12.235027">
        <ele>1360.4</ele>
      </trkpt>
      <trkpt lat="47.564008" lon="12.235058">
        <ele>1360.9</ele>
      </trkpt>
      <trkpt lat="47.563927" lon="12.235129">
        <ele>1363.2</ele>
      </trkpt>
      <trkpt lat="47.56389" lon="12.23515">
        <ele>1364.2</ele>
      </trkpt>
      <trkpt lat="47.56388" lon="12.235168">
        <ele>1364.7</ele>
      </trkpt>
      <trkpt lat="47.563864" lon="12.235174">
        <ele>1365.2</ele>
      </trkpt>
      <trkpt lat="47.563845" lon="12.235176">
        <ele>1365.7</ele>
      </trkpt>
      <trkpt lat="47.563811" lon="12.235184">
        <ele>1366.6</ele>
      </trkpt>
      <trkpt lat="47.563794" lon="12.235238">
        <ele>1367.8</ele>
      </trkpt>
      <trkpt lat="47.563778" lon="12.235259">
        <ele>1368.6</ele>
      </trkpt>
      <trkpt lat="47.563763" lon="12.235324">
        <ele>1370.0</ele>
      </trkpt>
      <trkpt lat="47.563713" lon="12.235353">
        <ele>1371.5</ele>
      </trkpt>
      <trkpt lat="47.563691" lon="12.235419">
        <ele>1372.9</ele>
      </trkpt>
      <trkpt lat="47.563697" lon="12.235468">
        <ele>1373.8</ele>
      </trkpt>
      <trkpt lat="47.563682" lon="12.235527">
        <ele>1375.3</ele>
      </trkpt>
      <trkpt lat="47.56366" lon="12.235587">
        <ele>1376.9</ele>
      </trkpt>
      <trkpt lat="47.563619" lon="12.235649">
        <ele>1378.6</ele>
      </trkpt>
      <trkpt lat="47.563628" lon="12.235712">
        <ele>1379.9</ele>
      </trkpt>
      <trkpt lat="47.563594" lon="12.235753">
        <ele>1381.6</ele>
      </trkpt>
      <trkpt lat="47.563562" lon="12.235757">
        <ele>1382.2</ele>
      </trkpt>
      <trkpt lat="47.563522" lon="12.235795">
        <ele>1383.6</ele>
      </trkpt>
      <trkpt lat="47.563504" lon="12.235851">
        <ele>1385.2</ele>
      </trkpt>
      <trkpt lat="47.563488" lon="12.235902">
        <ele>1386.7</ele>
      </trkpt>
      <trkpt lat="47.563439" lon="12.235942">
        <ele>1388.3</ele>
      </trkpt>
      <trkpt lat="47.56338" lon="12.235945">
        <ele>1389.6</ele>
      </trkpt>
      <trkpt lat="47.563339" lon="12.235938">
        <ele>1390.6</ele>
      </trkpt>
      <trkpt lat="47.563327" lon="12.235961">
        <ele>1391.9</ele>
      </trkpt>
      <trkpt lat="47.563336" lon="12.236008">
        <ele>1393.3</ele>
      </trkpt>
      <trkpt lat="47.563386" lon="12.236118">
        <ele>1396.3</ele>
      </trkpt>
      <trkpt lat="47.563449" lon="12.236242">
        <ele>1400.5</ele>
      </trkpt>
      <trkpt lat="47.563512" lon="12.236337">
        <ele>1403.6</ele>
      </trkpt>
      <trkpt lat="47.563504" lon="12.236384">
        <ele>1405.3</ele>
      </trkpt>
      <trkpt lat="47.56353" lon="12.236409">
        <ele>1406.3</ele>
      </trkpt>
      <trkpt lat="47.563578" lon="12.236428">
        <ele>1406.6</ele>
      </trkpt>
      <trkpt lat="47.563626" lon="12.236504">
        <ele>1407.8</ele>
      </trkpt>
      <trkpt lat="47.563665" lon="12.236596">
        <ele>1409.0</ele>
      </trkpt>
      <trkpt lat="47.563685" lon="12.236642">
        <ele>1410.0</ele>
      </trkpt>
      <trkpt lat="47.56368" lon="12.236783">
        <ele>1415.0</ele>
      </trkpt>
      <trkpt lat="47.563711" lon="12.236821">
        <ele>1415.6</ele>
      </trkpt>
      <trkpt lat="47.563758" lon="12.236942">
        <ele>1418.4</ele>
      </trkpt>
      <trkpt lat="47.563783" lon="12.236979">
        <ele>1419.1</ele>
      </trkpt>
      <trkpt lat="47.563799" lon="12.237024">
        <ele>1420.5</ele>
      </trkpt>
      <trkpt lat="47.56383" lon="12.237055">
        <ele>1421.4</ele>
      </trkpt>
      <trkpt lat="47.563828" lon="12.237083">
        <ele>1422.6</ele>
      </trkpt>
      <trkpt lat="47.563808" lon="12.237094">
        <ele>1423.2</ele>
      </trkpt>
      <trkpt lat="47.563772" lon="12.237099">
        <ele>1423.8</ele>
      </trkpt>
      <trkpt lat="47.56376" lon="12.237148">
        <ele>1425.8</ele>
      </trkpt>
      <trkpt lat="47.563787" lon="12.237179">
        <ele>1426.8</ele>
      </trkpt>
      <trkpt lat="47.563802" lon="12.237188">
        <ele>1427.1</ele>
      </trkpt>
      <trkpt lat="47.563808" lon="12.237198">
        <ele>1427.5</ele>
      </trkpt>
      <trkpt lat="47.563807" lon="12.237208">
        <ele>1427.9</ele>
      </trkpt>
      <trkpt lat="47.563794" lon="12.237228">
        <ele>1428.7</ele>
      </trkpt>
      <trkpt lat="47.563786" lon="12.237244">
        <ele>1429.4</ele>
      </trkpt>
      <trkpt lat="47.563783" lon="12.237258">
        <ele>1430.0</ele>
      </trkpt>
      <trkpt lat="47.56379" lon="12.237271">
        <ele>1430.5</ele>
      </trkpt>
      <trkpt lat="47.563796" lon="12.237278">
        <ele>1430.8</ele>
      </trkpt>
      <trkpt lat="47.563796" lon="12.237282">
        <ele>1431.0</ele>
      </trkpt>
      <trkpt lat="47.563795" lon="12.237296">
        <ele>1431.6</ele>
      </trkpt>
      <trkpt lat="47.56377" lon="12.237309">
        <ele>1432.2</ele>
      </trkpt>
      <trkpt lat="47.563752" lon="12.237299">
        <ele>1432.1</ele>
      </trkpt>
      <trkpt lat="47.563722" lon="12.237306">
        <ele>1433.3</ele>
      </trkpt>
      <trkpt lat="47.563704" lon="12.237342">
        <ele>1435.5</ele>
      </trkpt>
      <trkpt lat="47.563692" lon="12.237372">
        <ele>1437.1</ele>
      </trkpt>
      <trkpt lat="47.563675" lon="12.237389">
        <ele>1438.3</ele>
      </trkpt>
      <trkpt lat="47.563656" lon="12.237365">
        <ele>1438.2</ele>
      </trkpt>
      <trkpt lat="47.563645" lon="12.237382">
        <ele>1439.2</ele>
      </trkpt>
      <trkpt lat="47.56363" lon="12.237386">
        <ele>1440.1</ele>
      </trkpt>
      <trkpt lat="47.56363" lon="12.237391">
        <ele>1440.3</ele>
      </trkpt>
      <trkpt lat="47.563617" lon="12.237396">
        <ele>1441.0</ele>
      </trkpt>
      <trkpt lat="47.563605" lon="12.237414">
        <ele>1442.1</ele>
      </trkpt>
      <trkpt lat="47.563594" lon="12.237413">
        <ele>1442.5</ele>
      </trkpt>
      <trkpt lat="47.56357" lon="12.237406">
        <ele>1443.1</ele>
      </trkpt>
      <trkpt lat="47.563542" lon="12.237395">
        <ele>1443.2</ele>
      </trkpt>
      <trkpt lat="47.563497" lon="12.237399">
        <ele>1443.7</ele>
      </trkpt>
      <trkpt lat="47.563451" lon="12.237425">
        <ele>1445.1</ele>
      </trkpt>
      <trkpt lat="47.563402" lon="12.237424">
        <ele>1445.8</ele>
      </trkpt>
      <trkpt lat="47.563376" lon="12.237402">
        <ele>1445.5</ele>
      </trkpt>
      <trkpt lat="47.563351" lon="12.237401">
        <ele>1446.0</ele>
      </trkpt>
      <trkpt lat="47.563336" lon="12.237411">
        <ele>1446.8</ele>
      </trkpt>
      <trkpt lat="47.56332" lon="12.23741">
        <ele>1447.2</ele>
      </trkpt>
      <trkpt lat="47.563308" lon="12.23741">
        <ele>1447.5</ele>
      </trkpt>
      <trkpt lat="47.563296" lon="12.237417">
        <ele>1448.0</ele>
      </trkpt>
      <trkpt lat="47.56329" lon="12.237436">
        <ele>1448.7</ele>
      </trkpt>
      <trkpt lat="47.563293" lon="12.237464">
        <ele>1449.5</ele>
      </trkpt>
      <trkpt lat="47.563289" lon="12.237472">
        <ele>1449.8</ele>
      </trkpt>
      <trkpt lat="47.56328" lon="12.237473">
        <ele>1450.0</ele>
      </trkpt>
      <trkpt lat="47.563264" lon="12.237464">
        <ele>1450.0</ele>
      </trkpt>
      <trkpt lat="47.563253" lon="12.237461">
        <ele>1450.2</ele>
      </trkpt>
      <trkpt lat="47.563246" lon="12.237472">
        <ele>1450.6</ele>
      </trkpt>
      <trkpt lat="47.563252" lon="12.23752">
        <ele>1451.7</ele>
      </trkpt>
      <trkpt lat="47.563281" lon="12.237557">
        <ele>1452.5</ele>
      </trkpt>
      <trkpt lat="47.563282" lon="12.23758">
        <ele>1453.2</ele>
      </trkpt>
      <trkpt lat="47.563272" lon="12.237592">
        <ele>1453.7</ele>
      </trkpt>
      <trkpt lat="47.56327" lon="12.237611">
        <ele>1454.3</ele>
      </trkpt>
      <trkpt lat="47.563282" lon="12.237627">
        <ele>1454.8</ele>
      </trkpt>
      <trkpt lat="47.563292" lon="12.237645">
        <ele>1455.4</ele>
      </trkpt>
      <trkpt lat="47.563293" lon="12.237658">
        <ele>1455.8</ele>
      </trkpt>
      <trkpt lat="47.563284" lon="12.237685">
        <ele>1456.8</ele>
      </trkpt>
      <trkpt lat="47.563276" lon="12.237712">
        <ele>1457.8</ele>
      </trkpt>
      <trkpt lat="47.563276" lon="12.237738">
        <ele>1458.7</ele>
      </trkpt>
      <trkpt lat="47.563299" lon="12.237776">
        <ele>1459.9</ele>
      </trkpt>
      <trkpt lat="47.563354" lon="12.23782">
        <ele>1461.2</ele>
      </trkpt>
      <trkpt lat="47.563483" lon="12.237953">
        <ele>1464.6</ele>
      </trkpt>
      <trkpt lat="47.563594" lon="12.238006">
        <ele>1466.3</ele>
      </trkpt>
      <trkpt lat="47.563656" lon="12.23801">
        <ele>1466.1</ele>
      </trkpt>
      <trkpt lat="47.563701" lon="12.238065">
        <ele>1467.6</ele>
      </trkpt>
      <trkpt lat="47.563768" lon="12.238148">
        <ele>1469.9</ele>
      </trkpt>
      <trkpt lat="47.563804" lon="12.238174">
        <ele>1471.1</ele>
      </trkpt>
      <trkpt lat="47.56386" lon="12.238192">
        <ele>1472.6</ele>
      </trkpt>
      <trkpt lat="47.563907" lon="12.238217">
        <ele>1474.9</ele>
      </trkpt>
      <trkpt lat="47.563992" lon="12.238225">
        <ele>1477.5</ele>
      </trkpt>
      <trkpt lat="47.564066" lon="12.238243">
        <ele>1479.8</ele>
      </trkpt>
      <trkpt lat="47.564105" lon="12.238265">
        <ele>1481.0</ele>
      </trkpt>
      <trkpt lat="47.564137" lon="12.238317">
        <ele>1482.5</ele>
      </trkpt>
      <trkpt lat="47.564128" lon="12.238335">
        <ele>1483.1</ele>
      </trkpt>
      <trkpt lat="47.564099" lon="12.238355">
        <ele>1484.0</ele>
      </trkpt>
      <trkpt lat="47.564078" lon="12.238426">
        <ele>1486.1</ele>
      </trkpt>
      <trkpt lat="47.564078" lon="12.238496">
        <ele>1487.7</ele>
      </trkpt>
      <trkpt lat="47.564058" lon="12.238526">
        <ele>1488.8</ele>
      </trkpt>
      <trkpt lat="47.564036" lon="12.238532">
        <ele>1489.4</ele>
      </trkpt>
      <trkpt lat="47.564011" lon="12.238569">
        <ele>1490.7</ele>
      </trkpt>
      <trkpt lat="47.563997" lon="12.238618">
        <ele>1492.3</ele>
      </trkpt>
      <trkpt lat="47.563969" lon="12.238625">
        <ele>1492.9</ele>
      </trkpt>
      <trkpt lat="47.563984" lon="12.238676">
        <ele>1494.1</ele>
      </trkpt>
      <trkpt lat="47.564016" lon="12.238714">
        <ele>1494.3</ele>
      </trkpt>
      <trkpt lat="47.564026" lon="12.238783">
        <ele>1496.2</ele>
      </trkpt>
      <trkpt lat="47.564056" lon="12.238859">
        <ele>1497.9</ele>
      </trkpt>
      <trkpt lat="47.564071" lon="12.238919">
        <ele>1499.8</ele>
      </trkpt>
      <trkpt lat="47.564077" lon="12.238975">
        <ele>1501.8</ele>
      </trkpt>
      <trkpt lat="47.56411" lon="12.239024">
        <ele>1502.7</ele>
      </trkpt>
      <trkpt lat="47.564094" lon="12.23904">
        <ele>1503.8</ele>
      </trkpt>
      <trkpt lat="47.564113" lon="12.239077">
        <ele>1504.7</ele>
      </trkpt>
      <trkpt lat="47.564117" lon="12.239101">
        <ele>1505.6</ele>
      </trkpt>
      <trkpt lat="47.564112" lon="12.239137">
        <ele>1507.2</ele>
      </trkpt>
      <trkpt lat="47.564116" lon="12.239145">
        <ele>1507.4</ele>
      </trkpt>
      <trkpt lat="47.564127" lon="12.239151">
        <ele>1507.4</ele>
      </trkpt>
      <trkpt lat="47.564166" lon="12.239214">
        <ele>1509.0</ele>
      </trkpt>
      <trkpt lat="47.564176" lon="12.239239">
        <ele>1509.8</ele>
      </trkpt>
      <trkpt lat="47.564163" lon="12.239278">
        <ele>1511.8</ele>
      </trkpt>
      <trkpt lat="47.564181" lon="12.239312">
        <ele>1512.8</ele>
      </trkpt>
      <trkpt lat="47.564218" lon="12.239368">
        <ele>1513.9</ele>
      </trkpt>
      <trkpt lat="47.564216" lon="12.239385">
        <ele>1514.5</ele>
      </trkpt>
      <trkpt lat="47.564183" lon="12.239392">
        <ele>1515.6</ele>
      </trkpt>
      <trkpt lat="47.564168" lon="12.23944">
        <ele>1517.1</ele>
      </trkpt>
      <trkpt lat="47.564136" lon="12.239426">
        <ele>1517.5</ele>
      </trkpt>
      <trkpt lat="47.564082" lon="12.239438">
        <ele>1518.7</ele>
      </trkpt>
      <trkpt lat="47.564012" lon="12.239457">
        <ele>1520.5</ele>
      </trkpt>
      <trkpt lat="47.563959" lon="12.239489">
        <ele>1521.9</ele>
      </trkpt>
      <trkpt lat="47.563911" lon="12.239577">
        <ele>1521.8</ele>
      </trkpt>
      <trkpt lat="47.563897" lon="12.239611">
        <ele>1521.5</ele>
      </trkpt>
      <trkpt lat="47.563876" lon="12.239654">
        <ele>1521.6</ele>
      </trkpt>
      <trkpt lat="47.563858" lon="12.239669">
        <ele>1522.1</ele>
      </trkpt>
      <trkpt lat="47.563842" lon="12.239705">
        <ele>1522.8</ele>
      </trkpt>
      <trkpt lat="47.563825" lon="12.239761">
        <ele>1524.1</ele>
      </trkpt>
      <trkpt lat="47.563794" lon="12.239829">
        <ele>1525.8</ele>
      </trkpt>
      <trkpt lat="47.563762" lon="12.239889">
        <ele>1526.7</ele>
      </trkpt>
      <trkpt lat="47.563762" lon="12.239937">
        <ele>1527.3</ele>
      </trkpt>
      <trkpt lat="47.563748" lon="12.239971">
        <ele>1528.3</ele>
      </trkpt>
      <trkpt lat="47.563724" lon="12.239992">
        <ele>1529.2</ele>
      </trkpt>
      <trkpt lat="47.563722" lon="12.240036">
        <ele>1530.3</ele>
      </trkpt>
      <trkpt lat="47.563706" lon="12.240052">
        <ele>1530.9</ele>
      </trkpt>
      <trkpt lat="47.563677" lon="12.240131">
        <ele>1533.3</ele>
      </trkpt>
      <trkpt lat="47.563738" lon="12.240216">
        <ele>1536.0</ele>
      </trkpt>
      <trkpt lat="47.563719" lon="12.240283">
        <ele>1537.9</ele>
      </trkpt>
      <trkpt lat="47.5637" lon="12.240341">
        <ele>1539.6</ele>
      </trkpt>
      <trkpt lat="47.563653" lon="12.240392">
        <ele>1541.2</ele>
      </trkpt>
      <trkpt lat="47.563638" lon="12.240416">
        <ele>1542.3</ele>
      </trkpt>
      <trkpt lat="47.563617" lon="12.240432">
        <ele>1543.1</ele>
      </trkpt>
      <trkpt lat="47.563594" lon="12.240443">
        <ele>1543.9</ele>
      </trkpt>
      <trkpt lat="47.56357" lon="12.240445">
        <ele>1544.5</ele>
      </trkpt>
      <trkpt lat="47.563524" lon="12.240462">
        <ele>1546.6</ele>
      </trkpt>
      <trkpt lat="47.563425" lon="12.240482">
        <ele>1550.4</ele>
      </trkpt>
      <trkpt lat="47.563409" lon="12.240478">
        <ele>1550.8</ele>
        <name>Kaisergebirge, Scheffau am Wilden Kaiser</name>
        <extensions>
          <oa:Extension>
            <oa:mapZoom>17</oa:mapZoom>
          </oa:Extension>
        </extensions>
      </trkpt>
      <trkpt lat="47.563352" lon="12.240466">
        <ele>1552.5</ele>
      </trkpt>
      <trkpt lat="47.563324" lon="12.240447">
        <ele>1553.6</ele>
      </trkpt>
      <trkpt lat="47.56331" lon="12.240416">
        <ele>1553.9</ele>
      </trkpt>
      <trkpt lat="47.563295" lon="12.240327">
        <ele>1553.9</ele>
      </trkpt>
      <trkpt lat="47.563272" lon="12.240315">
        <ele>1555.4</ele>
      </trkpt>
      <trkpt lat="47.563249" lon="12.240293">
        <ele>1556.7</ele>
      </trkpt>
      <trkpt lat="47.563239" lon="12.240272">
        <ele>1557.2</ele>
      </trkpt>
      <trkpt lat="47.563231" lon="12.240279">
        <ele>1558.0</ele>
      </trkpt>
      <trkpt lat="47.563218" lon="12.240343">
        <ele>1560.1</ele>
      </trkpt>
      <trkpt lat="47.563209" lon="12.240315">
        <ele>1560.2</ele>
      </trkpt>
      <trkpt lat="47.563198" lon="12.240296">
        <ele>1560.7</ele>
      </trkpt>
      <trkpt lat="47.563186" lon="12.240326">
        <ele>1562.1</ele>
      </trkpt>
      <trkpt lat="47.563178" lon="12.240329">
        <ele>1562.9</ele>
      </trkpt>
      <trkpt lat="47.563165" lon="12.240321">
        <ele>1563.6</ele>
      </trkpt>
      <trkpt lat="47.563161" lon="12.240309">
        <ele>1563.7</ele>
      </trkpt>
      <trkpt lat="47.563161" lon="12.24027">
        <ele>1563.2</ele>
      </trkpt>
      <trkpt lat="47.563148" lon="12.240255">
        <ele>1564.0</ele>
      </trkpt>
      <trkpt lat="47.563142" lon="12.240262">
        <ele>1564.5</ele>
      </trkpt>
      <trkpt lat="47.563134" lon="12.240287">
        <ele>1565.4</ele>
      </trkpt>
      <trkpt lat="47.563116" lon="12.240307">
        <ele>1567.2</ele>
      </trkpt>
      <trkpt lat="47.563109" lon="12.240313">
        <ele>1567.9</ele>
      </trkpt>
      <trkpt lat="47.563109" lon="12.240341">
        <ele>1568.4</ele>
      </trkpt>
      <trkpt lat="47.563105" lon="12.240356">
        <ele>1569.0</ele>
      </trkpt>
      <trkpt lat="47.563095" lon="12.240363">
        <ele>1569.9</ele>
      </trkpt>
      <trkpt lat="47.563086" lon="12.240368">
        <ele>1570.7</ele>
      </trkpt>
      <trkpt lat="47.563081" lon="12.240352">
        <ele>1570.7</ele>
      </trkpt>
      <trkpt lat="47.563075" lon="12.240339">
        <ele>1571.0</ele>
      </trkpt>
      <trkpt lat="47.563058" lon="12.240321">
        <ele>1571.8</ele>
      </trkpt>
      <trkpt lat="47.563042" lon="12.240293">
        <ele>1572.5</ele>
      </trkpt>
      <trkpt lat="47.563037" lon="12.240286">
        <ele>1572.7</ele>
      </trkpt>
      <trkpt lat="47.563032" lon="12.24028">
        <ele>1573.0</ele>
      </trkpt>
      <trkpt lat="47.563025" lon="12.240284">
        <ele>1573.5</ele>
      </trkpt>
      <trkpt lat="47.563026" lon="12.240298">
        <ele>1573.7</ele>
      </trkpt>
      <trkpt lat="47.563025" lon="12.240318">
        <ele>1574.2</ele>
      </trkpt>
      <trkpt lat="47.56302" lon="12.240346">
        <ele>1575.2</ele>
      </trkpt>
      <trkpt lat="47.563018" lon="12.240367">
        <ele>1575.7</ele>
      </trkpt>
      <trkpt lat="47.563012" lon="12.240374">
        <ele>1576.4</ele>
      </trkpt>
      <trkpt lat="47.563004" lon="12.24037">
        <ele>1576.9</ele>
      </trkpt>
      <trkpt lat="47.562992" lon="12.240349">
        <ele>1577.3</ele>
      </trkpt>
      <trkpt lat="47.562982" lon="12.240321">
        <ele>1577.3</ele>
      </trkpt>
      <trkpt lat="47.562975" lon="12.240309">
        <ele>1577.4</ele>
      </trkpt>
      <trkpt lat="47.562967" lon="12.240307">
        <ele>1577.9</ele>
      </trkpt>
      <trkpt lat="47.562958" lon="12.240334">
        <ele>1579.2</ele>
      </trkpt>
      <trkpt lat="47.562943" lon="12.240346">
        <ele>1580.5</ele>
      </trkpt>
      <trkpt lat="47.562931" lon="12.240333">
        <ele>1580.9</ele>
      </trkpt>
      <trkpt lat="47.562904" lon="12.240272">
        <ele>1580.8</ele>
      </trkpt>
      <trkpt lat="47.562893" lon="12.240266">
        <ele>1581.3</ele>
      </trkpt>
      <trkpt lat="47.562879" lon="12.240276">
        <ele>1582.3</ele>
      </trkpt>
      <trkpt lat="47.562876" lon="12.240293">
        <ele>1582.9</ele>
      </trkpt>
      <trkpt lat="47.562884" lon="12.240315">
        <ele>1583.0</ele>
      </trkpt>
      <trkpt lat="47.56288" lon="12.240326">
        <ele>1583.5</ele>
      </trkpt>
      <trkpt lat="47.562874" lon="12.240326">
        <ele>1583.8</ele>
      </trkpt>
      <trkpt lat="47.562853" lon="12.240334">
        <ele>1585.1</ele>
      </trkpt>
      <trkpt lat="47.562844" lon="12.240346">
        <ele>1585.8</ele>
      </trkpt>
      <trkpt lat="47.562826" lon="12.240379">
        <ele>1587.2</ele>
      </trkpt>
      <trkpt lat="47.5628" lon="12.240389">
        <ele>1588.0</ele>
      </trkpt>
      <trkpt lat="47.562718" lon="12.24039">
        <ele>1588.8</ele>
      </trkpt>
      <trkpt lat="47.562672" lon="12.240393">
        <ele>1588.4</ele>
      </trkpt>
      <trkpt lat="47.562633" lon="12.240381">
        <ele>1588.0</ele>
      </trkpt>
      <trkpt lat="47.562604" lon="12.240365">
        <ele>1588.1</ele>
      </trkpt>
      <trkpt lat="47.562591" lon="12.24036">
        <ele>1588.1</ele>
      </trkpt>
      <trkpt lat="47.562564" lon="12.240361">
        <ele>1587.6</ele>
      </trkpt>
      <trkpt lat="47.56254" lon="12.240347">
        <ele>1587.7</ele>
      </trkpt>
      <trkpt lat="47.562496" lon="12.240321">
        <ele>1588.4</ele>
      </trkpt>
      <trkpt lat="47.562454" lon="12.240308">
        <ele>1589.0</ele>
      </trkpt>
      <trkpt lat="47.562379" lon="12.2403">
        <ele>1589.0</ele>
      </trkpt>
      <trkpt lat="47.562319" lon="12.240292">
        <ele>1589.0</ele>
      </trkpt>
      <trkpt lat="47.562303" lon="12.240287">
        <ele>1589.3</ele>
      </trkpt>
      <trkpt lat="47.562294" lon="12.240274">
        <ele>1589.9</ele>
      </trkpt>
      <trkpt lat="47.562287" lon="12.240262">
        <ele>1590.6</ele>
      </trkpt>
      <trkpt lat="47.562281" lon="12.240263">
        <ele>1590.5</ele>
      </trkpt>
      <trkpt lat="47.562274" lon="12.240269">
        <ele>1590.2</ele>
      </trkpt>
      <trkpt lat="47.562263" lon="12.240269">
        <ele>1590.2</ele>
      </trkpt>
      <trkpt lat="47.562259" lon="12.240259">
        <ele>1590.7</ele>
      </trkpt>
      <trkpt lat="47.562254" lon="12.240243">
        <ele>1591.6</ele>
      </trkpt>
      <trkpt lat="47.562238" lon="12.240232">
        <ele>1592.3</ele>
      </trkpt>
      <trkpt lat="47.562202" lon="12.240229">
        <ele>1593.0</ele>
      </trkpt>
      <trkpt lat="47.562158" lon="12.240225">
        <ele>1594.1</ele>
      </trkpt>
      <trkpt lat="47.562118" lon="12.240214">
        <ele>1595.7</ele>
      </trkpt>
      <trkpt lat="47.562084" lon="12.240219">
        <ele>1596.1</ele>
      </trkpt>
      <trkpt lat="47.562046" lon="12.240221">
        <ele>1596.3</ele>
      </trkpt>
      <trkpt lat="47.561985" lon="12.240179">
        <ele>1598.4</ele>
      </trkpt>
      <trkpt lat="47.561956" lon="12.240164">
        <ele>1598.6</ele>
      </trkpt>
      <trkpt lat="47.561928" lon="12.240154">
        <ele>1598.5</ele>
      </trkpt>
      <trkpt lat="47.561897" lon="12.24012">
        <ele>1599.6</ele>
      </trkpt>
      <trkpt lat="47.561862" lon="12.240104">
        <ele>1600.2</ele>
      </trkpt>
      <trkpt lat="47.561819" lon="12.2401">
        <ele>1600.5</ele>
      </trkpt>
      <trkpt lat="47.561763" lon="12.240114">
        <ele>1600.7</ele>
      </trkpt>
      <trkpt lat="47.561738" lon="12.240118">
        <ele>1601.1</ele>
      </trkpt>
      <trkpt lat="47.561715" lon="12.240123">
        <ele>1601.5</ele>
      </trkpt>
      <trkpt lat="47.561681" lon="12.240153">
        <ele>1601.3</ele>
      </trkpt>
      <trkpt lat="47.561651" lon="12.24016">
        <ele>1602.1</ele>
      </trkpt>
      <trkpt lat="47.561609" lon="12.240181">
        <ele>1602.8</ele>
      </trkpt>
      <trkpt lat="47.561567" lon="12.24019">
        <ele>1604.0</ele>
      </trkpt>
      <trkpt lat="47.561498" lon="12.240186">
        <ele>1606.8</ele>
      </trkpt>
      <trkpt lat="47.56148" lon="12.240186">
        <ele>1607.3</ele>
      </trkpt>
      <trkpt lat="47.56145" lon="12.240203">
        <ele>1607.6</ele>
      </trkpt>
      <trkpt lat="47.56144" lon="12.240199">
        <ele>1608.1</ele>
      </trkpt>
      <trkpt lat="47.561427" lon="12.240195">
        <ele>1608.7</ele>
      </trkpt>
      <trkpt lat="47.561414" lon="12.240198">
        <ele>1609.1</ele>
      </trkpt>
      <trkpt lat="47.561389" lon="12.240217">
        <ele>1609.2</ele>
      </trkpt>
      <trkpt lat="47.561373" lon="12.240222">
        <ele>1609.5</ele>
      </trkpt>
      <trkpt lat="47.561335" lon="12.240216">
        <ele>1611.0</ele>
      </trkpt>
      <trkpt lat="47.561252" lon="12.240214">
        <ele>1612.7</ele>
      </trkpt>
      <trkpt lat="47.561233" lon="12.240203">
        <ele>1613.4</ele>
      </trkpt>
      <trkpt lat="47.561209" lon="12.240178">
        <ele>1614.7</ele>
      </trkpt>
      <trkpt lat="47.561188" lon="12.240173">
        <ele>1615.0</ele>
      </trkpt>
      <trkpt lat="47.561151" lon="12.240157">
        <ele>1616.2</ele>
      </trkpt>
      <trkpt lat="47.561121" lon="12.240147">
        <ele>1617.3</ele>
      </trkpt>
      <trkpt lat="47.561054" lon="12.240154">
        <ele>1618.9</ele>
      </trkpt>
      <trkpt lat="47.561018" lon="12.24017">
        <ele>1619.6</ele>
      </trkpt>
      <trkpt lat="47.560981" lon="12.240188">
        <ele>1620.5</ele>
      </trkpt>
      <trkpt lat="47.56096" lon="12.240188">
        <ele>1621.5</ele>
      </trkpt>
      <trkpt lat="47.560891" lon="12.240213">
        <ele>1624.2</ele>
      </trkpt>
      <trkpt lat="47.560843" lon="12.240241">
        <ele>1626.1</ele>
      </trkpt>
      <trkpt lat="47.560829" lon="12.240261">
        <ele>1626.6</ele>
      </trkpt>
      <trkpt lat="47.56082" lon="12.240273">
        <ele>1627.1</ele>
      </trkpt>
      <trkpt lat="47.560808" lon="12.240272">
        <ele>1627.6</ele>
      </trkpt>
      <trkpt lat="47.560799" lon="12.240267">
        <ele>1628.0</ele>
      </trkpt>
      <trkpt lat="47.560791" lon="12.240273">
        <ele>1628.3</ele>
      </trkpt>
      <trkpt lat="47.560784" lon="12.240313">
        <ele>1628.9</ele>
      </trkpt>
      <trkpt lat="47.560783" lon="12.24038">
        <ele>1629.9</ele>
      </trkpt>
      <trkpt lat="47.560772" lon="12.240399">
        <ele>1630.5</ele>
      </trkpt>
      <trkpt lat="47.560727" lon="12.240374">
        <ele>1631.8</ele>
      </trkpt>
      <trkpt lat="47.560699" lon="12.240345">
        <ele>1632.8</ele>
      </trkpt>
      <trkpt lat="47.56068" lon="12.240332">
        <ele>1633.8</ele>
      </trkpt>
      <trkpt lat="47.560661" lon="12.240347">
        <ele>1635.2</ele>
      </trkpt>
      <trkpt lat="47.560665" lon="12.240418">
        <ele>1635.6</ele>
      </trkpt>
      <trkpt lat="47.560662" lon="12.24045">
        <ele>1636.2</ele>
      </trkpt>
      <trkpt lat="47.560647" lon="12.240462">
        <ele>1637.3</ele>
      </trkpt>
      <trkpt lat="47.560638" lon="12.240489">
        <ele>1638.2</ele>
      </trkpt>
      <trkpt lat="47.560657" lon="12.240557">
        <ele>1638.5</ele>
      </trkpt>
      <trkpt lat="47.560652" lon="12.240577">
        <ele>1639.2</ele>
      </trkpt>
      <trkpt lat="47.560631" lon="12.24056">
        <ele>1639.8</ele>
      </trkpt>
      <trkpt lat="47.560605" lon="12.240544">
        <ele>1641.1</ele>
      </trkpt>
      <trkpt lat="47.560604" lon="12.240556">
        <ele>1641.4</ele>
      </trkpt>
      <trkpt lat="47.560606" lon="12.240574">
        <ele>1641.6</ele>
      </trkpt>
      <trkpt lat="47.560611" lon="12.240589">
        <ele>1641.5</ele>
      </trkpt>
      <trkpt lat="47.560609" lon="12.240597">
        <ele>1641.8</ele>
      </trkpt>
      <trkpt lat="47.560599" lon="12.240603">
        <ele>1642.5</ele>
      </trkpt>
      <trkpt lat="47.560583" lon="12.240611">
        <ele>1643.6</ele>
      </trkpt>
      <trkpt lat="47.560581" lon="12.24062">
        <ele>1643.9</ele>
      </trkpt>
      <trkpt lat="47.560587" lon="12.240638">
        <ele>1643.8</ele>
      </trkpt>
      <trkpt lat="47.560595" lon="12.240654">
        <ele>1643.6</ele>
      </trkpt>
      <trkpt lat="47.560593" lon="12.240663">
        <ele>1643.9</ele>
      </trkpt>
      <trkpt lat="47.56058" lon="12.240667">
        <ele>1644.8</ele>
      </trkpt>
      <trkpt lat="47.560549" lon="12.240676">
        <ele>1647.0</ele>
      </trkpt>
      <trkpt lat="47.560541" lon="12.240684">
        <ele>1647.6</ele>
      </trkpt>
      <trkpt lat="47.560541" lon="12.2407">
        <ele>1648.0</ele>
      </trkpt>
      <trkpt lat="47.560547" lon="12.240733">
        <ele>1648.3</ele>
      </trkpt>
      <trkpt lat="47.560554" lon="12.240755">
        <ele>1648.4</ele>
      </trkpt>
      <trkpt lat="47.560554" lon="12.24078">
        <ele>1648.9</ele>
      </trkpt>
      <trkpt lat="47.56055" lon="12.240799">
        <ele>1649.5</ele>
      </trkpt>
      <trkpt lat="47.560537" lon="12.240812">
        <ele>1650.4</ele>
      </trkpt>
      <trkpt lat="47.560527" lon="12.240836">
        <ele>1651.3</ele>
      </trkpt>
      <trkpt lat="47.560519" lon="12.240873">
        <ele>1652.3</ele>
      </trkpt>
      <trkpt lat="47.560501" lon="12.240891">
        <ele>1653.5</ele>
      </trkpt>
      <trkpt lat="47.560496" lon="12.240915">
        <ele>1654.1</ele>
      </trkpt>
      <trkpt lat="47.560529" lon="12.240976">
        <ele>1654.0</ele>
      </trkpt>
      <trkpt lat="47.560542" lon="12.241032">
        <ele>1654.8</ele>
      </trkpt>
      <trkpt lat="47.560545" lon="12.24109">
        <ele>1655.7</ele>
      </trkpt>
      <trkpt lat="47.560554" lon="12.241135">
        <ele>1655.8</ele>
      </trkpt>
      <trkpt lat="47.560578" lon="12.241197">
        <ele>1655.6</ele>
      </trkpt>
      <trkpt lat="47.560609" lon="12.241277">
        <ele>1655.6</ele>
      </trkpt>
      <trkpt lat="47.560617" lon="12.241357">
        <ele>1655.7</ele>
      </trkpt>
      <trkpt lat="47.560616" lon="12.241444">
        <ele>1655.8</ele>
      </trkpt>
      <trkpt lat="47.560629" lon="12.241555">
        <ele>1656.7</ele>
      </trkpt>
      <trkpt lat="47.56064" lon="12.24164">
        <ele>1657.1</ele>
      </trkpt>
      <trkpt lat="47.560631" lon="12.241751">
        <ele>1658.3</ele>
      </trkpt>
      <trkpt lat="47.560619" lon="12.241994">
        <ele>1659.5</ele>
      </trkpt>
      <trkpt lat="47.560638" lon="12.242046">
        <ele>1658.8</ele>
      </trkpt>
      <trkpt lat="47.560644" lon="12.242116">
        <ele>1659.0</ele>
      </trkpt>
      <trkpt lat="47.560646" lon="12.242255">
        <ele>1660.0</ele>
      </trkpt>
      <trkpt lat="47.560685" lon="12.242344">
        <ele>1660.3</ele>
      </trkpt>
      <trkpt lat="47.560707" lon="12.242484">
        <ele>1661.6</ele>
      </trkpt>
      <trkpt lat="47.560733" lon="12.24255">
        <ele>1660.8</ele>
      </trkpt>
      <trkpt lat="47.560741" lon="12.242619">
        <ele>1661.0</ele>
      </trkpt>
      <trkpt lat="47.560739" lon="12.242673">
        <ele>1662.1</ele>
      </trkpt>
      <trkpt lat="47.560769" lon="12.242736">
        <ele>1662.3</ele>
      </trkpt>
      <trkpt lat="47.560795" lon="12.242866">
        <ele>1663.5</ele>
      </trkpt>
      <trkpt lat="47.560841" lon="12.242957">
        <ele>1663.8</ele>
      </trkpt>
      <trkpt lat="47.560893" lon="12.243066">
        <ele>1666.6</ele>
      </trkpt>
      <trkpt lat="47.56093" lon="12.243138">
        <ele>1669.0</ele>
      </trkpt>
      <trkpt lat="47.560974" lon="12.243202">
        <ele>1672.1</ele>
      </trkpt>
      <trkpt lat="47.561038" lon="12.24327">
        <ele>1674.9</ele>
      </trkpt>
      <trkpt lat="47.561065" lon="12.243343">
        <ele>1680.3</ele>
      </trkpt>
      <trkpt lat="47.56108" lon="12.243433">
        <ele>1687.9</ele>
      </trkpt>
      <trkpt lat="47.561115" lon="12.243444">
        <ele>1689.7</ele>
      </trkpt>
      <trkpt lat="47.561146" lon="12.243484">
        <ele>1695.1</ele>
      </trkpt>
      <trkpt lat="47.561159" lon="12.243535">
        <ele>1700.3</ele>
      </trkpt>
      <trkpt lat="47.561164" lon="12.243579">
        <ele>1704.0</ele>
      </trkpt>
      <trkpt lat="47.561158" lon="12.24368">
        <ele>1711.0</ele>
      </trkpt>
      <trkpt lat="47.561148" lon="12.243769">
        <ele>1716.1</ele>
      </trkpt>
      <trkpt lat="47.561137" lon="12.243806">
        <ele>1718.4</ele>
      </trkpt>
      <trkpt lat="47.56112" lon="12.243859">
        <ele>1721.6</ele>
      </trkpt>
      <trkpt lat="47.561084" lon="12.243909">
        <ele>1726.3</ele>
      </trkpt>
      <trkpt lat="47.561063" lon="12.243944">
        <ele>1729.4</ele>
      </trkpt>
      <trkpt lat="47.561042" lon="12.243947">
        <ele>1732.1</ele>
      </trkpt>
      <trkpt lat="47.561023" lon="12.243928">
        <ele>1733.8</ele>
      </trkpt>
      <trkpt lat="47.560985" lon="12.243914">
        <ele>1737.2</ele>
      </trkpt>
      <trkpt lat="47.560933" lon="12.243923">
        <ele>1742.9</ele>
      </trkpt>
      <trkpt lat="47.560861" lon="12.243947">
        <ele>1754.0</ele>
      </trkpt>
      <trkpt lat="47.560816" lon="12.243961">
        <ele>1760.8</ele>
      </trkpt>
      <trkpt lat="47.560771" lon="12.243965">
        <ele>1767.3</ele>
      </trkpt>
      <trkpt lat="47.560711" lon="12.243973">
        <ele>1773.4</ele>
      </trkpt>
      <trkpt lat="47.560673" lon="12.243975">
        <ele>1775.9</ele>
      </trkpt>
      <trkpt lat="47.560635" lon="12.243971">
        <ele>1777.4</ele>
      </trkpt>
      <trkpt lat="47.560621" lon="12.243969">
        <ele>1777.7</ele>
      </trkpt>
      <trkpt lat="47.560555" lon="12.243952">
        <ele>1777.8</ele>
      </trkpt>
      <trkpt lat="47.56051" lon="12.243956">
        <ele>1777.6</ele>
      </trkpt>
      <trkpt lat="47.560486" lon="12.243983">
        <ele>1779.7</ele>
      </trkpt>
      <trkpt lat="47.56047" lon="12.244006">
        <ele>1781.9</ele>
      </trkpt>
      <trkpt lat="47.560447" lon="12.244022">
        <ele>1784.4</ele>
      </trkpt>
      <trkpt lat="47.560431" lon="12.244018">
        <ele>1785.3</ele>
      </trkpt>
      <trkpt lat="47.560414" lon="12.243992">
        <ele>1785.3</ele>
      </trkpt>
      <trkpt lat="47.560403" lon="12.243949">
        <ele>1784.0</ele>
      </trkpt>
      <trkpt lat="47.560387" lon="12.243914">
        <ele>1783.5</ele>
      </trkpt>
      <trkpt lat="47.560363" lon="12.243904">
        <ele>1784.0</ele>
      </trkpt>
      <trkpt lat="47.560342" lon="12.243908">
        <ele>1784.9</ele>
      </trkpt>
      <trkpt lat="47.560316" lon="12.243915">
        <ele>1786.4</ele>
      </trkpt>
      <trkpt lat="47.560295" lon="12.243909">
        <ele>1788.0</ele>
      </trkpt>
      <trkpt lat="47.560276" lon="12.24389">
        <ele>1789.1</ele>
      </trkpt>
      <trkpt lat="47.560275" lon="12.243889">
        <ele>1789.1</ele>
      </trkpt>
      <trkpt lat="47.560266" lon="12.243859">
        <ele>1788.6</ele>
      </trkpt>
      <trkpt lat="47.560256" lon="12.24383">
        <ele>1788.1</ele>
      </trkpt>
      <trkpt lat="47.560242" lon="12.243811">
        <ele>1788.8</ele>
      </trkpt>
      <trkpt lat="47.560218" lon="12.243797">
        <ele>1791.2</ele>
      </trkpt>
      <trkpt lat="47.560158" lon="12.243752">
        <ele>1795.0</ele>
      </trkpt>
      <trkpt lat="47.56013" lon="12.243728">
        <ele>1796.0</ele>
      </trkpt>
      <trkpt lat="47.5601" lon="12.243715">
        <ele>1797.9</ele>
      </trkpt>
      <trkpt lat="47.560074" lon="12.24368">
        <ele>1797.8</ele>
      </trkpt>
      <trkpt lat="47.560025" lon="12.243637">
        <ele>1800.5</ele>
      </trkpt>
      <trkpt lat="47.560024" lon="12.243635">
        <ele>1800.5</ele>
      </trkpt>
      <trkpt lat="47.559959" lon="12.24356">
        <ele>1800.8</ele>
      </trkpt>
      <trkpt lat="47.559935" lon="12.243527">
        <ele>1801.0</ele>
      </trkpt>
      <trkpt lat="47.559929" lon="12.243519">
        <ele>1801.1</ele>
      </trkpt>
      <trkpt lat="47.559912" lon="12.243477">
        <ele>1800.5</ele>
      </trkpt>
      <trkpt lat="47.559874" lon="12.243421">
        <ele>1802.5</ele>
      </trkpt>
      <trkpt lat="47.559845" lon="12.243394">
        <ele>1805.2</ele>
      </trkpt>
      <trkpt lat="47.559841" lon="12.243388">
        <ele>1805.4</ele>
      </trkpt>
      <trkpt lat="47.559808" lon="12.243342">
        <ele>1806.5</ele>
      </trkpt>
      <trkpt lat="47.55977" lon="12.243311">
        <ele>1808.8</ele>
      </trkpt>
      <trkpt lat="47.559747" lon="12.24327">
        <ele>1809.2</ele>
      </trkpt>
      <trkpt lat="47.559742" lon="12.243251">
        <ele>1808.8</ele>
      </trkpt>
      <trkpt lat="47.559729" lon="12.24321">
        <ele>1808.0</ele>
      </trkpt>
      <trkpt lat="47.559716" lon="12.243181">
        <ele>1807.7</ele>
      </trkpt>
      <trkpt lat="47.559696" lon="12.2431">
        <ele>1805.7</ele>
      </trkpt>
      <trkpt lat="47.559691" lon="12.243087">
        <ele>1805.5</ele>
      </trkpt>
      <trkpt lat="47.559672" lon="12.243034">
        <ele>1804.7</ele>
      </trkpt>
      <trkpt lat="47.559638" lon="12.242952">
        <ele>1803.9</ele>
      </trkpt>
      <trkpt lat="47.559631" lon="12.242935">
        <ele>1803.9</ele>
      </trkpt>
      <trkpt lat="47.559603" lon="12.242874">
        <ele>1805.6</ele>
      </trkpt>
      <trkpt lat="47.559561" lon="12.242814">
        <ele>1810.0</ele>
      </trkpt>
      <trkpt lat="47.55953" lon="12.242771">
        <ele>1810.9</ele>
      </trkpt>
      <trkpt lat="47.559512" lon="12.242747">
        <ele>1811.0</ele>
      </trkpt>
      <trkpt lat="47.559462" lon="12.242676">
        <ele>1812.3</ele>
      </trkpt>
      <trkpt lat="47.559403" lon="12.242628">
        <ele>1816.0</ele>
      </trkpt>
      <trkpt lat="47.559342" lon="12.242599">
        <ele>1821.2</ele>
      </trkpt>
      <trkpt lat="47.559304" lon="12.24257">
        <ele>1824.0</ele>
      </trkpt>
      <trkpt lat="47.559278" lon="12.242549">
        <ele>1826.2</ele>
      </trkpt>
      <trkpt lat="47.559267" lon="12.242546">
        <ele>1827.2</ele>
      </trkpt>
      <trkpt lat="47.559264" lon="12.24258">
        <ele>1828.5</ele>
      </trkpt>
      <trkpt lat="47.559268" lon="12.242619">
        <ele>1829.6</ele>
      </trkpt>
      <trkpt lat="47.559273" lon="12.242657">
        <ele>1830.9</ele>
      </trkpt>
      <trkpt lat="47.55927" lon="12.242693">
        <ele>1833.0</ele>
      </trkpt>
      <trkpt lat="47.559262" lon="12.24272">
        <ele>1835.3</ele>
      </trkpt>
      <trkpt lat="47.559255" lon="12.242772">
        <ele>1839.1</ele>
      </trkpt>
      <trkpt lat="47.559245" lon="12.242788">
        <ele>1840.8</ele>
      </trkpt>
      <trkpt lat="47.559221" lon="12.242791">
        <ele>1842.5</ele>
      </trkpt>
      <trkpt lat="47.559209" lon="12.242791">
        <ele>1843.6</ele>
      </trkpt>
      <trkpt lat="47.559206" lon="12.242797">
        <ele>1844.1</ele>
      </trkpt>
      <trkpt lat="47.559206" lon="12.242811">
        <ele>1844.9</ele>
      </trkpt>
      <trkpt lat="47.559219" lon="12.242846">
        <ele>1846.1</ele>
      </trkpt>
      <trkpt lat="47.559238" lon="12.242889">
        <ele>1848.1</ele>
      </trkpt>
      <trkpt lat="47.559273" lon="12.242971">
        <ele>1852.6</ele>
      </trkpt>
      <trkpt lat="47.55929" lon="12.243018">
        <ele>1854.9</ele>
      </trkpt>
      <trkpt lat="47.559293" lon="12.243033">
        <ele>1855.8</ele>
      </trkpt>
      <trkpt lat="47.559292" lon="12.243039">
        <ele>1856.3</ele>
      </trkpt>
      <trkpt lat="47.559289" lon="12.243039">
        <ele>1856.6</ele>
      </trkpt>
      <trkpt lat="47.559275" lon="12.243032">
        <ele>1857.0</ele>
      </trkpt>
      <trkpt lat="47.559252" lon="12.243015">
        <ele>1857.1</ele>
      </trkpt>
      <trkpt lat="47.559232" lon="12.243003">
        <ele>1857.0</ele>
      </trkpt>
      <trkpt lat="47.559219" lon="12.242997">
        <ele>1856.9</ele>
      </trkpt>
      <trkpt lat="47.559201" lon="12.242995">
        <ele>1857.3</ele>
      </trkpt>
      <trkpt lat="47.559178" lon="12.242993">
        <ele>1857.4</ele>
      </trkpt>
      <trkpt lat="47.559155" lon="12.242999">
        <ele>1858.0</ele>
      </trkpt>
      <trkpt lat="47.559138" lon="12.24301">
        <ele>1859.3</ele>
      </trkpt>
      <trkpt lat="47.559123" lon="12.243015">
        <ele>1860.2</ele>
      </trkpt>
      <trkpt lat="47.559104" lon="12.243021">
        <ele>1861.5</ele>
      </trkpt>
      <trkpt lat="47.559094" lon="12.243029">
        <ele>1862.6</ele>
      </trkpt>
      <trkpt lat="47.559091" lon="12.243039">
        <ele>1863.4</ele>
      </trkpt>
      <trkpt lat="47.559086" lon="12.243051">
        <ele>1864.4</ele>
      </trkpt>
      <trkpt lat="47.559073" lon="12.243069">
        <ele>1866.1</ele>
      </trkpt>
      <trkpt lat="47.559063" lon="12.243086">
        <ele>1867.7</ele>
      </trkpt>
      <trkpt lat="47.559061" lon="12.243121">
        <ele>1870.5</ele>
      </trkpt>
      <trkpt lat="47.559069" lon="12.243157">
        <ele>1873.7</ele>
      </trkpt>
      <trkpt lat="47.559078" lon="12.24321">
        <ele>1878.7</ele>
      </trkpt>
      <trkpt lat="47.559071" lon="12.243254">
        <ele>1882.7</ele>
      </trkpt>
      <trkpt lat="47.559061" lon="12.243276">
        <ele>1884.7</ele>
      </trkpt>
      <trkpt lat="47.559043" lon="12.243279">
        <ele>1885.4</ele>
      </trkpt>
      <trkpt lat="47.559041" lon="12.243279">
        <ele>1885.5</ele>
      </trkpt>
      <trkpt lat="47.559024" lon="12.243279">
        <ele>1886.2</ele>
      </trkpt>
      <trkpt lat="47.558999" lon="12.243296">
        <ele>1889.1</ele>
      </trkpt>
      <trkpt lat="47.558982" lon="12.2433">
        <ele>1890.5</ele>
      </trkpt>
      <trkpt lat="47.55896" lon="12.243296">
        <ele>1891.9</ele>
      </trkpt>
      <trkpt lat="47.558945" lon="12.243293">
        <ele>1893.0</ele>
      </trkpt>
      <trkpt lat="47.558918" lon="12.243297">
        <ele>1895.7</ele>
      </trkpt>
      <trkpt lat="47.558901" lon="12.243303">
        <ele>1897.8</ele>
      </trkpt>
      <trkpt lat="47.558892" lon="12.243329">
        <ele>1900.2</ele>
      </trkpt>
      <trkpt lat="47.558887" lon="12.243366">
        <ele>1902.9</ele>
      </trkpt>
      <trkpt lat="47.558892" lon="12.243396">
        <ele>1904.2</ele>
      </trkpt>
      <trkpt lat="47.558905" lon="12.243426">
        <ele>1905.0</ele>
      </trkpt>
      <trkpt lat="47.558923" lon="12.243475">
        <ele>1907.3</ele>
      </trkpt>
      <trkpt lat="47.55893" lon="12.243523">
        <ele>1910.4</ele>
      </trkpt>
      <trkpt lat="47.558931" lon="12.243582">
        <ele>1914.6</ele>
      </trkpt>
      <trkpt lat="47.558929" lon="12.243594">
        <ele>1915.6</ele>
      </trkpt>
      <trkpt lat="47.558927" lon="12.243611">
        <ele>1917.0</ele>
      </trkpt>
      <trkpt lat="47.558925" lon="12.243641">
        <ele>1919.7</ele>
      </trkpt>
      <trkpt lat="47.558915" lon="12.243659">
        <ele>1921.7</ele>
      </trkpt>
      <trkpt lat="47.558905" lon="12.24366">
        <ele>1922.2</ele>
      </trkpt>
      <trkpt lat="47.558888" lon="12.243647">
        <ele>1921.7</ele>
      </trkpt>
      <trkpt lat="47.558871" lon="12.24365">
        <ele>1922.9</ele>
      </trkpt>
      <trkpt lat="47.558851" lon="12.243662">
        <ele>1925.3</ele>
      </trkpt>
      <trkpt lat="47.558838" lon="12.243673">
        <ele>1927.4</ele>
      </trkpt>
      <trkpt lat="47.558825" lon="12.24369">
        <ele>1930.1</ele>
      </trkpt>
      <trkpt lat="47.558802" lon="12.243692">
        <ele>1932.1</ele>
      </trkpt>
      <trkpt lat="47.558782" lon="12.243714">
        <ele>1935.7</ele>
      </trkpt>
      <trkpt lat="47.558767" lon="12.243747">
        <ele>1939.8</ele>
      </trkpt>
      <trkpt lat="47.558768" lon="12.243783">
        <ele>1942.9</ele>
      </trkpt>
      <trkpt lat="47.55878" lon="12.243859">
        <ele>1949.5</ele>
      </trkpt>
      <trkpt lat="47.558791" lon="12.243913">
        <ele>1953.8</ele>
      </trkpt>
      <trkpt lat="47.558793" lon="12.243939">
        <ele>1955.8</ele>
      </trkpt>
      <trkpt lat="47.558791" lon="12.243953">
        <ele>1957.0</ele>
      </trkpt>
      <trkpt lat="47.558783" lon="12.243953">
        <ele>1957.2</ele>
      </trkpt>
      <trkpt lat="47.558765" lon="12.243939">
        <ele>1956.9</ele>
      </trkpt>
      <trkpt lat="47.558742" lon="12.243911">
        <ele>1956.3</ele>
      </trkpt>
      <trkpt lat="47.558731" lon="12.243909">
        <ele>1956.8</ele>
      </trkpt>
      <trkpt lat="47.558713" lon="12.243911">
        <ele>1958.2</ele>
      </trkpt>
      <trkpt lat="47.558706" lon="12.243931">
        <ele>1960.1</ele>
      </trkpt>
      <trkpt lat="47.558695" lon="12.243937">
        <ele>1961.3</ele>
      </trkpt>
      <trkpt lat="47.558694" lon="12.243956">
        <ele>1962.8</ele>
      </trkpt>
      <trkpt lat="47.558693" lon="12.243972">
        <ele>1963.9</ele>
      </trkpt>
      <trkpt lat="47.558683" lon="12.243977">
        <ele>1965.0</ele>
      </trkpt>
      <trkpt lat="47.558665" lon="12.243969">
        <ele>1965.3</ele>
      </trkpt>
      <trkpt lat="47.558647" lon="12.243966">
        <ele>1965.9</ele>
      </trkpt>
      <trkpt lat="47.558622" lon="12.24397">
        <ele>1967.5</ele>
      </trkpt>
      <trkpt lat="47.5586" lon="12.243979">
        <ele>1969.4</ele>
      </trkpt>
      <trkpt lat="47.558574" lon="12.243993">
        <ele>1972.2</ele>
      </trkpt>
      <trkpt lat="47.558542" lon="12.243997">
        <ele>1974.5</ele>
      </trkpt>
      <trkpt lat="47.558515" lon="12.244008">
        <ele>1977.4</ele>
      </trkpt>
      <trkpt lat="47.558489" lon="12.244019">
        <ele>1980.7</ele>
      </trkpt>
      <trkpt lat="47.558466" lon="12.244028">
        <ele>1983.7</ele>
      </trkpt>
      <trkpt lat="47.558434" lon="12.244037">
        <ele>1987.5</ele>
      </trkpt>
      <trkpt lat="47.558404" lon="12.244042">
        <ele>1990.6</ele>
      </trkpt>
      <trkpt lat="47.558385" lon="12.244035">
        <ele>1992.4</ele>
      </trkpt>
      <trkpt lat="47.558365" lon="12.244034">
        <ele>1994.6</ele>
      </trkpt>
      <trkpt lat="47.558336" lon="12.244023">
        <ele>1997.8</ele>
      </trkpt>
      <trkpt lat="47.558317" lon="12.244004">
        <ele>2000.2</ele>
      </trkpt>
      <trkpt lat="47.558298" lon="12.243994">
        <ele>2002.9</ele>
      </trkpt>
      <trkpt lat="47.55828" lon="12.243994">
        <ele>2004.9</ele>
      </trkpt>
      <trkpt lat="47.558246" lon="12.244023">
        <ele>2007.2</ele>
      </trkpt>
      <trkpt lat="47.55822" lon="12.244064">
        <ele>2008.4</ele>
      </trkpt>
      <trkpt lat="47.558203" lon="12.244109">
        <ele>2009.6</ele>
      </trkpt>
      <trkpt lat="47.558197" lon="12.244153">
        <ele>2011.1</ele>
      </trkpt>
      <trkpt lat="47.558193" lon="12.244206">
        <ele>2014.4</ele>
      </trkpt>
      <trkpt lat="47.55818" lon="12.244238">
        <ele>2016.7</ele>
      </trkpt>
      <trkpt lat="47.558169" lon="12.24426">
        <ele>2017.7</ele>
      </trkpt>
      <trkpt lat="47.558144" lon="12.244245">
        <ele>2017.1</ele>
      </trkpt>
      <trkpt lat="47.558122" lon="12.244225">
        <ele>2017.7</ele>
      </trkpt>
      <trkpt lat="47.558104" lon="12.244237">
        <ele>2019.5</ele>
      </trkpt>
      <trkpt lat="47.558092" lon="12.244249">
        <ele>2020.9</ele>
      </trkpt>
      <trkpt lat="47.55806" lon="12.244183">
        <ele>2022.1</ele>
      </trkpt>
      <trkpt lat="47.558023" lon="12.244129">
        <ele>2024.6</ele>
      </trkpt>
      <trkpt lat="47.558002" lon="12.244122">
        <ele>2026.3</ele>
      </trkpt>
      <trkpt lat="47.558002" lon="12.244155">
        <ele>2026.0</ele>
      </trkpt>
      <trkpt lat="47.557997" lon="12.244215">
        <ele>2027.6</ele>
      </trkpt>
      <trkpt lat="47.557984" lon="12.244281">
        <ele>2031.4</ele>
      </trkpt>
      <trkpt lat="47.557968" lon="12.244296">
        <ele>2033.4</ele>
      </trkpt>
      <trkpt lat="47.557959" lon="12.244368">
        <ele>2036.6</ele>
      </trkpt>
      <trkpt lat="47.557949" lon="12.244419">
        <ele>2039.4</ele>
      </trkpt>
      <trkpt lat="47.557943" lon="12.244432">
        <ele>2040.5</ele>
      </trkpt>
      <trkpt lat="47.557911" lon="12.24441">
        <ele>2042.5</ele>
      </trkpt>
      <trkpt lat="47.557867" lon="12.244377">
        <ele>2044.9</ele>
      </trkpt>
      <trkpt lat="47.557797" lon="12.244323">
        <ele>2048.1</ele>
      </trkpt>
      <trkpt lat="47.557757" lon="12.244287">
        <ele>2049.6</ele>
      </trkpt>
      <trkpt lat="47.557731" lon="12.244279">
        <ele>2050.9</ele>
      </trkpt>
      <trkpt lat="47.557695" lon="12.244304">
        <ele>2053.0</ele>
      </trkpt>
      <trkpt lat="47.557667" lon="12.244334">
        <ele>2054.2</ele>
      </trkpt>
      <trkpt lat="47.557642" lon="12.244356">
        <ele>2054.7</ele>
      </trkpt>
      <trkpt lat="47.557635" lon="12.244314">
        <ele>2055.1</ele>
      </trkpt>
      <trkpt lat="47.557608" lon="12.244303">
        <ele>2056.0</ele>
      </trkpt>
      <trkpt lat="47.55756" lon="12.244294">
        <ele>2057.3</ele>
      </trkpt>
      <trkpt lat="47.557558" lon="12.24427">
        <ele>2058.2</ele>
      </trkpt>
      <trkpt lat="47.557588" lon="12.244227">
        <ele>2058.8</ele>
      </trkpt>
      <trkpt lat="47.557597" lon="12.244169">
        <ele>2060.2</ele>
      </trkpt>
      <trkpt lat="47.557595" lon="12.244147">
        <ele>2060.8</ele>
      </trkpt>
      <trkpt lat="47.557577" lon="12.244118">
        <ele>2062.3</ele>
      </trkpt>
      <trkpt lat="47.557583" lon="12.244066">
        <ele>2063.1</ele>
      </trkpt>
      <trkpt lat="47.557571" lon="12.244047">
        <ele>2064.2</ele>
      </trkpt>
      <trkpt lat="47.557519" lon="12.244026">
        <ele>2067.0</ele>
      </trkpt>
      <trkpt lat="47.55751" lon="12.244007">
        <ele>2067.5</ele>
      </trkpt>
      <trkpt lat="47.557531" lon="12.243967">
        <ele>2068.2</ele>
      </trkpt>
      <trkpt lat="47.557537" lon="12.243935">
        <ele>2068.7</ele>
      </trkpt>
      <trkpt lat="47.557542" lon="12.243873">
        <ele>2069.8</ele>
      </trkpt>
      <trkpt lat="47.557545" lon="12.243781">
        <ele>2071.5</ele>
      </trkpt>
      <trkpt lat="47.55754" lon="12.243745">
        <ele>2072.2</ele>
      </trkpt>
      <trkpt lat="47.557525" lon="12.243715">
        <ele>2073.0</ele>
      </trkpt>
      <trkpt lat="47.557521" lon="12.243688">
        <ele>2073.3</ele>
      </trkpt>
      <trkpt lat="47.557516" lon="12.243648">
        <ele>2073.9</ele>
      </trkpt>
      <trkpt lat="47.557518" lon="12.243607">
        <ele>2074.6</ele>
      </trkpt>
      <trkpt lat="47.557517" lon="12.243571">
        <ele>2075.4</ele>
      </trkpt>
      <trkpt lat="47.557523" lon="12.243537">
        <ele>2075.9</ele>
      </trkpt>
      <trkpt lat="47.55753" lon="12.243493">
        <ele>2076.3</ele>
      </trkpt>
      <trkpt lat="47.557547" lon="12.243469">
        <ele>2075.8</ele>
      </trkpt>
      <trkpt lat="47.557572" lon="12.243455">
        <ele>2074.7</ele>
      </trkpt>
      <trkpt lat="47.557591" lon="12.243427">
        <ele>2074.2</ele>
      </trkpt>
      <trkpt lat="47.557602" lon="12.243383">
        <ele>2074.0</ele>
      </trkpt>
      <trkpt lat="47.557605" lon="12.243353">
        <ele>2073.8</ele>
      </trkpt>
      <trkpt lat="47.5576" lon="12.243301">
        <ele>2073.5</ele>
      </trkpt>
      <trkpt lat="47.557595" lon="12.243257">
        <ele>2073.2</ele>
      </trkpt>
      <trkpt lat="47.557608" lon="12.243218">
        <ele>2072.6</ele>
      </trkpt>
      <trkpt lat="47.55762" lon="12.243199">
        <ele>2072.2</ele>
      </trkpt>
      <trkpt lat="47.557631" lon="12.24318">
        <ele>2071.9</ele>
      </trkpt>
      <trkpt lat="47.557647" lon="12.243138">
        <ele>2071.6</ele>
      </trkpt>
      <trkpt lat="47.557654" lon="12.243094">
        <ele>2071.5</ele>
      </trkpt>
      <trkpt lat="47.557655" lon="12.243058">
        <ele>2071.4</ele>
      </trkpt>
      <trkpt lat="47.557659" lon="12.242971">
        <ele>2071.2</ele>
      </trkpt>
      <trkpt lat="47.557665" lon="12.242923">
        <ele>2071.3</ele>
      </trkpt>
      <trkpt lat="47.557678" lon="12.242857">
        <ele>2071.7</ele>
      </trkpt>
      <trkpt lat="47.557677" lon="12.242816">
        <ele>2072.4</ele>
      </trkpt>
      <trkpt lat="47.557675" lon="12.242812">
        <ele>2072.5</ele>
      </trkpt>
      <trkpt lat="47.557667" lon="12.242784">
        <ele>2073.4</ele>
      </trkpt>
      <trkpt lat="47.557653" lon="12.242769">
        <ele>2074.0</ele>
      </trkpt>
      <trkpt lat="47.557633" lon="12.242759">
        <ele>2074.6</ele>
      </trkpt>
      <trkpt lat="47.557601" lon="12.242743">
        <ele>2075.6</ele>
      </trkpt>
      <trkpt lat="47.557544" lon="12.242732">
        <ele>2077.2</ele>
      </trkpt>
      <trkpt lat="47.557506" lon="12.24271">
        <ele>2078.6</ele>
      </trkpt>
      <trkpt lat="47.55747" lon="12.242698">
        <ele>2079.8</ele>
      </trkpt>
      <trkpt lat="47.557466" lon="12.242679">
        <ele>2080.4</ele>
      </trkpt>
      <trkpt lat="47.557451" lon="12.242666">
        <ele>2081.2</ele>
      </trkpt>
      <trkpt lat="47.557431" lon="12.242645">
        <ele>2082.1</ele>
      </trkpt>
      <trkpt lat="47.55743" lon="12.242615">
        <ele>2083.2</ele>
      </trkpt>
      <trkpt lat="47.557432" lon="12.242573">
        <ele>2084.7</ele>
      </trkpt>
      <trkpt lat="47.557426" lon="12.24253">
        <ele>2086.0</ele>
      </trkpt>
      <trkpt lat="47.557421" lon="12.24251">
        <ele>2086.6</ele>
      </trkpt>
      <trkpt lat="47.557433" lon="12.242436">
        <ele>2089.3</ele>
      </trkpt>
      <trkpt lat="47.55747" lon="12.242363">
        <ele>2092.4</ele>
      </trkpt>
      <trkpt lat="47.557486" lon="12.242299">
        <ele>2095.2</ele>
      </trkpt>
      <trkpt lat="47.557464" lon="12.242255">
        <ele>2097.2</ele>
      </trkpt>
      <trkpt lat="47.557429" lon="12.242179">
        <ele>2100.1</ele>
      </trkpt>
      <trkpt lat="47.557372" lon="12.242108">
        <ele>2102.5</ele>
      </trkpt>
      <trkpt lat="47.557337" lon="12.242022">
        <ele>2105.4</ele>
      </trkpt>
      <trkpt lat="47.557341" lon="12.241959">
        <ele>2107.9</ele>
      </trkpt>
      <trkpt lat="47.557346" lon="12.241925">
        <ele>2108.5</ele>
        <name>Scheffauer, Scheffau am Wilden Kaiser</name>
        <extensions>
          <oa:Extension>
            <oa:mapZoom>17</oa:mapZoom>
          </oa:Extension>
        </extensions>
      </trkpt>
      <trkpt lat="47.557341" lon="12.241959">
        <ele>2107.9</ele>
      </trkpt>
      <trkpt lat="47.557337" lon="12.242022">
        <ele>2105.4</ele>
      </trkpt>
      <trkpt lat="47.557372" lon="12.242108">
        <ele>2102.5</ele>
      </trkpt>
      <trkpt lat="47.557429" lon="12.242179">
        <ele>2100.1</ele>
      </trkpt>
      <trkpt lat="47.557464" lon="12.242255">
        <ele>2097.2</ele>
      </trkpt>
      <trkpt lat="47.557486" lon="12.242299">
        <ele>2095.2</ele>
      </trkpt>
      <trkpt lat="47.55747" lon="12.242363">
        <ele>2092.4</ele>
      </trkpt>
      <trkpt lat="47.557433" lon="12.242436">
        <ele>2089.3</ele>
      </trkpt>
      <trkpt lat="47.557421" lon="12.24251">
        <ele>2086.6</ele>
      </trkpt>
      <trkpt lat="47.557426" lon="12.24253">
        <ele>2086.0</ele>
      </trkpt>
      <trkpt lat="47.557432" lon="12.242573">
        <ele>2084.7</ele>
      </trkpt>
      <trkpt lat="47.55743" lon="12.242615">
        <ele>2083.2</ele>
      </trkpt>
      <trkpt lat="47.557431" lon="12.242645">
        <ele>2082.1</ele>
      </trkpt>
      <trkpt lat="47.557451" lon="12.242666">
        <ele>2081.2</ele>
      </trkpt>
      <trkpt lat="47.557466" lon="12.242679">
        <ele>2080.4</ele>
      </trkpt>
      <trkpt lat="47.55747" lon="12.242698">
        <ele>2079.8</ele>
      </trkpt>
      <trkpt lat="47.557506" lon="12.24271">
        <ele>2078.6</ele>
      </trkpt>
      <trkpt lat="47.557544" lon="12.242732">
        <ele>2077.2</ele>
      </trkpt>
      <trkpt lat="47.557601" lon="12.242743">
        <ele>2075.6</ele>
      </trkpt>
      <trkpt lat="47.557633" lon="12.242759">
        <ele>2074.6</ele>
      </trkpt>
      <trkpt lat="47.557653" lon="12.242769">
        <ele>2074.0</ele>
      </trkpt>
      <trkpt lat="47.557667" lon="12.242784">
        <ele>2073.4</ele>
      </trkpt>
      <trkpt lat="47.557675" lon="12.242812">
        <ele>2072.5</ele>
      </trkpt>
      <trkpt lat="47.557677" lon="12.242816">
        <ele>2072.4</ele>
      </trkpt>
      <trkpt lat="47.557678" lon="12.242857">
        <ele>2071.7</ele>
      </trkpt>
      <trkpt lat="47.557665" lon="12.242923">
        <ele>2071.3</ele>
      </trkpt>
      <trkpt lat="47.557659" lon="12.242971">
        <ele>2071.2</ele>
      </trkpt>
      <trkpt lat="47.557655" lon="12.243058">
        <ele>2071.4</ele>
      </trkpt>
      <trkpt lat="47.557654" lon="12.243094">
        <ele>2071.5</ele>
      </trkpt>
      <trkpt lat="47.557647" lon="12.243138">
        <ele>2071.6</ele>
      </trkpt>
      <trkpt lat="47.557631" lon="12.24318">
        <ele>2071.9</ele>
      </trkpt>
      <trkpt lat="47.55762" lon="12.243199">
        <ele>2072.2</ele>
      </trkpt>
      <trkpt lat="47.557608" lon="12.243218">
        <ele>2072.6</ele>
      </trkpt>
      <trkpt lat="47.557595" lon="12.243257">
        <ele>2073.2</ele>
      </trkpt>
      <trkpt lat="47.5576" lon="12.243301">
        <ele>2073.5</ele>
      </trkpt>
      <trkpt lat="47.557605" lon="12.243353">
        <ele>2073.8</ele>
      </trkpt>
      <trkpt lat="47.557602" lon="12.243383">
        <ele>2074.0</ele>
      </trkpt>
      <trkpt lat="47.557591" lon="12.243427">
        <ele>2074.2</ele>
      </trkpt>
      <trkpt lat="47.557572" lon="12.243455">
        <ele>2074.7</ele>
      </trkpt>
      <trkpt lat="47.557547" lon="12.243469">
        <ele>2075.8</ele>
      </trkpt>
      <trkpt lat="47.55753" lon="12.243493">
        <ele>2076.3</ele>
      </trkpt>
      <trkpt lat="47.557523" lon="12.243537">
        <ele>2075.9</ele>
      </trkpt>
      <trkpt lat="47.557517" lon="12.243571">
        <ele>2075.4</ele>
      </trkpt>
      <trkpt lat="47.557518" lon="12.243607">
        <ele>2074.6</ele>
      </trkpt>
      <trkpt lat="47.557516" lon="12.243648">
        <ele>2073.9</ele>
      </trkpt>
      <trkpt lat="47.557521" lon="12.243688">
        <ele>2073.3</ele>
      </trkpt>
      <trkpt lat="47.557525" lon="12.243715">
        <ele>2073.0</ele>
      </trkpt>
      <trkpt lat="47.55754" lon="12.243745">
        <ele>2072.2</ele>
      </trkpt>
      <trkpt lat="47.557545" lon="12.243781">
        <ele>2071.5</ele>
      </trkpt>
      <trkpt lat="47.557542" lon="12.243873">
        <ele>2069.8</ele>
      </trkpt>
      <trkpt lat="47.557537" lon="12.243935">
        <ele>2068.7</ele>
      </trkpt>
      <trkpt lat="47.557531" lon="12.243967">
        <ele>2068.2</ele>
      </trkpt>
      <trkpt lat="47.55751" lon="12.244007">
        <ele>2067.5</ele>
      </trkpt>
      <trkpt lat="47.557519" lon="12.244026">
        <ele>2067.0</ele>
      </trkpt>
      <trkpt lat="47.557571" lon="12.244047">
        <ele>2064.2</ele>
      </trkpt>
      <trkpt lat="47.557583" lon="12.244066">
        <ele>2063.1</ele>
      </trkpt>
      <trkpt lat="47.557577" lon="12.244118">
        <ele>2062.3</ele>
      </trkpt>
      <trkpt lat="47.557595" lon="12.244147">
        <ele>2060.8</ele>
      </trkpt>
      <trkpt lat="47.557597" lon="12.244169">
        <ele>2060.2</ele>
      </trkpt>
      <trkpt lat="47.557588" lon="12.244227">
        <ele>2058.8</ele>
      </trkpt>
      <trkpt lat="47.557558" lon="12.24427">
        <ele>2058.2</ele>
      </trkpt>
      <trkpt lat="47.55756" lon="12.244294">
        <ele>2057.3</ele>
      </trkpt>
      <trkpt lat="47.557608" lon="12.244303">
        <ele>2056.0</ele>
      </trkpt>
      <trkpt lat="47.557635" lon="12.244314">
        <ele>2055.1</ele>
      </trkpt>
      <trkpt lat="47.557642" lon="12.244356">
        <ele>2054.7</ele>
      </trkpt>
      <trkpt lat="47.557586" lon="12.244423">
        <ele>2054.0</ele>
      </trkpt>
      <trkpt lat="47.557495" lon="12.244476">
        <ele>2052.0</ele>
      </trkpt>
      <trkpt lat="47.557461" lon="12.244515">
        <ele>2050.5</ele>
      </trkpt>
      <trkpt lat="47.557408" lon="12.244538">
        <ele>2047.3</ele>
      </trkpt>
      <trkpt lat="47.557357" lon="12.244536">
        <ele>2043.9</ele>
      </trkpt>
      <trkpt lat="47.557322" lon="12.244555">
        <ele>2040.8</ele>
      </trkpt>
      <trkpt lat="47.557303" lon="12.244628">
        <ele>2036.8</ele>
      </trkpt>
      <trkpt lat="47.557285" lon="12.244646">
        <ele>2034.6</ele>
      </trkpt>
      <trkpt lat="47.557237" lon="12.244624">
        <ele>2031.4</ele>
      </trkpt>
      <trkpt lat="47.557199" lon="12.244621">
        <ele>2028.2</ele>
      </trkpt>
      <trkpt lat="47.55717" lon="12.244593">
        <ele>2026.0</ele>
      </trkpt>
      <trkpt lat="47.557148" lon="12.244518">
        <ele>2024.5</ele>
      </trkpt>
      <trkpt lat="47.557126" lon="12.244472">
        <ele>2022.5</ele>
      </trkpt>
      <trkpt lat="47.557109" lon="12.244463">
        <ele>2021.0</ele>
      </trkpt>
      <trkpt lat="47.557079" lon="12.244547">
        <ele>2018.1</ele>
      </trkpt>
      <trkpt lat="47.557042" lon="12.244582">
        <ele>2013.2</ele>
      </trkpt>
      <trkpt lat="47.557029" lon="12.244686">
        <ele>2011.1</ele>
      </trkpt>
      <trkpt lat="47.557038" lon="12.244794">
        <ele>2008.1</ele>
      </trkpt>
      <trkpt lat="47.557055" lon="12.244857">
        <ele>2007.0</ele>
      </trkpt>
      <trkpt lat="47.557071" lon="12.244929">
        <ele>2007.2</ele>
      </trkpt>
      <trkpt lat="47.557058" lon="12.245034">
        <ele>2003.3</ele>
      </trkpt>
      <trkpt lat="47.557062" lon="12.24508">
        <ele>2002.0</ele>
      </trkpt>
      <trkpt lat="47.55705" lon="12.245124">
        <ele>1999.5</ele>
      </trkpt>
      <trkpt lat="47.557053" lon="12.245145">
        <ele>1998.8</ele>
      </trkpt>
      <trkpt lat="47.557114" lon="12.24519">
        <ele>1999.1</ele>
      </trkpt>
      <trkpt lat="47.557155" lon="12.245231">
        <ele>1998.2</ele>
      </trkpt>
      <trkpt lat="47.557162" lon="12.245276">
        <ele>1996.4</ele>
      </trkpt>
      <trkpt lat="47.557158" lon="12.245354">
        <ele>1993.3</ele>
      </trkpt>
      <trkpt lat="47.55715" lon="12.245371">
        <ele>1992.2</ele>
      </trkpt>
      <trkpt lat="47.557134" lon="12.245364">
        <ele>1991.1</ele>
      </trkpt>
      <trkpt lat="47.557109" lon="12.245329">
        <ele>1990.8</ele>
      </trkpt>
      <trkpt lat="47.557098" lon="12.245313">
        <ele>1991.0</ele>
      </trkpt>
      <trkpt lat="47.557078" lon="12.245318">
        <ele>1989.6</ele>
      </trkpt>
      <trkpt lat="47.557062" lon="12.245365">
        <ele>1985.7</ele>
      </trkpt>
      <trkpt lat="47.557044" lon="12.245487">
        <ele>1977.8</ele>
      </trkpt>
      <trkpt lat="47.557021" lon="12.245557">
        <ele>1974.5</ele>
      </trkpt>
      <trkpt lat="47.556995" lon="12.245599">
        <ele>1971.0</ele>
      </trkpt>
      <trkpt lat="47.55699" lon="12.245643">
        <ele>1970.6</ele>
      </trkpt>
      <trkpt lat="47.556983" lon="12.245724">
        <ele>1971.2</ele>
      </trkpt>
      <trkpt lat="47.556981" lon="12.245779">
        <ele>1970.0</ele>
      </trkpt>
      <trkpt lat="47.55698" lon="12.245802">
        <ele>1968.1</ele>
      </trkpt>
      <trkpt lat="47.557001" lon="12.245859">
        <ele>1963.2</ele>
      </trkpt>
      <trkpt lat="47.55704" lon="12.245893">
        <ele>1961.7</ele>
      </trkpt>
      <trkpt lat="47.55709" lon="12.245994">
        <ele>1952.6</ele>
      </trkpt>
      <trkpt lat="47.5571" lon="12.246052">
        <ele>1946.8</ele>
      </trkpt>
      <trkpt lat="47.557113" lon="12.246122">
        <ele>1940.4</ele>
      </trkpt>
      <trkpt lat="47.55713" lon="12.246182">
        <ele>1934.9</ele>
      </trkpt>
      <trkpt lat="47.557155" lon="12.246241">
        <ele>1931.0</ele>
      </trkpt>
      <trkpt lat="47.557155" lon="12.246244">
        <ele>1930.9</ele>
      </trkpt>
      <trkpt lat="47.557173" lon="12.246314">
        <ele>1926.8</ele>
      </trkpt>
      <trkpt lat="47.557218" lon="12.24637">
        <ele>1922.7</ele>
      </trkpt>
      <trkpt lat="47.557247" lon="12.246383">
        <ele>1921.7</ele>
      </trkpt>
      <trkpt lat="47.557266" lon="12.246404">
        <ele>1920.6</ele>
      </trkpt>
      <trkpt lat="47.55727" lon="12.246465">
        <ele>1917.7</ele>
      </trkpt>
      <trkpt lat="47.557247" lon="12.246551">
        <ele>1912.7</ele>
      </trkpt>
      <trkpt lat="47.557197" lon="12.246665">
        <ele>1903.0</ele>
      </trkpt>
      <trkpt lat="47.557174" lon="12.246769">
        <ele>1896.6</ele>
      </trkpt>
      <trkpt lat="47.557185" lon="12.246892">
        <ele>1892.7</ele>
      </trkpt>
      <trkpt lat="47.557206" lon="12.246983">
        <ele>1891.0</ele>
      </trkpt>
      <trkpt lat="47.557213" lon="12.247041">
        <ele>1889.7</ele>
      </trkpt>
      <trkpt lat="47.557204" lon="12.247085">
        <ele>1887.4</ele>
      </trkpt>
      <trkpt lat="47.55716" lon="12.247162">
        <ele>1879.9</ele>
      </trkpt>
      <trkpt lat="47.557148" lon="12.247227">
        <ele>1876.6</ele>
      </trkpt>
      <trkpt lat="47.557149" lon="12.247307">
        <ele>1874.0</ele>
      </trkpt>
      <trkpt lat="47.557151" lon="12.247385">
        <ele>1871.4</ele>
      </trkpt>
      <trkpt lat="47.55713" lon="12.247453">
        <ele>1867.2</ele>
      </trkpt>
      <trkpt lat="47.557118" lon="12.247531">
        <ele>1862.9</ele>
      </trkpt>
      <trkpt lat="47.557133" lon="12.247615">
        <ele>1860.9</ele>
      </trkpt>
      <trkpt lat="47.557153" lon="12.24774">
        <ele>1858.3</ele>
      </trkpt>
      <trkpt lat="47.557153" lon="12.247808">
        <ele>1857.0</ele>
      </trkpt>
      <trkpt lat="47.557134" lon="12.247875">
        <ele>1854.1</ele>
      </trkpt>
      <trkpt lat="47.5571" lon="12.247941">
        <ele>1850.3</ele>
      </trkpt>
      <trkpt lat="47.557081" lon="12.248007">
        <ele>1848.5</ele>
      </trkpt>
      <trkpt lat="47.557089" lon="12.248055">
        <ele>1848.9</ele>
      </trkpt>
      <trkpt lat="47.557087" lon="12.248173">
        <ele>1846.6</ele>
      </trkpt>
      <trkpt lat="47.557105" lon="12.248246">
        <ele>1845.6</ele>
      </trkpt>
      <trkpt lat="47.557113" lon="12.248316">
        <ele>1843.4</ele>
      </trkpt>
      <trkpt lat="47.557135" lon="12.248435">
        <ele>1840.3</ele>
      </trkpt>
      <trkpt lat="47.557136" lon="12.248576">
        <ele>1835.0</ele>
      </trkpt>
      <trkpt lat="47.557135" lon="12.248711">
        <ele>1830.9</ele>
      </trkpt>
      <trkpt lat="47.557103" lon="12.248762">
        <ele>1827.1</ele>
      </trkpt>
      <trkpt lat="47.557075" lon="12.248813">
        <ele>1824.6</ele>
      </trkpt>
      <trkpt lat="47.55704" lon="12.248971">
        <ele>1820.3</ele>
      </trkpt>
      <trkpt lat="47.557035" lon="12.248999">
        <ele>1819.7</ele>
      </trkpt>
      <trkpt lat="47.557004" lon="12.24922">
        <ele>1815.5</ele>
      </trkpt>
      <trkpt lat="47.556967" lon="12.249421">
        <ele>1811.0</ele>
      </trkpt>
      <trkpt lat="47.556919" lon="12.249625">
        <ele>1805.7</ele>
      </trkpt>
      <trkpt lat="47.556901" lon="12.249718">
        <ele>1802.9</ele>
      </trkpt>
      <trkpt lat="47.556869" lon="12.249888">
        <ele>1798.4</ele>
      </trkpt>
      <trkpt lat="47.556832" lon="12.249981">
        <ele>1795.1</ele>
      </trkpt>
      <trkpt lat="47.556744" lon="12.250066">
        <ele>1788.5</ele>
      </trkpt>
      <trkpt lat="47.556705" lon="12.250146">
        <ele>1785.7</ele>
      </trkpt>
      <trkpt lat="47.55665" lon="12.250289">
        <ele>1782.4</ele>
      </trkpt>
      <trkpt lat="47.556607" lon="12.250373">
        <ele>1780.8</ele>
      </trkpt>
      <trkpt lat="47.556575" lon="12.250442">
        <ele>1779.9</ele>
      </trkpt>
      <trkpt lat="47.556547" lon="12.250525">
        <ele>1779.4</ele>
      </trkpt>
      <trkpt lat="47.556516" lon="12.25056">
        <ele>1777.4</ele>
      </trkpt>
      <trkpt lat="47.556473" lon="12.250615">
        <ele>1775.1</ele>
      </trkpt>
      <trkpt lat="47.556391" lon="12.250687">
        <ele>1770.9</ele>
      </trkpt>
      <trkpt lat="47.556361" lon="12.250653">
        <ele>1768.7</ele>
      </trkpt>
      <trkpt lat="47.556343" lon="12.25063">
        <ele>1767.4</ele>
      </trkpt>
      <trkpt lat="47.556353" lon="12.25053">
        <ele>1766.0</ele>
      </trkpt>
      <trkpt lat="47.556361" lon="12.250465">
        <ele>1764.7</ele>
      </trkpt>
      <trkpt lat="47.556346" lon="12.250432">
        <ele>1763.2</ele>
      </trkpt>
      <trkpt lat="47.556271" lon="12.2504">
        <ele>1758.0</ele>
      </trkpt>
      <trkpt lat="47.556223" lon="12.250348">
        <ele>1753.6</ele>
      </trkpt>
      <trkpt lat="47.556218" lon="12.250285">
        <ele>1751.8</ele>
      </trkpt>
      <trkpt lat="47.556205" lon="12.250262">
        <ele>1750.3</ele>
      </trkpt>
      <trkpt lat="47.556162" lon="12.250252">
        <ele>1747.2</ele>
      </trkpt>
      <trkpt lat="47.55616" lon="12.250225">
        <ele>1746.3</ele>
      </trkpt>
      <trkpt lat="47.556171" lon="12.250177">
        <ele>1745.9</ele>
      </trkpt>
      <trkpt lat="47.55616" lon="12.250111">
        <ele>1744.0</ele>
      </trkpt>
      <trkpt lat="47.556136" lon="12.250019">
        <ele>1741.7</ele>
      </trkpt>
      <trkpt lat="47.556084" lon="12.249908">
        <ele>1738.5</ele>
      </trkpt>
      <trkpt lat="47.556069" lon="12.249892">
        <ele>1737.7</ele>
      </trkpt>
      <trkpt lat="47.55605" lon="12.249895">
        <ele>1736.5</ele>
      </trkpt>
      <trkpt lat="47.556039" lon="12.24994">
        <ele>1735.4</ele>
      </trkpt>
      <trkpt lat="47.556016" lon="12.249982">
        <ele>1733.7</ele>
      </trkpt>
      <trkpt lat="47.556" lon="12.249985">
        <ele>1732.6</ele>
      </trkpt>
      <trkpt lat="47.55597" lon="12.249925">
        <ele>1731.1</ele>
      </trkpt>
      <trkpt lat="47.555933" lon="12.249891">
        <ele>1729.3</ele>
      </trkpt>
      <trkpt lat="47.55592" lon="12.249906">
        <ele>1728.4</ele>
      </trkpt>
      <trkpt lat="47.555925" lon="12.249952">
        <ele>1728.0</ele>
      </trkpt>
      <trkpt lat="47.555919" lon="12.249992">
        <ele>1726.9</ele>
      </trkpt>
      <trkpt lat="47.555891" lon="12.250001">
        <ele>1724.9</ele>
      </trkpt>
      <trkpt lat="47.555865" lon="12.250033">
        <ele>1722.5</ele>
      </trkpt>
      <trkpt lat="47.555835" lon="12.250089">
        <ele>1720.1</ele>
      </trkpt>
      <trkpt lat="47.555801" lon="12.250139">
        <ele>1718.2</ele>
      </trkpt>
      <trkpt lat="47.555762" lon="12.250226">
        <ele>1716.9</ele>
      </trkpt>
      <trkpt lat="47.555751" lon="12.25024">
        <ele>1716.5</ele>
      </trkpt>
      <trkpt lat="47.555694" lon="12.250313">
        <ele>1714.0</ele>
      </trkpt>
      <trkpt lat="47.555653" lon="12.250333">
        <ele>1711.7</ele>
      </trkpt>
      <trkpt lat="47.555559" lon="12.250571">
        <ele>1704.8</ele>
      </trkpt>
      <trkpt lat="47.555545" lon="12.250655">
        <ele>1702.3</ele>
      </trkpt>
      <trkpt lat="47.555523" lon="12.250795">
        <ele>1699.3</ele>
      </trkpt>
      <trkpt lat="47.55552" lon="12.250862">
        <ele>1698.3</ele>
      </trkpt>
      <trkpt lat="47.555528" lon="12.250911">
        <ele>1697.1</ele>
      </trkpt>
      <trkpt lat="47.555552" lon="12.251006">
        <ele>1694.8</ele>
      </trkpt>
      <trkpt lat="47.555562" lon="12.251037">
        <ele>1694.4</ele>
      </trkpt>
      <trkpt lat="47.555586" lon="12.251123">
        <ele>1692.4</ele>
      </trkpt>
      <trkpt lat="47.555597" lon="12.25121">
        <ele>1689.3</ele>
      </trkpt>
      <trkpt lat="47.555593" lon="12.251281">
        <ele>1686.8</ele>
      </trkpt>
      <trkpt lat="47.555568" lon="12.251299">
        <ele>1683.9</ele>
      </trkpt>
      <trkpt lat="47.555536" lon="12.251312">
        <ele>1680.4</ele>
      </trkpt>
      <trkpt lat="47.555529" lon="12.251428">
        <ele>1678.2</ele>
      </trkpt>
      <trkpt lat="47.555516" lon="12.251566">
        <ele>1673.8</ele>
      </trkpt>
      <trkpt lat="47.555544" lon="12.251662">
        <ele>1673.4</ele>
      </trkpt>
      <trkpt lat="47.555536" lon="12.251736">
        <ele>1671.9</ele>
      </trkpt>
      <trkpt lat="47.5555" lon="12.25184">
        <ele>1669.0</ele>
      </trkpt>
      <trkpt lat="47.555464" lon="12.251955">
        <ele>1666.2</ele>
      </trkpt>
      <trkpt lat="47.555435" lon="12.251962">
        <ele>1664.0</ele>
      </trkpt>
      <trkpt lat="47.555405" lon="12.25195">
        <ele>1661.4</ele>
      </trkpt>
      <trkpt lat="47.555351" lon="12.251915">
        <ele>1656.5</ele>
      </trkpt>
      <trkpt lat="47.555271" lon="12.251965">
        <ele>1649.5</ele>
      </trkpt>
      <trkpt lat="47.555224" lon="12.25197">
        <ele>1645.4</ele>
      </trkpt>
      <trkpt lat="47.555177" lon="12.251971">
        <ele>1641.3</ele>
      </trkpt>
      <trkpt lat="47.555119" lon="12.252">
        <ele>1635.8</ele>
      </trkpt>
      <trkpt lat="47.555055" lon="12.252105">
        <ele>1629.8</ele>
      </trkpt>
      <trkpt lat="47.555009" lon="12.252165">
        <ele>1625.9</ele>
      </trkpt>
      <trkpt lat="47.554953" lon="12.252153">
        <ele>1622.5</ele>
      </trkpt>
      <trkpt lat="47.554891" lon="12.252085">
        <ele>1619.4</ele>
      </trkpt>
      <trkpt lat="47.55482" lon="12.252006">
        <ele>1615.6</ele>
      </trkpt>
      <trkpt lat="47.554748" lon="12.251917">
        <ele>1611.0</ele>
      </trkpt>
      <trkpt lat="47.554713" lon="12.251848">
        <ele>1607.9</ele>
      </trkpt>
      <trkpt lat="47.554699" lon="12.251794">
        <ele>1606.2</ele>
      </trkpt>
      <trkpt lat="47.554704" lon="12.251718">
        <ele>1605.7</ele>
      </trkpt>
      <trkpt lat="47.554666" lon="12.251692">
        <ele>1602.8</ele>
      </trkpt>
      <trkpt lat="47.554642" lon="12.251618">
        <ele>1600.5</ele>
      </trkpt>
      <trkpt lat="47.554603" lon="12.251547">
        <ele>1597.5</ele>
      </trkpt>
      <trkpt lat="47.554583" lon="12.251449">
        <ele>1595.6</ele>
      </trkpt>
      <trkpt lat="47.554574" lon="12.251428">
        <ele>1594.9</ele>
      </trkpt>
      <trkpt lat="47.554561" lon="12.25143">
        <ele>1594.1</ele>
      </trkpt>
      <trkpt lat="47.55454" lon="12.251453">
        <ele>1592.9</ele>
      </trkpt>
      <trkpt lat="47.554519" lon="12.25146">
        <ele>1591.7</ele>
      </trkpt>
      <trkpt lat="47.554506" lon="12.25142">
        <ele>1590.6</ele>
      </trkpt>
      <trkpt lat="47.554504" lon="12.251389">
        <ele>1590.3</ele>
      </trkpt>
      <trkpt lat="47.554499" lon="12.251372">
        <ele>1590.0</ele>
      </trkpt>
      <trkpt lat="47.554487" lon="12.25137">
        <ele>1589.3</ele>
      </trkpt>
      <trkpt lat="47.554477" lon="12.251388">
        <ele>1588.7</ele>
      </trkpt>
      <trkpt lat="47.554467" lon="12.251395">
        <ele>1588.2</ele>
      </trkpt>
      <trkpt lat="47.554459" lon="12.251375">
        <ele>1587.6</ele>
      </trkpt>
      <trkpt lat="47.554442" lon="12.251327">
        <ele>1586.5</ele>
      </trkpt>
      <trkpt lat="47.554419" lon="12.251279">
        <ele>1584.8</ele>
      </trkpt>
      <trkpt lat="47.554416" lon="12.251244">
        <ele>1584.1</ele>
      </trkpt>
      <trkpt lat="47.554426" lon="12.251219">
        <ele>1584.2</ele>
      </trkpt>
      <trkpt lat="47.554426" lon="12.251191">
        <ele>1583.6</ele>
      </trkpt>
      <trkpt lat="47.554418" lon="12.251169">
        <ele>1582.7</ele>
      </trkpt>
      <trkpt lat="47.554405" lon="12.251167">
        <ele>1581.8</ele>
      </trkpt>
      <trkpt lat="47.554371" lon="12.251177">
        <ele>1580.1</ele>
      </trkpt>
      <trkpt lat="47.554347" lon="12.251168">
        <ele>1578.5</ele>
      </trkpt>
      <trkpt lat="47.554325" lon="12.251138">
        <ele>1576.7</ele>
      </trkpt>
      <trkpt lat="47.554316" lon="12.251112">
        <ele>1575.6</ele>
      </trkpt>
      <trkpt lat="47.554316" lon="12.251081">
        <ele>1574.7</ele>
      </trkpt>
      <trkpt lat="47.554337" lon="12.250986">
        <ele>1573.3</ele>
      </trkpt>
      <trkpt lat="47.554237" lon="12.250982">
        <ele>1567.7</ele>
      </trkpt>
      <trkpt lat="47.554232" lon="12.25097">
        <ele>1567.1</ele>
      </trkpt>
      <trkpt lat="47.554249" lon="12.250922">
        <ele>1566.5</ele>
      </trkpt>
      <trkpt lat="47.554264" lon="12.250789">
        <ele>1564.2</ele>
      </trkpt>
      <trkpt lat="47.554249" lon="12.250752">
        <ele>1562.5</ele>
      </trkpt>
      <trkpt lat="47.554236" lon="12.250699">
        <ele>1560.9</ele>
      </trkpt>
      <trkpt lat="47.55424" lon="12.250669">
        <ele>1560.5</ele>
      </trkpt>
      <trkpt lat="47.554238" lon="12.250605">
        <ele>1559.1</ele>
      </trkpt>
      <trkpt lat="47.554269" lon="12.250478">
        <ele>1558.2</ele>
      </trkpt>
      <trkpt lat="47.554262" lon="12.250316">
        <ele>1555.0</ele>
      </trkpt>
      <trkpt lat="47.554235" lon="12.250328">
        <ele>1553.2</ele>
      </trkpt>
      <trkpt lat="47.554196" lon="12.250367">
        <ele>1551.2</ele>
      </trkpt>
      <trkpt lat="47.554176" lon="12.250344">
        <ele>1549.5</ele>
      </trkpt>
      <trkpt lat="47.554144" lon="12.250337">
        <ele>1547.4</ele>
      </trkpt>
      <trkpt lat="47.554111" lon="12.250352">
        <ele>1545.5</ele>
      </trkpt>
      <trkpt lat="47.554079" lon="12.250351">
        <ele>1543.6</ele>
      </trkpt>
      <trkpt lat="47.554065" lon="12.250321">
        <ele>1542.2</ele>
      </trkpt>
      <trkpt lat="47.554024" lon="12.250228">
        <ele>1538.6</ele>
      </trkpt>
      <trkpt lat="47.553996" lon="12.250109">
        <ele>1535.0</ele>
      </trkpt>
      <trkpt lat="47.553957" lon="12.250045">
        <ele>1531.7</ele>
      </trkpt>
      <trkpt lat="47.553957" lon="12.249965">
        <ele>1530.2</ele>
      </trkpt>
      <trkpt lat="47.553917" lon="12.24993">
        <ele>1527.0</ele>
      </trkpt>
      <trkpt lat="47.553925" lon="12.249832">
        <ele>1525.2</ele>
      </trkpt>
      <trkpt lat="47.553879" lon="12.249741">
        <ele>1520.0</ele>
      </trkpt>
      <trkpt lat="47.553847" lon="12.249626">
        <ele>1517.2</ele>
      </trkpt>
      <trkpt lat="47.553802" lon="12.249462">
        <ele>1515.7</ele>
      </trkpt>
      <trkpt lat="47.553712" lon="12.249363">
        <ele>1512.9</ele>
      </trkpt>
      <trkpt lat="47.553511" lon="12.249015">
        <ele>1502.4</ele>
      </trkpt>
      <trkpt lat="47.5534" lon="12.24881">
        <ele>1496.0</ele>
      </trkpt>
      <trkpt lat="47.553325" lon="12.248506">
        <ele>1492.3</ele>
      </trkpt>
      <trkpt lat="47.553218" lon="12.248419">
        <ele>1486.6</ele>
      </trkpt>
      <trkpt lat="47.553078" lon="12.248201">
        <ele>1484.8</ele>
      </trkpt>
      <trkpt lat="47.552985" lon="12.24812">
        <ele>1482.6</ele>
      </trkpt>
      <trkpt lat="47.552821" lon="12.248029">
        <ele>1475.0</ele>
      </trkpt>
      <trkpt lat="47.55264" lon="12.247931">
        <ele>1467.2</ele>
      </trkpt>
      <trkpt lat="47.552519" lon="12.24781">
        <ele>1462.5</ele>
      </trkpt>
      <trkpt lat="47.552424" lon="12.24777">
        <ele>1459.2</ele>
      </trkpt>
      <trkpt lat="47.552277" lon="12.24771">
        <ele>1453.8</ele>
      </trkpt>
      <trkpt lat="47.552112" lon="12.247669">
        <ele>1446.5</ele>
      </trkpt>
      <trkpt lat="47.551962" lon="12.247568">
        <ele>1439.0</ele>
      </trkpt>
      <trkpt lat="47.551843" lon="12.24746">
        <ele>1432.4</ele>
      </trkpt>
      <trkpt lat="47.551773" lon="12.24738">
        <ele>1429.0</ele>
      </trkpt>
      <trkpt lat="47.551691" lon="12.247347">
        <ele>1425.3</ele>
      </trkpt>
      <trkpt lat="47.551568" lon="12.247289">
        <ele>1419.7</ele>
      </trkpt>
      <trkpt lat="47.551375" lon="12.247272">
        <ele>1407.8</ele>
      </trkpt>
      <trkpt lat="47.551239" lon="12.247258">
        <ele>1400.0</ele>
      </trkpt>
      <trkpt lat="47.551144" lon="12.247203">
        <ele>1395.1</ele>
      </trkpt>
      <trkpt lat="47.550939" lon="12.247232">
        <ele>1384.5</ele>
      </trkpt>
      <trkpt lat="47.5508" lon="12.247316">
        <ele>1376.5</ele>
      </trkpt>
      <trkpt lat="47.550733" lon="12.247331">
        <ele>1373.2</ele>
      </trkpt>
      <trkpt lat="47.550568" lon="12.247226">
        <ele>1368.5</ele>
      </trkpt>
      <trkpt lat="47.550504" lon="12.247196">
        <ele>1366.6</ele>
      </trkpt>
      <trkpt lat="47.550387" lon="12.247219">
        <ele>1361.1</ele>
      </trkpt>
      <trkpt lat="47.550239" lon="12.247148">
        <ele>1355.8</ele>
      </trkpt>
      <trkpt lat="47.550066" lon="12.247004">
        <ele>1350.1</ele>
      </trkpt>
      <trkpt lat="47.549906" lon="12.246909">
        <ele>1345.6</ele>
      </trkpt>
      <trkpt lat="47.54981" lon="12.246827">
        <ele>1343.3</ele>
      </trkpt>
      <trkpt lat="47.549737" lon="12.246772">
        <ele>1340.7</ele>
      </trkpt>
      <trkpt lat="47.549706" lon="12.246768">
        <ele>1339.1</ele>
      </trkpt>
      <trkpt lat="47.549656" lon="12.246761">
        <ele>1336.8</ele>
      </trkpt>
      <trkpt lat="47.549615" lon="12.246746">
        <ele>1334.9</ele>
      </trkpt>
      <trkpt lat="47.549588" lon="12.246717">
        <ele>1333.7</ele>
      </trkpt>
      <trkpt lat="47.549576" lon="12.2467">
        <ele>1333.3</ele>
      </trkpt>
      <trkpt lat="47.549565" lon="12.246695">
        <ele>1332.7</ele>
      </trkpt>
      <trkpt lat="47.549542" lon="12.246704">
        <ele>1331.6</ele>
      </trkpt>
      <trkpt lat="47.549517" lon="12.246707">
        <ele>1330.3</ele>
      </trkpt>
      <trkpt lat="47.549479" lon="12.24669">
        <ele>1328.7</ele>
      </trkpt>
      <trkpt lat="47.549464" lon="12.246669">
        <ele>1328.1</ele>
      </trkpt>
      <trkpt lat="47.549455" lon="12.246664">
        <ele>1327.8</ele>
      </trkpt>
      <trkpt lat="47.549447" lon="12.246673">
        <ele>1327.3</ele>
      </trkpt>
      <trkpt lat="47.549434" lon="12.246694">
        <ele>1326.5</ele>
      </trkpt>
      <trkpt lat="47.549423" lon="12.246684">
        <ele>1326.1</ele>
      </trkpt>
      <trkpt lat="47.549417" lon="12.246675">
        <ele>1325.9</ele>
      </trkpt>
      <trkpt lat="47.549408" lon="12.246665">
        <ele>1325.6</ele>
      </trkpt>
      <trkpt lat="47.549396" lon="12.246656">
        <ele>1325.1</ele>
      </trkpt>
      <trkpt lat="47.549378" lon="12.246656">
        <ele>1324.2</ele>
      </trkpt>
      <trkpt lat="47.549341" lon="12.246707">
        <ele>1322.0</ele>
      </trkpt>
      <trkpt lat="47.549338" lon="12.246737">
        <ele>1321.5</ele>
      </trkpt>
      <trkpt lat="47.549324" lon="12.246752">
        <ele>1320.7</ele>
      </trkpt>
      <trkpt lat="47.549308" lon="12.246755">
        <ele>1319.9</ele>
      </trkpt>
      <trkpt lat="47.549287" lon="12.246738">
        <ele>1319.1</ele>
      </trkpt>
      <trkpt lat="47.549261" lon="12.246712">
        <ele>1318.2</ele>
      </trkpt>
      <trkpt lat="47.549243" lon="12.246693">
        <ele>1317.5</ele>
      </trkpt>
      <trkpt lat="47.549225" lon="12.246684">
        <ele>1316.8</ele>
      </trkpt>
      <trkpt lat="47.549199" lon="12.24668">
        <ele>1315.5</ele>
      </trkpt>
      <trkpt lat="47.549191" lon="12.246682">
        <ele>1315.1</ele>
      </trkpt>
      <trkpt lat="47.549177" lon="12.246668">
        <ele>1314.6</ele>
      </trkpt>
      <trkpt lat="47.549167" lon="12.246647">
        <ele>1314.3</ele>
      </trkpt>
      <trkpt lat="47.549163" lon="12.246633">
        <ele>1314.3</ele>
      </trkpt>
      <trkpt lat="47.549149" lon="12.246611">
        <ele>1313.8</ele>
      </trkpt>
      <trkpt lat="47.549133" lon="12.246582">
        <ele>1313.5</ele>
      </trkpt>
      <trkpt lat="47.549107" lon="12.246541">
        <ele>1312.8</ele>
      </trkpt>
      <trkpt lat="47.549093" lon="12.246533">
        <ele>1312.3</ele>
      </trkpt>
      <trkpt lat="47.549066" lon="12.246533">
        <ele>1311.2</ele>
      </trkpt>
      <trkpt lat="47.549042" lon="12.246526">
        <ele>1310.3</ele>
      </trkpt>
      <trkpt lat="47.549021" lon="12.246511">
        <ele>1309.7</ele>
      </trkpt>
      <trkpt lat="47.548993" lon="12.246497">
        <ele>1308.8</ele>
      </trkpt>
      <trkpt lat="47.54895" lon="12.246462">
        <ele>1307.8</ele>
      </trkpt>
      <trkpt lat="47.548911" lon="12.246461">
        <ele>1306.2</ele>
      </trkpt>
      <trkpt lat="47.548861" lon="12.246443">
        <ele>1304.1</ele>
      </trkpt>
      <trkpt lat="47.548827" lon="12.246431">
        <ele>1302.4</ele>
      </trkpt>
      <trkpt lat="47.548783" lon="12.246394">
        <ele>1300.3</ele>
      </trkpt>
      <trkpt lat="47.548755" lon="12.246351">
        <ele>1298.9</ele>
      </trkpt>
      <trkpt lat="47.548742" lon="12.246345">
        <ele>1298.1</ele>
      </trkpt>
      <trkpt lat="47.548732" lon="12.246349">
        <ele>1297.5</ele>
      </trkpt>
      <trkpt lat="47.548712" lon="12.246373">
        <ele>1296.1</ele>
      </trkpt>
      <trkpt lat="47.548694" lon="12.246375">
        <ele>1295.1</ele>
      </trkpt>
      <trkpt lat="47.548676" lon="12.246375">
        <ele>1294.1</ele>
      </trkpt>
      <trkpt lat="47.548654" lon="12.24638">
        <ele>1293.0</ele>
      </trkpt>
      <trkpt lat="47.548629" lon="12.246415">
        <ele>1291.6</ele>
      </trkpt>
      <trkpt lat="47.548619" lon="12.24643">
        <ele>1291.0</ele>
      </trkpt>
      <trkpt lat="47.548603" lon="12.246432">
        <ele>1290.4</ele>
      </trkpt>
      <trkpt lat="47.548575" lon="12.246445">
        <ele>1289.3</ele>
      </trkpt>
      <trkpt lat="47.54856" lon="12.246451">
        <ele>1288.7</ele>
      </trkpt>
      <trkpt lat="47.548525" lon="12.246473">
        <ele>1287.4</ele>
      </trkpt>
      <trkpt lat="47.548459" lon="12.246479">
        <ele>1285.4</ele>
      </trkpt>
      <trkpt lat="47.548412" lon="12.246471">
        <ele>1283.7</ele>
      </trkpt>
      <trkpt lat="47.548381" lon="12.24648">
        <ele>1282.5</ele>
      </trkpt>
      <trkpt lat="47.548366" lon="12.246501">
        <ele>1281.9</ele>
      </trkpt>
      <trkpt lat="47.548345" lon="12.246533">
        <ele>1281.0</ele>
      </trkpt>
      <trkpt lat="47.548333" lon="12.246539">
        <ele>1280.5</ele>
      </trkpt>
      <trkpt lat="47.548319" lon="12.246549">
        <ele>1280.0</ele>
      </trkpt>
      <trkpt lat="47.548307" lon="12.246581">
        <ele>1279.5</ele>
      </trkpt>
      <trkpt lat="47.548298" lon="12.246593">
        <ele>1279.1</ele>
      </trkpt>
      <trkpt lat="47.548269" lon="12.246613">
        <ele>1278.0</ele>
      </trkpt>
      <trkpt lat="47.548257" lon="12.246626">
        <ele>1277.4</ele>
      </trkpt>
      <trkpt lat="47.548244" lon="12.246623">
        <ele>1276.9</ele>
      </trkpt>
      <trkpt lat="47.548231" lon="12.246639">
        <ele>1276.3</ele>
      </trkpt>
      <trkpt lat="47.548222" lon="12.246663">
        <ele>1275.8</ele>
      </trkpt>
      <trkpt lat="47.548211" lon="12.246679">
        <ele>1275.3</ele>
      </trkpt>
      <trkpt lat="47.548194" lon="12.246685">
        <ele>1274.7</ele>
      </trkpt>
      <trkpt lat="47.548186" lon="12.246677">
        <ele>1274.3</ele>
      </trkpt>
      <trkpt lat="47.548183" lon="12.246661">
        <ele>1274.2</ele>
      </trkpt>
      <trkpt lat="47.548179" lon="12.246642">
        <ele>1274.1</ele>
      </trkpt>
      <trkpt lat="47.548172" lon="12.246628">
        <ele>1273.7</ele>
      </trkpt>
      <trkpt lat="47.548133" lon="12.246512">
        <ele>1271.4</ele>
      </trkpt>
      <trkpt lat="47.548098" lon="12.246448">
        <ele>1269.4</ele>
      </trkpt>
      <trkpt lat="47.548095" lon="12.246404">
        <ele>1268.9</ele>
      </trkpt>
      <trkpt lat="47.548096" lon="12.246354">
        <ele>1268.4</ele>
      </trkpt>
      <trkpt lat="47.548099" lon="12.246318">
        <ele>1268.3</ele>
      </trkpt>
      <trkpt lat="47.548099" lon="12.246257">
        <ele>1267.7</ele>
      </trkpt>
      <trkpt lat="47.548092" lon="12.246244">
        <ele>1267.3</ele>
      </trkpt>
      <trkpt lat="47.54808" lon="12.246246">
        <ele>1266.8</ele>
      </trkpt>
      <trkpt lat="47.548068" lon="12.246246">
        <ele>1266.3</ele>
      </trkpt>
      <trkpt lat="47.548056" lon="12.246235">
        <ele>1265.7</ele>
      </trkpt>
      <trkpt lat="47.548042" lon="12.246193">
        <ele>1264.9</ele>
      </trkpt>
      <trkpt lat="47.548028" lon="12.246174">
        <ele>1264.2</ele>
      </trkpt>
      <trkpt lat="47.547983" lon="12.246113">
        <ele>1262.0</ele>
      </trkpt>
      <trkpt lat="47.547946" lon="12.246064">
        <ele>1260.4</ele>
      </trkpt>
      <trkpt lat="47.547914" lon="12.24603">
        <ele>1259.3</ele>
      </trkpt>
      <trkpt lat="47.5479" lon="12.245946">
        <ele>1259.1</ele>
      </trkpt>
      <trkpt lat="47.547869" lon="12.245878">
        <ele>1258.5</ele>
      </trkpt>
      <trkpt lat="47.547839" lon="12.245841">
        <ele>1257.7</ele>
      </trkpt>
      <trkpt lat="47.547805" lon="12.245822">
        <ele>1257.0</ele>
      </trkpt>
      <trkpt lat="47.547795" lon="12.245863">
        <ele>1257.0</ele>
        <name>Jagersteig, Scheffau am Wilden Kaiser</name>
        <extensions>
          <oa:Extension>
            <oa:mapZoom>15</oa:mapZoom>
          </oa:Extension>
        </extensions>
      </trkpt>
      <trkpt lat="47.547805" lon="12.245822">
        <ele>1257.0</ele>
      </trkpt>
      <trkpt lat="47.547799" lon="12.245815">
        <ele>1256.8</ele>
      </trkpt>
      <trkpt lat="47.547757" lon="12.245767">
        <ele>1256.0</ele>
      </trkpt>
      <trkpt lat="47.547723" lon="12.245747">
        <ele>1255.3</ele>
      </trkpt>
      <trkpt lat="47.547707" lon="12.245744">
        <ele>1255.0</ele>
      </trkpt>
      <trkpt lat="47.5477" lon="12.245641">
        <ele>1253.6</ele>
      </trkpt>
      <trkpt lat="47.5477" lon="12.245562">
        <ele>1252.1</ele>
      </trkpt>
      <trkpt lat="47.547692" lon="12.245491">
        <ele>1250.3</ele>
      </trkpt>
      <trkpt lat="47.547694" lon="12.245451">
        <ele>1249.2</ele>
      </trkpt>
      <trkpt lat="47.547708" lon="12.245386">
        <ele>1247.5</ele>
      </trkpt>
      <trkpt lat="47.547708" lon="12.245371">
        <ele>1247.1</ele>
      </trkpt>
      <trkpt lat="47.547701" lon="12.245344">
        <ele>1246.3</ele>
      </trkpt>
      <trkpt lat="47.547685" lon="12.245335">
        <ele>1245.9</ele>
      </trkpt>
      <trkpt lat="47.54767" lon="12.245331">
        <ele>1245.7</ele>
      </trkpt>
      <trkpt lat="47.547664" lon="12.245309">
        <ele>1245.0</ele>
      </trkpt>
      <trkpt lat="47.547649" lon="12.245281">
        <ele>1244.0</ele>
      </trkpt>
      <trkpt lat="47.547627" lon="12.245238">
        <ele>1242.5</ele>
      </trkpt>
      <trkpt lat="47.547618" lon="12.245221">
        <ele>1241.9</ele>
      </trkpt>
      <trkpt lat="47.547616" lon="12.245204">
        <ele>1241.4</ele>
      </trkpt>
      <trkpt lat="47.547629" lon="12.245174">
        <ele>1240.6</ele>
      </trkpt>
      <trkpt lat="47.547655" lon="12.245144">
        <ele>1239.9</ele>
      </trkpt>
      <trkpt lat="47.54767" lon="12.245124">
        <ele>1239.3</ele>
      </trkpt>
      <trkpt lat="47.547679" lon="12.245102">
        <ele>1238.6</ele>
      </trkpt>
      <trkpt lat="47.547678" lon="12.245067">
        <ele>1237.4</ele>
      </trkpt>
      <trkpt lat="47.54767" lon="12.245041">
        <ele>1236.6</ele>
      </trkpt>
      <trkpt lat="47.547656" lon="12.245029">
        <ele>1236.3</ele>
      </trkpt>
      <trkpt lat="47.547657" lon="12.245012">
        <ele>1235.7</ele>
      </trkpt>
      <trkpt lat="47.547669" lon="12.245007">
        <ele>1235.5</ele>
      </trkpt>
      <trkpt lat="47.547677" lon="12.244996">
        <ele>1235.1</ele>
      </trkpt>
      <trkpt lat="47.547684" lon="12.244965">
        <ele>1234.0</ele>
      </trkpt>
      <trkpt lat="47.547692" lon="12.244953">
        <ele>1233.6</ele>
      </trkpt>
      <trkpt lat="47.547697" lon="12.244929">
        <ele>1232.8</ele>
      </trkpt>
      <trkpt lat="47.5477" lon="12.244858">
        <ele>1230.6</ele>
      </trkpt>
      <trkpt lat="47.54769" lon="12.244811">
        <ele>1229.1</ele>
      </trkpt>
      <trkpt lat="47.547669" lon="12.244774">
        <ele>1228.0</ele>
      </trkpt>
      <trkpt lat="47.547645" lon="12.244733">
        <ele>1226.6</ele>
      </trkpt>
      <trkpt lat="47.547641" lon="12.244717">
        <ele>1226.1</ele>
      </trkpt>
      <trkpt lat="47.547643" lon="12.244692">
        <ele>1225.5</ele>
      </trkpt>
      <trkpt lat="47.547649" lon="12.244664">
        <ele>1225.3</ele>
      </trkpt>
      <trkpt lat="47.54764" lon="12.244643">
        <ele>1224.6</ele>
      </trkpt>
      <trkpt lat="47.547621" lon="12.244635">
        <ele>1223.5</ele>
      </trkpt>
      <trkpt lat="47.547601" lon="12.244601">
        <ele>1222.2</ele>
      </trkpt>
      <trkpt lat="47.547573" lon="12.244594">
        <ele>1220.8</ele>
      </trkpt>
      <trkpt lat="47.547553" lon="12.244583">
        <ele>1219.8</ele>
      </trkpt>
      <trkpt lat="47.547548" lon="12.244581">
        <ele>1219.6</ele>
      </trkpt>
      <trkpt lat="47.547532" lon="12.244568">
        <ele>1218.8</ele>
      </trkpt>
      <trkpt lat="47.547517" lon="12.244511">
        <ele>1216.7</ele>
      </trkpt>
      <trkpt lat="47.547501" lon="12.244425">
        <ele>1214.5</ele>
      </trkpt>
      <trkpt lat="47.547461" lon="12.244319">
        <ele>1210.7</ele>
      </trkpt>
      <trkpt lat="47.547436" lon="12.244276">
        <ele>1208.7</ele>
      </trkpt>
      <trkpt lat="47.547416" lon="12.244241">
        <ele>1207.1</ele>
      </trkpt>
      <trkpt lat="47.547399" lon="12.244216">
        <ele>1205.9</ele>
      </trkpt>
      <trkpt lat="47.547375" lon="12.244203">
        <ele>1204.9</ele>
      </trkpt>
      <trkpt lat="47.54737" lon="12.244193">
        <ele>1204.5</ele>
      </trkpt>
      <trkpt lat="47.547374" lon="12.244162">
        <ele>1203.6</ele>
      </trkpt>
      <trkpt lat="47.547362" lon="12.244116">
        <ele>1202.0</ele>
      </trkpt>
      <trkpt lat="47.547362" lon="12.244115">
        <ele>1201.9</ele>
      </trkpt>
      <trkpt lat="47.547347" lon="12.244024">
        <ele>1199.8</ele>
      </trkpt>
      <trkpt lat="47.547334" lon="12.243965">
        <ele>1198.7</ele>
      </trkpt>
      <trkpt lat="47.547284" lon="12.243884">
        <ele>1196.0</ele>
      </trkpt>
      <trkpt lat="47.547215" lon="12.243822">
        <ele>1191.3</ele>
      </trkpt>
      <trkpt lat="47.547146" lon="12.243746">
        <ele>1188.2</ele>
      </trkpt>
      <trkpt lat="47.547099" lon="12.243673">
        <ele>1185.8</ele>
      </trkpt>
      <trkpt lat="47.546998" lon="12.243539">
        <ele>1182.9</ele>
      </trkpt>
      <trkpt lat="47.546986" lon="12.243517">
        <ele>1182.3</ele>
      </trkpt>
      <trkpt lat="47.546948" lon="12.243464">
        <ele>1180.3</ele>
      </trkpt>
      <trkpt lat="47.546889" lon="12.243345">
        <ele>1176.5</ele>
      </trkpt>
      <trkpt lat="47.546845" lon="12.243218">
        <ele>1173.8</ele>
      </trkpt>
      <trkpt lat="47.54676" lon="12.243046">
        <ele>1175.0</ele>
      </trkpt>
      <trkpt lat="47.546702" lon="12.242843">
        <ele>1172.4</ele>
      </trkpt>
      <trkpt lat="47.546686" lon="12.24281">
        <ele>1171.8</ele>
      </trkpt>
      <trkpt lat="47.546646" lon="12.242726">
        <ele>1170.2</ele>
      </trkpt>
      <trkpt lat="47.546644" lon="12.242721">
        <ele>1170.1</ele>
      </trkpt>
      <trkpt lat="47.546627" lon="12.242705">
        <ele>1170.0</ele>
      </trkpt>
      <trkpt lat="47.546584" lon="12.24268">
        <ele>1169.0</ele>
      </trkpt>
      <trkpt lat="47.546529" lon="12.242678">
        <ele>1166.5</ele>
      </trkpt>
      <trkpt lat="47.546498" lon="12.242714">
        <ele>1164.5</ele>
      </trkpt>
      <trkpt lat="47.546452" lon="12.242844">
        <ele>1162.3</ele>
      </trkpt>
      <trkpt lat="47.546421" lon="12.242937">
        <ele>1161.6</ele>
      </trkpt>
      <trkpt lat="47.546371" lon="12.242972">
        <ele>1159.9</ele>
      </trkpt>
      <trkpt lat="47.546237" lon="12.243008">
        <ele>1154.0</ele>
      </trkpt>
      <trkpt lat="47.546143" lon="12.243047">
        <ele>1151.4</ele>
      </trkpt>
      <trkpt lat="47.546087" lon="12.243079">
        <ele>1149.9</ele>
      </trkpt>
      <trkpt lat="47.546033" lon="12.24312">
        <ele>1148.3</ele>
      </trkpt>
      <trkpt lat="47.545939" lon="12.243202">
        <ele>1145.7</ele>
      </trkpt>
      <trkpt lat="47.545908" lon="12.243243">
        <ele>1145.2</ele>
      </trkpt>
      <trkpt lat="47.545857" lon="12.243271">
        <ele>1144.0</ele>
      </trkpt>
      <trkpt lat="47.545803" lon="12.243284">
        <ele>1142.8</ele>
      </trkpt>
      <trkpt lat="47.545778" lon="12.243291">
        <ele>1142.3</ele>
      </trkpt>
      <trkpt lat="47.545752" lon="12.243277">
        <ele>1141.5</ele>
      </trkpt>
      <trkpt lat="47.545666" lon="12.243169">
        <ele>1139.0</ele>
      </trkpt>
      <trkpt lat="47.545585" lon="12.243056">
        <ele>1137.2</ele>
      </trkpt>
      <trkpt lat="47.545569" lon="12.243022">
        <ele>1136.7</ele>
      </trkpt>
      <trkpt lat="47.545532" lon="12.242949">
        <ele>1135.8</ele>
      </trkpt>
      <trkpt lat="47.545511" lon="12.242911">
        <ele>1135.4</ele>
      </trkpt>
      <trkpt lat="47.545491" lon="12.242852">
        <ele>1134.8</ele>
      </trkpt>
      <trkpt lat="47.545487" lon="12.242815">
        <ele>1134.4</ele>
      </trkpt>
      <trkpt lat="47.545488" lon="12.24274">
        <ele>1133.6</ele>
      </trkpt>
      <trkpt lat="47.54549" lon="12.242669">
        <ele>1132.6</ele>
      </trkpt>
      <trkpt lat="47.545484" lon="12.242638">
        <ele>1132.3</ele>
      </trkpt>
      <trkpt lat="47.545465" lon="12.242575">
        <ele>1131.5</ele>
      </trkpt>
      <trkpt lat="47.545456" lon="12.242529">
        <ele>1130.7</ele>
      </trkpt>
      <trkpt lat="47.545447" lon="12.242507">
        <ele>1130.2</ele>
      </trkpt>
      <trkpt lat="47.545438" lon="12.242493">
        <ele>1129.7</ele>
      </trkpt>
      <trkpt lat="47.545429" lon="12.242488">
        <ele>1129.4</ele>
      </trkpt>
      <trkpt lat="47.545385" lon="12.242518">
        <ele>1128.7</ele>
      </trkpt>
      <trkpt lat="47.545257" lon="12.242661">
        <ele>1125.3</ele>
      </trkpt>
      <trkpt lat="47.545114" lon="12.242805">
        <ele>1120.0</ele>
      </trkpt>
      <trkpt lat="47.545059" lon="12.242842">
        <ele>1118.9</ele>
      </trkpt>
      <trkpt lat="47.545035" lon="12.24284">
        <ele>1118.2</ele>
      </trkpt>
      <trkpt lat="47.545022" lon="12.242824">
        <ele>1117.5</ele>
      </trkpt>
      <trkpt lat="47.545024" lon="12.24279">
        <ele>1116.5</ele>
      </trkpt>
      <trkpt lat="47.545056" lon="12.242687">
        <ele>1114.2</ele>
      </trkpt>
      <trkpt lat="47.545093" lon="12.242545">
        <ele>1110.9</ele>
      </trkpt>
      <trkpt lat="47.545121" lon="12.242371">
        <ele>1107.8</ele>
      </trkpt>
      <trkpt lat="47.545114" lon="12.242223">
        <ele>1103.6</ele>
      </trkpt>
      <trkpt lat="47.545116" lon="12.242072">
        <ele>1098.9</ele>
      </trkpt>
      <trkpt lat="47.545144" lon="12.242">
        <ele>1098.0</ele>
      </trkpt>
      <trkpt lat="47.545159" lon="12.241955">
        <ele>1097.7</ele>
      </trkpt>
      <trkpt lat="47.545154" lon="12.24193">
        <ele>1096.8</ele>
      </trkpt>
      <trkpt lat="47.545139" lon="12.241918">
        <ele>1095.7</ele>
      </trkpt>
      <trkpt lat="47.545125" lon="12.241926">
        <ele>1095.2</ele>
      </trkpt>
      <trkpt lat="47.5451" lon="12.241945">
        <ele>1094.6</ele>
      </trkpt>
      <trkpt lat="47.545078" lon="12.241975">
        <ele>1094.3</ele>
      </trkpt>
      <trkpt lat="47.545051" lon="12.241992">
        <ele>1093.4</ele>
      </trkpt>
      <trkpt lat="47.545032" lon="12.241992">
        <ele>1092.3</ele>
      </trkpt>
      <trkpt lat="47.545007" lon="12.242002">
        <ele>1091.3</ele>
      </trkpt>
      <trkpt lat="47.54497" lon="12.242019">
        <ele>1090.4</ele>
      </trkpt>
      <trkpt lat="47.54495" lon="12.242015">
        <ele>1089.6</ele>
      </trkpt>
      <trkpt lat="47.544933" lon="12.241998">
        <ele>1088.6</ele>
      </trkpt>
      <trkpt lat="47.544929" lon="12.241964">
        <ele>1087.5</ele>
      </trkpt>
      <trkpt lat="47.54494" lon="12.241914">
        <ele>1086.1</ele>
      </trkpt>
      <trkpt lat="47.544967" lon="12.24184">
        <ele>1084.2</ele>
      </trkpt>
      <trkpt lat="47.544994" lon="12.241806">
        <ele>1083.9</ele>
      </trkpt>
      <trkpt lat="47.545013" lon="12.241786">
        <ele>1084.0</ele>
      </trkpt>
      <trkpt lat="47.545034" lon="12.241723">
        <ele>1082.6</ele>
      </trkpt>
      <trkpt lat="47.545026" lon="12.241681">
        <ele>1080.8</ele>
      </trkpt>
      <trkpt lat="47.545036" lon="12.241653">
        <ele>1080.4</ele>
      </trkpt>
      <trkpt lat="47.545044" lon="12.241623">
        <ele>1079.8</ele>
      </trkpt>
      <trkpt lat="47.545038" lon="12.241589">
        <ele>1078.4</ele>
      </trkpt>
      <trkpt lat="47.545034" lon="12.241528">
        <ele>1076.3</ele>
      </trkpt>
      <trkpt lat="47.545043" lon="12.241462">
        <ele>1074.3</ele>
      </trkpt>
      <trkpt lat="47.545057" lon="12.241407">
        <ele>1072.7</ele>
      </trkpt>
      <trkpt lat="47.545082" lon="12.241385">
        <ele>1072.8</ele>
      </trkpt>
      <trkpt lat="47.545107" lon="12.241351">
        <ele>1072.4</ele>
      </trkpt>
      <trkpt lat="47.545113" lon="12.241315">
        <ele>1071.2</ele>
      </trkpt>
      <trkpt lat="47.545113" lon="12.241278">
        <ele>1069.7</ele>
      </trkpt>
      <trkpt lat="47.545119" lon="12.241257">
        <ele>1069.1</ele>
      </trkpt>
      <trkpt lat="47.54514" lon="12.241223">
        <ele>1068.6</ele>
      </trkpt>
      <trkpt lat="47.545182" lon="12.241139">
        <ele>1067.6</ele>
      </trkpt>
      <trkpt lat="47.545211" lon="12.240987">
        <ele>1064.5</ele>
      </trkpt>
      <trkpt lat="47.545216" lon="12.240841">
        <ele>1061.5</ele>
      </trkpt>
      <trkpt lat="47.545214" lon="12.240734">
        <ele>1059.5</ele>
      </trkpt>
      <trkpt lat="47.545206" lon="12.240574">
        <ele>1056.8</ele>
      </trkpt>
      <trkpt lat="47.545179" lon="12.240354">
        <ele>1053.1</ele>
      </trkpt>
      <trkpt lat="47.545183" lon="12.240187">
        <ele>1050.9</ele>
      </trkpt>
      <trkpt lat="47.545245" lon="12.240069">
        <ele>1048.8</ele>
      </trkpt>
      <trkpt lat="47.545319" lon="12.239906">
        <ele>1046.4</ele>
      </trkpt>
      <trkpt lat="47.545365" lon="12.239828">
        <ele>1045.1</ele>
      </trkpt>
      <trkpt lat="47.545426" lon="12.239787">
        <ele>1044.4</ele>
      </trkpt>
      <trkpt lat="47.545453" lon="12.239778">
        <ele>1044.0</ele>
      </trkpt>
      <trkpt lat="47.545509" lon="12.239758">
        <ele>1043.2</ele>
      </trkpt>
      <trkpt lat="47.545546" lon="12.239728">
        <ele>1043.2</ele>
      </trkpt>
      <trkpt lat="47.545549" lon="12.23968">
        <ele>1042.9</ele>
      </trkpt>
      <trkpt lat="47.545533" lon="12.239641">
        <ele>1042.2</ele>
      </trkpt>
      <trkpt lat="47.545481" lon="12.239618">
        <ele>1040.1</ele>
      </trkpt>
      <trkpt lat="47.545405" lon="12.239599">
        <ele>1037.8</ele>
      </trkpt>
      <trkpt lat="47.54532" lon="12.239623">
        <ele>1036.4</ele>
      </trkpt>
      <trkpt lat="47.545225" lon="12.239668">
        <ele>1035.1</ele>
      </trkpt>
      <trkpt lat="47.545219" lon="12.239671">
        <ele>1035.0</ele>
      </trkpt>
      <trkpt lat="47.545183" lon="12.239685">
        <ele>1034.2</ele>
      </trkpt>
      <trkpt lat="47.545127" lon="12.239677">
        <ele>1032.6</ele>
      </trkpt>
      <trkpt lat="47.545079" lon="12.239648">
        <ele>1031.1</ele>
      </trkpt>
      <trkpt lat="47.545054" lon="12.239632">
        <ele>1030.3</ele>
      </trkpt>
      <trkpt lat="47.544975" lon="12.239595">
        <ele>1028.0</ele>
      </trkpt>
      <trkpt lat="47.544937" lon="12.239569">
        <ele>1026.9</ele>
      </trkpt>
      <trkpt lat="47.544901" lon="12.239511">
        <ele>1025.4</ele>
      </trkpt>
      <trkpt lat="47.544893" lon="12.239448">
        <ele>1024.4</ele>
      </trkpt>
      <trkpt lat="47.544899" lon="12.239367">
        <ele>1023.3</ele>
      </trkpt>
      <trkpt lat="47.544901" lon="12.239332">
        <ele>1022.9</ele>
      </trkpt>
      <trkpt lat="47.544911" lon="12.239214">
        <ele>1021.5</ele>
      </trkpt>
      <trkpt lat="47.544896" lon="12.23913">
        <ele>1020.2</ele>
      </trkpt>
      <trkpt lat="47.544874" lon="12.239017">
        <ele>1018.2</ele>
      </trkpt>
      <trkpt lat="47.544844" lon="12.238882">
        <ele>1016.0</ele>
      </trkpt>
      <trkpt lat="47.544851" lon="12.238772">
        <ele>1014.3</ele>
      </trkpt>
      <trkpt lat="47.544897" lon="12.238644">
        <ele>1012.2</ele>
      </trkpt>
      <trkpt lat="47.544955" lon="12.238553">
        <ele>1010.6</ele>
      </trkpt>
      <trkpt lat="47.544978" lon="12.238459">
        <ele>1009.3</ele>
      </trkpt>
      <trkpt lat="47.544991" lon="12.238276">
        <ele>1006.7</ele>
      </trkpt>
      <trkpt lat="47.544984" lon="12.238166">
        <ele>1005.0</ele>
      </trkpt>
      <trkpt lat="47.544958" lon="12.238063">
        <ele>1003.4</ele>
      </trkpt>
      <trkpt lat="47.544897" lon="12.237904">
        <ele>1001.1</ele>
      </trkpt>
      <trkpt lat="47.544822" lon="12.237644">
        <ele>997.0</ele>
      </trkpt>
      <trkpt lat="47.544774" lon="12.237509">
        <ele>994.1</ele>
      </trkpt>
      <trkpt lat="47.544766" lon="12.237432">
        <ele>992.8</ele>
      </trkpt>
      <trkpt lat="47.544757" lon="12.237297">
        <ele>990.8</ele>
      </trkpt>
      <trkpt lat="47.544728" lon="12.237175">
        <ele>988.5</ele>
      </trkpt>
      <trkpt lat="47.544694" lon="12.236999">
        <ele>985.9</ele>
      </trkpt>
      <trkpt lat="47.544672" lon="12.236861">
        <ele>984.1</ele>
      </trkpt>
      <trkpt lat="47.544595" lon="12.236485">
        <ele>978.5</ele>
      </trkpt>
      <trkpt lat="47.544563" lon="12.236301">
        <ele>976.8</ele>
      </trkpt>
      <trkpt lat="47.544541" lon="12.236149">
        <ele>975.6</ele>
      </trkpt>
      <trkpt lat="47.54453" lon="12.236046">
        <ele>974.9</ele>
      </trkpt>
      <trkpt lat="47.544536" lon="12.235878">
        <ele>973.6</ele>
      </trkpt>
      <trkpt lat="47.54453" lon="12.235764">
        <ele>972.4</ele>
      </trkpt>
      <trkpt lat="47.544519" lon="12.23565">
        <ele>971.1</ele>
      </trkpt>
      <trkpt lat="47.54448" lon="12.235439">
        <ele>967.2</ele>
      </trkpt>
      <trkpt lat="47.544443" lon="12.235255">
        <ele>964.2</ele>
      </trkpt>
      <trkpt lat="47.54442" lon="12.235129">
        <ele>962.4</ele>
      </trkpt>
      <trkpt lat="47.54438" lon="12.234963">
        <ele>960.0</ele>
      </trkpt>
      <trkpt lat="47.544341" lon="12.234837">
        <ele>958.3</ele>
      </trkpt>
      <trkpt lat="47.544343" lon="12.234769">
        <ele>957.5</ele>
      </trkpt>
      <trkpt lat="47.544364" lon="12.234661">
        <ele>956.4</ele>
      </trkpt>
      <trkpt lat="47.544403" lon="12.234525">
        <ele>955.3</ele>
      </trkpt>
      <trkpt lat="47.5444" lon="12.234442">
        <ele>954.8</ele>
      </trkpt>
      <trkpt lat="47.544363" lon="12.234429">
        <ele>954.2</ele>
      </trkpt>
      <trkpt lat="47.544296" lon="12.234475">
        <ele>953.4</ele>
      </trkpt>
      <trkpt lat="47.544192" lon="12.234546">
        <ele>951.3</ele>
      </trkpt>
      <trkpt lat="47.544097" lon="12.234627">
        <ele>949.6</ele>
      </trkpt>
      <trkpt lat="47.544023" lon="12.23467">
        <ele>947.2</ele>
      </trkpt>
      <trkpt lat="47.543958" lon="12.234671">
        <ele>947.1</ele>
      </trkpt>
      <trkpt lat="47.543862" lon="12.234616">
        <ele>946.8</ele>
      </trkpt>
      <trkpt lat="47.543803" lon="12.234596">
        <ele>946.3</ele>
      </trkpt>
      <trkpt lat="47.543751" lon="12.234615">
        <ele>945.4</ele>
      </trkpt>
      <trkpt lat="47.543637" lon="12.234622">
        <ele>943.5</ele>
      </trkpt>
      <trkpt lat="47.543586" lon="12.234626">
        <ele>942.9</ele>
      </trkpt>
      <trkpt lat="47.54357" lon="12.234604">
        <ele>942.6</ele>
      </trkpt>
      <trkpt lat="47.543545" lon="12.234575">
        <ele>942.1</ele>
      </trkpt>
      <trkpt lat="47.543496" lon="12.234526">
        <ele>941.1</ele>
      </trkpt>
      <trkpt lat="47.543453" lon="12.234486">
        <ele>940.3</ele>
      </trkpt>
      <trkpt lat="47.543338" lon="12.234385">
        <ele>938.2</ele>
      </trkpt>
      <trkpt lat="47.543275" lon="12.234325">
        <ele>936.8</ele>
      </trkpt>
      <trkpt lat="47.543217" lon="12.234266">
        <ele>935.9</ele>
      </trkpt>
      <trkpt lat="47.543165" lon="12.234212">
        <ele>934.8</ele>
      </trkpt>
      <trkpt lat="47.543114" lon="12.234144">
        <ele>933.6</ele>
      </trkpt>
      <trkpt lat="47.543072" lon="12.234078">
        <ele>932.6</ele>
      </trkpt>
      <trkpt lat="47.543044" lon="12.234024">
        <ele>931.9</ele>
      </trkpt>
      <trkpt lat="47.543018" lon="12.233954">
        <ele>931.0</ele>
      </trkpt>
      <trkpt lat="47.542986" lon="12.233862">
        <ele>930.1</ele>
      </trkpt>
      <trkpt lat="47.54298" lon="12.233816">
        <ele>929.7</ele>
      </trkpt>
      <trkpt lat="47.542979" lon="12.233767">
        <ele>929.4</ele>
      </trkpt>
      <trkpt lat="47.542984" lon="12.233716">
        <ele>929.1</ele>
      </trkpt>
      <trkpt lat="47.542991" lon="12.233663">
        <ele>928.8</ele>
      </trkpt>
      <trkpt lat="47.543001" lon="12.233594">
        <ele>928.4</ele>
      </trkpt>
      <trkpt lat="47.543005" lon="12.233536">
        <ele>927.9</ele>
      </trkpt>
      <trkpt lat="47.543005" lon="12.23347">
        <ele>927.3</ele>
      </trkpt>
      <trkpt lat="47.543004" lon="12.233406">
        <ele>926.7</ele>
      </trkpt>
      <trkpt lat="47.542994" lon="12.233326">
        <ele>925.9</ele>
      </trkpt>
      <trkpt lat="47.542981" lon="12.233267">
        <ele>925.3</ele>
      </trkpt>
      <trkpt lat="47.542957" lon="12.233183">
        <ele>924.5</ele>
      </trkpt>
      <trkpt lat="47.542932" lon="12.233117">
        <ele>923.7</ele>
      </trkpt>
      <trkpt lat="47.542888" lon="12.233037">
        <ele>922.7</ele>
      </trkpt>
      <trkpt lat="47.542831" lon="12.232936">
        <ele>921.5</ele>
      </trkpt>
      <trkpt lat="47.542798" lon="12.232879">
        <ele>920.8</ele>
      </trkpt>
      <trkpt lat="47.542762" lon="12.232817">
        <ele>919.9</ele>
      </trkpt>
      <trkpt lat="47.542693" lon="12.232684">
        <ele>918.5</ele>
      </trkpt>
      <trkpt lat="47.542661" lon="12.232628">
        <ele>917.6</ele>
      </trkpt>
      <trkpt lat="47.542629" lon="12.232603">
        <ele>917.3</ele>
      </trkpt>
      <trkpt lat="47.542604" lon="12.232597">
        <ele>917.2</ele>
      </trkpt>
      <trkpt lat="47.542568" lon="12.232598">
        <ele>917.2</ele>
      </trkpt>
      <trkpt lat="47.542513" lon="12.232603">
        <ele>917.0</ele>
      </trkpt>
      <trkpt lat="47.542412" lon="12.232622">
        <ele>916.4</ele>
      </trkpt>
      <trkpt lat="47.542336" lon="12.232628">
        <ele>916.2</ele>
      </trkpt>
      <trkpt lat="47.542403" lon="12.232523">
        <ele>915.8</ele>
      </trkpt>
      <trkpt lat="47.542487" lon="12.232398">
        <ele>914.8</ele>
      </trkpt>
      <trkpt lat="47.542533" lon="12.232338">
        <ele>914.3</ele>
      </trkpt>
      <trkpt lat="47.542565" lon="12.232307">
        <ele>914.1</ele>
      </trkpt>
      <trkpt lat="47.542609" lon="12.232283">
        <ele>913.6</ele>
      </trkpt>
      <trkpt lat="47.542636" lon="12.232276">
        <ele>913.1</ele>
      </trkpt>
      <trkpt lat="47.542663" lon="12.23228">
        <ele>912.7</ele>
      </trkpt>
      <trkpt lat="47.542682" lon="12.232291">
        <ele>912.4</ele>
      </trkpt>
      <trkpt lat="47.542728" lon="12.232325">
        <ele>911.7</ele>
      </trkpt>
      <trkpt lat="47.542778" lon="12.232354">
        <ele>911.3</ele>
      </trkpt>
      <trkpt lat="47.542831" lon="12.232389">
        <ele>911.2</ele>
      </trkpt>
      <trkpt lat="47.542909" lon="12.232445">
        <ele>910.4</ele>
      </trkpt>
      <trkpt lat="47.542962" lon="12.232478">
        <ele>910.2</ele>
      </trkpt>
      <trkpt lat="47.543008" lon="12.2325">
        <ele>910.2</ele>
      </trkpt>
      <trkpt lat="47.543045" lon="12.232511">
        <ele>910.0</ele>
      </trkpt>
      <trkpt lat="47.543072" lon="12.232511">
        <ele>909.7</ele>
      </trkpt>
      <trkpt lat="47.543106" lon="12.232503">
        <ele>909.4</ele>
      </trkpt>
      <trkpt lat="47.543126" lon="12.232488">
        <ele>909.0</ele>
      </trkpt>
      <trkpt lat="47.543143" lon="12.232465">
        <ele>908.7</ele>
      </trkpt>
      <trkpt lat="47.543152" lon="12.232435">
        <ele>908.4</ele>
      </trkpt>
      <trkpt lat="47.543155" lon="12.232409">
        <ele>908.3</ele>
      </trkpt>
      <trkpt lat="47.543152" lon="12.232372">
        <ele>908.3</ele>
      </trkpt>
      <trkpt lat="47.543147" lon="12.232338">
        <ele>908.6</ele>
      </trkpt>
      <trkpt lat="47.543135" lon="12.232296">
        <ele>909.0</ele>
      </trkpt>
      <trkpt lat="47.543101" lon="12.232219">
        <ele>908.7</ele>
      </trkpt>
      <trkpt lat="47.543079" lon="12.232155">
        <ele>908.3</ele>
      </trkpt>
      <trkpt lat="47.543069" lon="12.232097">
        <ele>908.3</ele>
      </trkpt>
      <trkpt lat="47.543064" lon="12.232024">
        <ele>908.1</ele>
      </trkpt>
      <trkpt lat="47.543063" lon="12.231922">
        <ele>907.5</ele>
      </trkpt>
      <trkpt lat="47.543068" lon="12.231841">
        <ele>906.8</ele>
      </trkpt>
      <trkpt lat="47.543078" lon="12.231774">
        <ele>906.3</ele>
      </trkpt>
      <trkpt lat="47.543106" lon="12.23166">
        <ele>905.5</ele>
      </trkpt>
      <trkpt lat="47.54315" lon="12.231519">
        <ele>905.1</ele>
      </trkpt>
      <trkpt lat="47.54317" lon="12.231441">
        <ele>904.9</ele>
      </trkpt>
      <trkpt lat="47.543196" lon="12.231333">
        <ele>904.8</ele>
      </trkpt>
      <trkpt lat="47.543208" lon="12.231247">
        <ele>904.7</ele>
      </trkpt>
      <trkpt lat="47.54325" lon="12.231041">
        <ele>905.9</ele>
      </trkpt>
      <trkpt lat="47.543299" lon="12.230824">
        <ele>904.9</ele>
      </trkpt>
      <trkpt lat="47.543355" lon="12.230614">
        <ele>905.4</ele>
      </trkpt>
      <trkpt lat="47.543403" lon="12.230492">
        <ele>906.2</ele>
      </trkpt>
      <trkpt lat="47.543416" lon="12.23047">
        <ele>906.1</ele>
      </trkpt>
      <trkpt lat="47.543447" lon="12.230428">
        <ele>906.0</ele>
      </trkpt>
      <trkpt lat="47.543515" lon="12.230353">
        <ele>905.7</ele>
      </trkpt>
      <trkpt lat="47.543561" lon="12.230302">
        <ele>905.4</ele>
      </trkpt>
      <trkpt lat="47.543595" lon="12.23026">
        <ele>905.2</ele>
      </trkpt>
      <trkpt lat="47.54362" lon="12.230214">
        <ele>904.9</ele>
      </trkpt>
      <trkpt lat="47.543637" lon="12.230176">
        <ele>904.7</ele>
      </trkpt>
      <trkpt lat="47.543649" lon="12.230137">
        <ele>904.5</ele>
      </trkpt>
      <trkpt lat="47.543654" lon="12.230102">
        <ele>904.3</ele>
      </trkpt>
      <trkpt lat="47.543657" lon="12.230061">
        <ele>904.1</ele>
      </trkpt>
      <trkpt lat="47.543656" lon="12.230021">
        <ele>903.9</ele>
      </trkpt>
      <trkpt lat="47.543654" lon="12.229957">
        <ele>903.6</ele>
      </trkpt>
      <trkpt lat="47.543643" lon="12.229831">
        <ele>903.0</ele>
      </trkpt>
      <trkpt lat="47.543633" lon="12.229713">
        <ele>902.8</ele>
      </trkpt>
      <trkpt lat="47.543624" lon="12.229599">
        <ele>902.8</ele>
      </trkpt>
      <trkpt lat="47.543608" lon="12.22947">
        <ele>902.6</ele>
      </trkpt>
      <trkpt lat="47.543599" lon="12.229403">
        <ele>902.5</ele>
      </trkpt>
      <trkpt lat="47.543587" lon="12.229307">
        <ele>902.2</ele>
      </trkpt>
      <trkpt lat="47.543573" lon="12.229242">
        <ele>901.9</ele>
      </trkpt>
      <trkpt lat="47.543558" lon="12.229183">
        <ele>901.7</ele>
      </trkpt>
      <trkpt lat="47.54354" lon="12.229131">
        <ele>901.4</ele>
      </trkpt>
      <trkpt lat="47.543516" lon="12.229068">
        <ele>901.1</ele>
      </trkpt>
      <trkpt lat="47.543473" lon="12.228981">
        <ele>900.6</ele>
      </trkpt>
      <trkpt lat="47.543409" lon="12.228859">
        <ele>900.7</ele>
      </trkpt>
      <trkpt lat="47.543378" lon="12.228789">
        <ele>900.8</ele>
      </trkpt>
      <trkpt lat="47.543363" lon="12.228739">
        <ele>901.0</ele>
      </trkpt>
      <trkpt lat="47.543352" lon="12.228685">
        <ele>901.1</ele>
      </trkpt>
      <trkpt lat="47.543343" lon="12.228617">
        <ele>901.2</ele>
      </trkpt>
      <trkpt lat="47.543334" lon="12.228506">
        <ele>901.6</ele>
      </trkpt>
      <trkpt lat="47.543332" lon="12.228412">
        <ele>901.9</ele>
      </trkpt>
      <trkpt lat="47.543332" lon="12.228325">
        <ele>902.1</ele>
      </trkpt>
      <trkpt lat="47.54334" lon="12.228241">
        <ele>902.3</ele>
      </trkpt>
      <trkpt lat="47.54335" lon="12.22817">
        <ele>902.6</ele>
      </trkpt>
      <trkpt lat="47.543368" lon="12.228087">
        <ele>902.6</ele>
      </trkpt>
      <trkpt lat="47.543387" lon="12.228018">
        <ele>902.3</ele>
      </trkpt>
      <trkpt lat="47.54342" lon="12.227936">
        <ele>902.2</ele>
      </trkpt>
      <trkpt lat="47.543435" lon="12.22788">
        <ele>902.1</ele>
      </trkpt>
      <trkpt lat="47.543451" lon="12.227822">
        <ele>902.1</ele>
      </trkpt>
      <trkpt lat="47.54346" lon="12.22778">
        <ele>902.2</ele>
      </trkpt>
      <trkpt lat="47.543467" lon="12.227723">
        <ele>902.2</ele>
      </trkpt>
      <trkpt lat="47.543481" lon="12.227603">
        <ele>902.4</ele>
      </trkpt>
      <trkpt lat="47.54349" lon="12.227487">
        <ele>902.1</ele>
      </trkpt>
      <trkpt lat="47.543503" lon="12.227363">
        <ele>902.1</ele>
      </trkpt>
      <trkpt lat="47.543515" lon="12.227237">
        <ele>901.7</ele>
      </trkpt>
      <trkpt lat="47.543525" lon="12.227107">
        <ele>900.8</ele>
      </trkpt>
      <trkpt lat="47.543534" lon="12.226972">
        <ele>900.4</ele>
      </trkpt>
      <trkpt lat="47.543541" lon="12.226889">
        <ele>900.4</ele>
      </trkpt>
      <trkpt lat="47.543558" lon="12.226702">
        <ele>900.3</ele>
      </trkpt>
      <trkpt lat="47.543562" lon="12.226619">
        <ele>900.4</ele>
      </trkpt>
      <trkpt lat="47.543566" lon="12.226567">
        <ele>900.6</ele>
      </trkpt>
      <trkpt lat="47.543568" lon="12.226473">
        <ele>901.2</ele>
      </trkpt>
      <trkpt lat="47.543567" lon="12.226408">
        <ele>901.6</ele>
      </trkpt>
      <trkpt lat="47.543562" lon="12.226351">
        <ele>901.8</ele>
      </trkpt>
      <trkpt lat="47.543557" lon="12.226302">
        <ele>902.0</ele>
      </trkpt>
      <trkpt lat="47.543549" lon="12.226241">
        <ele>902.1</ele>
      </trkpt>
      <trkpt lat="47.543537" lon="12.226189">
        <ele>902.0</ele>
      </trkpt>
      <trkpt lat="47.543523" lon="12.226141">
        <ele>901.9</ele>
      </trkpt>
      <trkpt lat="47.543504" lon="12.226098">
        <ele>902.1</ele>
      </trkpt>
      <trkpt lat="47.54348" lon="12.226065">
        <ele>902.3</ele>
      </trkpt>
      <trkpt lat="47.543453" lon="12.226037">
        <ele>902.7</ele>
      </trkpt>
      <trkpt lat="47.543424" lon="12.226021">
        <ele>903.2</ele>
      </trkpt>
      <trkpt lat="47.543396" lon="12.226004">
        <ele>903.8</ele>
      </trkpt>
      <trkpt lat="47.543372" lon="12.225996">
        <ele>904.3</ele>
      </trkpt>
      <trkpt lat="47.543337" lon="12.225991">
        <ele>904.8</ele>
      </trkpt>
      <trkpt lat="47.543284" lon="12.225987">
        <ele>905.6</ele>
      </trkpt>
      <trkpt lat="47.543247" lon="12.225986">
        <ele>906.2</ele>
      </trkpt>
      <trkpt lat="47.543161" lon="12.225968">
        <ele>906.8</ele>
      </trkpt>
      <trkpt lat="47.543107" lon="12.225929">
        <ele>906.5</ele>
      </trkpt>
      <trkpt lat="47.543075" lon="12.225881">
        <ele>906.2</ele>
      </trkpt>
      <trkpt lat="47.543031" lon="12.22577">
        <ele>905.2</ele>
      </trkpt>
      <trkpt lat="47.542959" lon="12.225516">
        <ele>902.8</ele>
      </trkpt>
      <trkpt lat="47.542866" lon="12.225139">
        <ele>899.9</ele>
      </trkpt>
      <trkpt lat="47.542818" lon="12.224932">
        <ele>898.2</ele>
      </trkpt>
      <trkpt lat="47.542777" lon="12.224745">
        <ele>895.9</ele>
      </trkpt>
      <trkpt lat="47.542726" lon="12.224491">
        <ele>893.4</ele>
      </trkpt>
      <trkpt lat="47.542712" lon="12.224422">
        <ele>892.7</ele>
      </trkpt>
      <trkpt lat="47.542692" lon="12.224331">
        <ele>891.7</ele>
      </trkpt>
      <trkpt lat="47.542668" lon="12.224238">
        <ele>890.7</ele>
      </trkpt>
      <trkpt lat="47.542638" lon="12.224149">
        <ele>889.8</ele>
      </trkpt>
      <trkpt lat="47.542601" lon="12.224041">
        <ele>889.2</ele>
      </trkpt>
      <trkpt lat="47.542575" lon="12.223957">
        <ele>889.1</ele>
      </trkpt>
      <trkpt lat="47.542565" lon="12.223904">
        <ele>889.0</ele>
      </trkpt>
      <trkpt lat="47.542555" lon="12.223848">
        <ele>888.9</ele>
      </trkpt>
      <trkpt lat="47.542547" lon="12.223781">
        <ele>888.9</ele>
      </trkpt>
      <trkpt lat="47.54254" lon="12.223673">
        <ele>888.8</ele>
      </trkpt>
      <trkpt lat="47.542534" lon="12.223593">
        <ele>888.7</ele>
      </trkpt>
      <trkpt lat="47.542528" lon="12.223524">
        <ele>888.7</ele>
      </trkpt>
      <trkpt lat="47.542518" lon="12.223472">
        <ele>888.7</ele>
      </trkpt>
      <trkpt lat="47.542507" lon="12.223432">
        <ele>888.6</ele>
      </trkpt>
      <trkpt lat="47.542421" lon="12.223204">
        <ele>888.3</ele>
      </trkpt>
      <trkpt lat="47.542358" lon="12.222995">
        <ele>887.9</ele>
      </trkpt>
      <trkpt lat="47.542345" lon="12.222925">
        <ele>887.6</ele>
      </trkpt>
      <trkpt lat="47.542211" lon="12.222996">
        <ele>885.7</ele>
      </trkpt>
      <trkpt lat="47.542145" lon="12.223035">
        <ele>884.9</ele>
      </trkpt>
      <trkpt lat="47.542135" lon="12.223075">
        <ele>884.8</ele>
      </trkpt>
      <trkpt lat="47.542144" lon="12.223156">
        <ele>885.0</ele>
      </trkpt>
      <trkpt lat="47.542158" lon="12.223241">
        <ele>885.3</ele>
      </trkpt>
      <trkpt lat="47.542168" lon="12.223361">
        <ele>885.4</ele>
      </trkpt>
      <trkpt lat="47.542164" lon="12.223404">
        <ele>885.2</ele>
      </trkpt>
      <trkpt lat="47.542135" lon="12.223428">
        <ele>884.7</ele>
      </trkpt>
      <trkpt lat="47.542085" lon="12.223491">
        <ele>883.5</ele>
      </trkpt>
      <trkpt lat="47.542031" lon="12.22359">
        <ele>881.4</ele>
      </trkpt>
      <trkpt lat="47.541974" lon="12.223668">
        <ele>879.2</ele>
      </trkpt>
      <trkpt lat="47.541934" lon="12.223694">
        <ele>879.0</ele>
      </trkpt>
      <trkpt lat="47.541899" lon="12.223706">
        <ele>880.1</ele>
      </trkpt>
      <trkpt lat="47.541859" lon="12.223698">
        <ele>882.3</ele>
      </trkpt>
      <trkpt lat="47.541829" lon="12.223643">
        <ele>884.1</ele>
      </trkpt>
      <trkpt lat="47.541782" lon="12.223565">
        <ele>886.0</ele>
      </trkpt>
      <trkpt lat="47.541725" lon="12.223513">
        <ele>887.3</ele>
      </trkpt>
      <trkpt lat="47.541665" lon="12.223495">
        <ele>887.7</ele>
      </trkpt>
      <trkpt lat="47.54156" lon="12.223493">
        <ele>888.8</ele>
      </trkpt>
      <trkpt lat="47.541484" lon="12.223463">
        <ele>889.7</ele>
      </trkpt>
      <trkpt lat="47.541414" lon="12.223447">
        <ele>890.8</ele>
      </trkpt>
      <trkpt lat="47.541312" lon="12.22339">
        <ele>891.9</ele>
      </trkpt>
      <trkpt lat="47.541261" lon="12.223344">
        <ele>892.5</ele>
      </trkpt>
      <trkpt lat="47.541228" lon="12.223246">
        <ele>892.4</ele>
      </trkpt>
      <trkpt lat="47.541204" lon="12.223114">
        <ele>892.8</ele>
      </trkpt>
      <trkpt lat="47.541176" lon="12.223027">
        <ele>893.6</ele>
      </trkpt>
      <trkpt lat="47.541143" lon="12.222973">
        <ele>894.5</ele>
      </trkpt>
      <trkpt lat="47.541123" lon="12.222947">
        <ele>894.7</ele>
      </trkpt>
      <trkpt lat="47.541098" lon="12.222926">
        <ele>894.8</ele>
      </trkpt>
      <trkpt lat="47.541033" lon="12.222894">
        <ele>895.6</ele>
      </trkpt>
      <trkpt lat="47.540987" lon="12.222869">
        <ele>895.8</ele>
      </trkpt>
      <trkpt lat="47.540948" lon="12.22288">
        <ele>896.8</ele>
      </trkpt>
      <trkpt lat="47.540904" lon="12.222931">
        <ele>898.3</ele>
      </trkpt>
      <trkpt lat="47.540858" lon="12.223082">
        <ele>899.9</ele>
      </trkpt>
      <trkpt lat="47.540796" lon="12.223218">
        <ele>901.1</ele>
      </trkpt>
      <trkpt lat="47.540729" lon="12.22332">
        <ele>901.5</ele>
      </trkpt>
      <trkpt lat="47.540628" lon="12.223405">
        <ele>902.6</ele>
      </trkpt>
      <trkpt lat="47.540513" lon="12.223421">
        <ele>904.5</ele>
      </trkpt>
      <trkpt lat="47.540463" lon="12.223447">
        <ele>905.5</ele>
      </trkpt>
      <trkpt lat="47.540412" lon="12.223546">
        <ele>905.8</ele>
      </trkpt>
      <trkpt lat="47.540362" lon="12.223708">
        <ele>905.4</ele>
      </trkpt>
      <trkpt lat="47.540319" lon="12.223811">
        <ele>905.6</ele>
      </trkpt>
      <trkpt lat="47.540268" lon="12.223892">
        <ele>905.2</ele>
      </trkpt>
      <trkpt lat="47.540241" lon="12.223991">
        <ele>904.0</ele>
      </trkpt>
      <trkpt lat="47.540201" lon="12.224055">
        <ele>904.2</ele>
      </trkpt>
      <trkpt lat="47.540214" lon="12.223916">
        <ele>905.5</ele>
      </trkpt>
      <trkpt lat="47.540224" lon="12.22384">
        <ele>906.8</ele>
      </trkpt>
      <trkpt lat="47.540261" lon="12.223772">
        <ele>907.9</ele>
      </trkpt>
      <trkpt lat="47.540299" lon="12.223686">
        <ele>909.1</ele>
      </trkpt>
      <trkpt lat="47.540327" lon="12.223585">
        <ele>909.6</ele>
      </trkpt>
      <trkpt lat="47.540328" lon="12.223468">
        <ele>910.7</ele>
      </trkpt>
      <trkpt lat="47.540339" lon="12.223308">
        <ele>912.5</ele>
      </trkpt>
      <trkpt lat="47.540362" lon="12.223198">
        <ele>913.9</ele>
      </trkpt>
      <trkpt lat="47.540416" lon="12.222993">
        <ele>915.8</ele>
      </trkpt>
      <trkpt lat="47.540429" lon="12.222837">
        <ele>918.0</ele>
      </trkpt>
      <trkpt lat="47.54043" lon="12.22276">
        <ele>918.4</ele>
      </trkpt>
      <trkpt lat="47.540411" lon="12.222689">
        <ele>919.5</ele>
      </trkpt>
      <trkpt lat="47.540389" lon="12.222657">
        <ele>920.4</ele>
      </trkpt>
      <trkpt lat="47.54031" lon="12.222632">
        <ele>922.1</ele>
      </trkpt>
      <trkpt lat="47.540242" lon="12.222603">
        <ele>922.3</ele>
      </trkpt>
      <trkpt lat="47.540191" lon="12.222538">
        <ele>923.3</ele>
      </trkpt>
      <trkpt lat="47.540174" lon="12.222496">
        <ele>923.8</ele>
      </trkpt>
      <trkpt lat="47.54016" lon="12.222414">
        <ele>923.6</ele>
      </trkpt>
      <trkpt lat="47.540157" lon="12.222293">
        <ele>923.3</ele>
      </trkpt>
      <trkpt lat="47.540156" lon="12.222191">
        <ele>923.6</ele>
      </trkpt>
      <trkpt lat="47.540153" lon="12.2221">
        <ele>923.8</ele>
      </trkpt>
      <trkpt lat="47.540132" lon="12.221922">
        <ele>924.1</ele>
      </trkpt>
      <trkpt lat="47.540081" lon="12.221762">
        <ele>924.8</ele>
      </trkpt>
      <trkpt lat="47.540008" lon="12.221571">
        <ele>927.4</ele>
      </trkpt>
      <trkpt lat="47.539945" lon="12.221407">
        <ele>926.6</ele>
      </trkpt>
      <trkpt lat="47.539879" lon="12.221203">
        <ele>926.6</ele>
      </trkpt>
      <trkpt lat="47.539828" lon="12.22107">
        <ele>927.6</ele>
      </trkpt>
      <trkpt lat="47.539754" lon="12.2209">
        <ele>930.7</ele>
      </trkpt>
      <trkpt lat="47.539619" lon="12.220658">
        <ele>935.1</ele>
      </trkpt>
      <trkpt lat="47.539569" lon="12.220567">
        <ele>937.4</ele>
      </trkpt>
      <trkpt lat="47.539536" lon="12.220486">
        <ele>939.9</ele>
      </trkpt>
      <trkpt lat="47.539516" lon="12.220436">
        <ele>940.9</ele>
      </trkpt>
      <trkpt lat="47.539486" lon="12.220353">
        <ele>941.7</ele>
      </trkpt>
      <trkpt lat="47.539456" lon="12.220303">
        <ele>941.9</ele>
      </trkpt>
      <trkpt lat="47.539376" lon="12.220197">
        <ele>943.1</ele>
      </trkpt>
      <trkpt lat="47.539349" lon="12.22016">
        <ele>944.0</ele>
      </trkpt>
      <trkpt lat="47.539258" lon="12.220052">
        <ele>943.1</ele>
      </trkpt>
      <trkpt lat="47.539177" lon="12.219943">
        <ele>940.0</ele>
      </trkpt>
      <trkpt lat="47.53911" lon="12.219869">
        <ele>936.7</ele>
      </trkpt>
      <trkpt lat="47.539036" lon="12.219822">
        <ele>935.3</ele>
      </trkpt>
      <trkpt lat="47.538993" lon="12.219811">
        <ele>935.0</ele>
      </trkpt>
      <trkpt lat="47.538882" lon="12.219811">
        <ele>932.7</ele>
      </trkpt>
      <trkpt lat="47.538776" lon="12.219803">
        <ele>930.9</ele>
      </trkpt>
      <trkpt lat="47.538716" lon="12.219774">
        <ele>931.0</ele>
      </trkpt>
      <trkpt lat="47.53869" lon="12.219746">
        <ele>931.0</ele>
      </trkpt>
      <trkpt lat="47.538671" lon="12.219715">
        <ele>930.8</ele>
      </trkpt>
      <trkpt lat="47.538644" lon="12.219661">
        <ele>930.4</ele>
      </trkpt>
      <trkpt lat="47.538621" lon="12.219598">
        <ele>930.1</ele>
      </trkpt>
      <trkpt lat="47.538582" lon="12.219547">
        <ele>930.9</ele>
      </trkpt>
      <trkpt lat="47.538538" lon="12.219498">
        <ele>931.2</ele>
      </trkpt>
      <trkpt lat="47.538509" lon="12.219457">
        <ele>930.9</ele>
      </trkpt>
      <trkpt lat="47.538478" lon="12.219396">
        <ele>930.8</ele>
      </trkpt>
      <trkpt lat="47.538448" lon="12.219316">
        <ele>931.0</ele>
      </trkpt>
      <trkpt lat="47.538421" lon="12.219237">
        <ele>930.5</ele>
      </trkpt>
      <trkpt lat="47.538396" lon="12.219184">
        <ele>929.8</ele>
      </trkpt>
      <trkpt lat="47.538361" lon="12.219158">
        <ele>929.2</ele>
      </trkpt>
      <trkpt lat="47.538312" lon="12.219146">
        <ele>929.1</ele>
      </trkpt>
      <trkpt lat="47.538217" lon="12.219132">
        <ele>928.5</ele>
      </trkpt>
      <trkpt lat="47.538117" lon="12.219142">
        <ele>926.6</ele>
      </trkpt>
      <trkpt lat="47.538102" lon="12.218995">
        <ele>926.2</ele>
      </trkpt>
      <trkpt lat="47.538097" lon="12.218862">
        <ele>925.6</ele>
      </trkpt>
      <trkpt lat="47.538102" lon="12.2187">
        <ele>924.7</ele>
      </trkpt>
      <trkpt lat="47.538106" lon="12.218545">
        <ele>923.8</ele>
      </trkpt>
      <trkpt lat="47.538109" lon="12.218446">
        <ele>923.2</ele>
      </trkpt>
      <trkpt lat="47.538107" lon="12.218275">
        <ele>922.1</ele>
      </trkpt>
      <trkpt lat="47.5381" lon="12.21817">
        <ele>921.1</ele>
      </trkpt>
      <trkpt lat="47.538091" lon="12.218136">
        <ele>920.8</ele>
      </trkpt>
      <trkpt lat="47.538099" lon="12.218083">
        <ele>920.3</ele>
      </trkpt>
      <trkpt lat="47.538099" lon="12.218">
        <ele>919.4</ele>
      </trkpt>
      <trkpt lat="47.53812" lon="12.217902">
        <ele>918.5</ele>
      </trkpt>
      <trkpt lat="47.53815" lon="12.217826">
        <ele>917.0</ele>
      </trkpt>
      <trkpt lat="47.5382" lon="12.217746">
        <ele>914.9</ele>
      </trkpt>
      <trkpt lat="47.538247" lon="12.217656">
        <ele>913.4</ele>
      </trkpt>
      <trkpt lat="47.538334" lon="12.217479">
        <ele>910.7</ele>
      </trkpt>
      <trkpt lat="47.538382" lon="12.217382">
        <ele>908.7</ele>
      </trkpt>
      <trkpt lat="47.538415" lon="12.217264">
        <ele>907.0</ele>
      </trkpt>
      <trkpt lat="47.538457" lon="12.217087">
        <ele>904.0</ele>
      </trkpt>
      <trkpt lat="47.538485" lon="12.216959">
        <ele>902.5</ele>
      </trkpt>
      <trkpt lat="47.538495" lon="12.216827">
        <ele>902.0</ele>
      </trkpt>
      <trkpt lat="47.538515" lon="12.216695">
        <ele>899.3</ele>
      </trkpt>
      <trkpt lat="47.538539" lon="12.216509">
        <ele>895.6</ele>
      </trkpt>
      <trkpt lat="47.538567" lon="12.216266">
        <ele>892.5</ele>
      </trkpt>
      <trkpt lat="47.53862" lon="12.216102">
        <ele>890.2</ele>
      </trkpt>
      <trkpt lat="47.538712" lon="12.215906">
        <ele>886.2</ele>
      </trkpt>
      <trkpt lat="47.53875" lon="12.215797">
        <ele>884.9</ele>
      </trkpt>
      <trkpt lat="47.538752" lon="12.215748">
        <ele>884.3</ele>
      </trkpt>
      <trkpt lat="47.538737" lon="12.215678">
        <ele>884.6</ele>
      </trkpt>
      <trkpt lat="47.538709" lon="12.21559">
        <ele>885.9</ele>
      </trkpt>
      <trkpt lat="47.538695" lon="12.215506">
        <ele>888.5</ele>
      </trkpt>
      <trkpt lat="47.538707" lon="12.215438">
        <ele>889.3</ele>
      </trkpt>
      <trkpt lat="47.53872" lon="12.215379">
        <ele>889.4</ele>
      </trkpt>
      <trkpt lat="47.53872" lon="12.215338">
        <ele>889.9</ele>
      </trkpt>
      <trkpt lat="47.538701" lon="12.215212">
        <ele>892.2</ele>
      </trkpt>
      <trkpt lat="47.538699" lon="12.2151">
        <ele>892.9</ele>
      </trkpt>
      <trkpt lat="47.538709" lon="12.214925">
        <ele>892.5</ele>
      </trkpt>
      <trkpt lat="47.538735" lon="12.214753">
        <ele>890.6</ele>
      </trkpt>
      <trkpt lat="47.538721" lon="12.214662">
        <ele>891.9</ele>
      </trkpt>
      <trkpt lat="47.538708" lon="12.214591">
        <ele>893.3</ele>
      </trkpt>
      <trkpt lat="47.538718" lon="12.214514">
        <ele>893.1</ele>
      </trkpt>
      <trkpt lat="47.53874" lon="12.214397">
        <ele>894.7</ele>
      </trkpt>
      <trkpt lat="47.538805" lon="12.214282">
        <ele>893.7</ele>
      </trkpt>
      <trkpt lat="47.538855" lon="12.214198">
        <ele>892.0</ele>
      </trkpt>
      <trkpt lat="47.538872" lon="12.214129">
        <ele>891.5</ele>
      </trkpt>
      <trkpt lat="47.538883" lon="12.213992">
        <ele>891.3</ele>
      </trkpt>
      <trkpt lat="47.53889" lon="12.213958">
        <ele>891.3</ele>
        <name>Seespitz, Scheffau am Wilden Kaiser</name>
        <extensions>
          <oa:Extension>
            <oa:mapZoom>15</oa:mapZoom>
          </oa:Extension>
        </extensions>
      </trkpt>
      <trkpt lat="47.538912" lon="12.213844">
        <ele>891.1</ele>
      </trkpt>
      <trkpt lat="47.538941" lon="12.213675">
        <ele>893.4</ele>
      </trkpt>
      <trkpt lat="47.538996" lon="12.213512">
        <ele>893.6</ele>
      </trkpt>
      <trkpt lat="47.539001" lon="12.213382">
        <ele>893.1</ele>
      </trkpt>
      <trkpt lat="47.538993" lon="12.21321">
        <ele>892.6</ele>
      </trkpt>
      <trkpt lat="47.538993" lon="12.213024">
        <ele>894.1</ele>
      </trkpt>
      <trkpt lat="47.538999" lon="12.212899">
        <ele>897.1</ele>
      </trkpt>
      <trkpt lat="47.539014" lon="12.212834">
        <ele>899.0</ele>
      </trkpt>
      <trkpt lat="47.539042" lon="12.212785">
        <ele>899.3</ele>
      </trkpt>
      <trkpt lat="47.5391" lon="12.21269">
        <ele>897.8</ele>
      </trkpt>
      <trkpt lat="47.539146" lon="12.212557">
        <ele>897.2</ele>
      </trkpt>
      <trkpt lat="47.539186" lon="12.212438">
        <ele>897.3</ele>
      </trkpt>
      <trkpt lat="47.539214" lon="12.212377">
        <ele>897.4</ele>
      </trkpt>
      <trkpt lat="47.53925" lon="12.212328">
        <ele>897.8</ele>
      </trkpt>
      <trkpt lat="47.53931" lon="12.212292">
        <ele>896.6</ele>
      </trkpt>
      <trkpt lat="47.539393" lon="12.212247">
        <ele>893.9</ele>
      </trkpt>
      <trkpt lat="47.539466" lon="12.212203">
        <ele>889.7</ele>
      </trkpt>
      <trkpt lat="47.539492" lon="12.212145">
        <ele>889.1</ele>
      </trkpt>
      <trkpt lat="47.539548" lon="12.212007">
        <ele>888.4</ele>
      </trkpt>
      <trkpt lat="47.539587" lon="12.211874">
        <ele>887.5</ele>
      </trkpt>
      <trkpt lat="47.539599" lon="12.211719">
        <ele>887.9</ele>
      </trkpt>
      <trkpt lat="47.539598" lon="12.211618">
        <ele>887.7</ele>
      </trkpt>
      <trkpt lat="47.539586" lon="12.211485">
        <ele>887.2</ele>
      </trkpt>
      <trkpt lat="47.539567" lon="12.211412">
        <ele>888.2</ele>
      </trkpt>
      <trkpt lat="47.539562" lon="12.211338">
        <ele>888.6</ele>
      </trkpt>
      <trkpt lat="47.539552" lon="12.211195">
        <ele>889.6</ele>
      </trkpt>
      <trkpt lat="47.539533" lon="12.211134">
        <ele>890.4</ele>
      </trkpt>
      <trkpt lat="47.539501" lon="12.211035">
        <ele>891.7</ele>
      </trkpt>
      <trkpt lat="47.53949" lon="12.210948">
        <ele>891.3</ele>
      </trkpt>
      <trkpt lat="47.539491" lon="12.210815">
        <ele>889.3</ele>
      </trkpt>
      <trkpt lat="47.539488" lon="12.210698">
        <ele>888.4</ele>
      </trkpt>
      <trkpt lat="47.539485" lon="12.210482">
        <ele>886.8</ele>
      </trkpt>
      <trkpt lat="47.539472" lon="12.210417">
        <ele>886.6</ele>
      </trkpt>
      <trkpt lat="47.539419" lon="12.210336">
        <ele>886.3</ele>
      </trkpt>
      <trkpt lat="47.539331" lon="12.210225">
        <ele>884.7</ele>
      </trkpt>
      <trkpt lat="47.539264" lon="12.210061">
        <ele>883.5</ele>
      </trkpt>
      <trkpt lat="47.539211" lon="12.209892">
        <ele>884.8</ele>
      </trkpt>
      <trkpt lat="47.539163" lon="12.209616">
        <ele>884.9</ele>
      </trkpt>
      <trkpt lat="47.539145" lon="12.209473">
        <ele>885.4</ele>
      </trkpt>
      <trkpt lat="47.539126" lon="12.209358">
        <ele>885.6</ele>
      </trkpt>
      <trkpt lat="47.539095" lon="12.209249">
        <ele>885.0</ele>
      </trkpt>
      <trkpt lat="47.539072" lon="12.209203">
        <ele>884.9</ele>
      </trkpt>
      <trkpt lat="47.539018" lon="12.209151">
        <ele>885.3</ele>
      </trkpt>
      <trkpt lat="47.538961" lon="12.209063">
        <ele>884.4</ele>
      </trkpt>
      <trkpt lat="47.538886" lon="12.208896">
        <ele>883.8</ele>
      </trkpt>
      <trkpt lat="47.538776" lon="12.208643">
        <ele>883.6</ele>
      </trkpt>
      <trkpt lat="47.53874" lon="12.208521">
        <ele>884.0</ele>
      </trkpt>
      <trkpt lat="47.538729" lon="12.208422">
        <ele>884.3</ele>
      </trkpt>
      <trkpt lat="47.538717" lon="12.208256">
        <ele>884.7</ele>
      </trkpt>
      <trkpt lat="47.538708" lon="12.208156">
        <ele>884.5</ele>
      </trkpt>
      <trkpt lat="47.538687" lon="12.208077">
        <ele>884.1</ele>
      </trkpt>
      <trkpt lat="47.53865" lon="12.207944">
        <ele>883.7</ele>
      </trkpt>
      <trkpt lat="47.538616" lon="12.207758">
        <ele>883.3</ele>
      </trkpt>
      <trkpt lat="47.538586" lon="12.207562">
        <ele>883.3</ele>
      </trkpt>
      <trkpt lat="47.538558" lon="12.207422">
        <ele>883.3</ele>
      </trkpt>
      <trkpt lat="47.538526" lon="12.2073">
        <ele>883.0</ele>
      </trkpt>
      <trkpt lat="47.538493" lon="12.207208">
        <ele>883.0</ele>
      </trkpt>
      <trkpt lat="47.538465" lon="12.20715">
        <ele>883.1</ele>
      </trkpt>
      <trkpt lat="47.538432" lon="12.20706">
        <ele>883.2</ele>
      </trkpt>
      <trkpt lat="47.538412" lon="12.206937">
        <ele>883.0</ele>
      </trkpt>
      <trkpt lat="47.538386" lon="12.206798">
        <ele>882.8</ele>
      </trkpt>
      <trkpt lat="47.538358" lon="12.206689">
        <ele>882.7</ele>
      </trkpt>
      <trkpt lat="47.538322" lon="12.206555">
        <ele>883.0</ele>
      </trkpt>
      <trkpt lat="47.538269" lon="12.206392">
        <ele>883.7</ele>
      </trkpt>
      <trkpt lat="47.538225" lon="12.206267">
        <ele>883.8</ele>
      </trkpt>
      <trkpt lat="47.538171" lon="12.206164">
        <ele>883.9</ele>
      </trkpt>
      <trkpt lat="47.53811" lon="12.206066">
        <ele>883.8</ele>
      </trkpt>
      <trkpt lat="47.538042" lon="12.205962">
        <ele>884.5</ele>
      </trkpt>
      <trkpt lat="47.538019" lon="12.205886">
        <ele>884.6</ele>
      </trkpt>
      <trkpt lat="47.538005" lon="12.205824">
        <ele>884.9</ele>
      </trkpt>
      <trkpt lat="47.537993" lon="12.205774">
        <ele>885.2</ele>
      </trkpt>
      <trkpt lat="47.537986" lon="12.205623">
        <ele>885.0</ele>
      </trkpt>
      <trkpt lat="47.53798" lon="12.205231">
        <ele>885.6</ele>
      </trkpt>
      <trkpt lat="47.537977" lon="12.20497">
        <ele>886.8</ele>
      </trkpt>
      <trkpt lat="47.537976" lon="12.204828">
        <ele>887.3</ele>
      </trkpt>
      <trkpt lat="47.537984" lon="12.204719">
        <ele>887.6</ele>
      </trkpt>
      <trkpt lat="47.537997" lon="12.204543">
        <ele>888.6</ele>
      </trkpt>
      <trkpt lat="47.538021" lon="12.204385">
        <ele>889.6</ele>
      </trkpt>
      <trkpt lat="47.53802" lon="12.20433">
        <ele>890.1</ele>
      </trkpt>
      <trkpt lat="47.538008" lon="12.204165">
        <ele>891.1</ele>
      </trkpt>
      <trkpt lat="47.537985" lon="12.20398">
        <ele>892.2</ele>
      </trkpt>
      <trkpt lat="47.537989" lon="12.20388">
        <ele>892.5</ele>
      </trkpt>
      <trkpt lat="47.53801" lon="12.203763">
        <ele>893.2</ele>
      </trkpt>
      <trkpt lat="47.538032" lon="12.203537">
        <ele>895.4</ele>
      </trkpt>
      <trkpt lat="47.538054" lon="12.203381">
        <ele>895.9</ele>
      </trkpt>
      <trkpt lat="47.538069" lon="12.203123">
        <ele>897.9</ele>
      </trkpt>
      <trkpt lat="47.538079" lon="12.202928">
        <ele>899.2</ele>
      </trkpt>
      <trkpt lat="47.538069" lon="12.202698">
        <ele>901.4</ele>
      </trkpt>
      <trkpt lat="47.538078" lon="12.202423">
        <ele>902.4</ele>
      </trkpt>
      <trkpt lat="47.538102" lon="12.20224">
        <ele>904.0</ele>
      </trkpt>
      <trkpt lat="47.538183" lon="12.201909">
        <ele>906.0</ele>
      </trkpt>
      <trkpt lat="47.538279" lon="12.201465">
        <ele>908.2</ele>
      </trkpt>
      <trkpt lat="47.53834" lon="12.20117">
        <ele>909.7</ele>
      </trkpt>
      <trkpt lat="47.538378" lon="12.20094">
        <ele>910.9</ele>
      </trkpt>
      <trkpt lat="47.538415" lon="12.200686">
        <ele>912.0</ele>
      </trkpt>
      <trkpt lat="47.538406" lon="12.20016">
        <ele>916.0</ele>
      </trkpt>
      <trkpt lat="47.538416" lon="12.199627">
        <ele>919.6</ele>
      </trkpt>
      <trkpt lat="47.538421" lon="12.19912">
        <ele>922.2</ele>
      </trkpt>
      <trkpt lat="47.538393" lon="12.198852">
        <ele>923.4</ele>
      </trkpt>
      <trkpt lat="47.538387" lon="12.198747">
        <ele>923.8</ele>
      </trkpt>
      <trkpt lat="47.538364" lon="12.198604">
        <ele>924.4</ele>
      </trkpt>
      <trkpt lat="47.538347" lon="12.198444">
        <ele>924.9</ele>
      </trkpt>
      <trkpt lat="47.538346" lon="12.19832">
        <ele>925.2</ele>
      </trkpt>
      <trkpt lat="47.538357" lon="12.198148">
        <ele>925.1</ele>
      </trkpt>
      <trkpt lat="47.538363" lon="12.197992">
        <ele>924.9</ele>
      </trkpt>
      <trkpt lat="47.538401" lon="12.197471">
        <ele>924.0</ele>
      </trkpt>
      <trkpt lat="47.538416" lon="12.197329">
        <ele>923.7</ele>
      </trkpt>
      <trkpt lat="47.538427" lon="12.19722">
        <ele>923.5</ele>
      </trkpt>
      <trkpt lat="47.538444" lon="12.197169">
        <ele>923.3</ele>
      </trkpt>
      <trkpt lat="47.538522" lon="12.197096">
        <ele>923.2</ele>
      </trkpt>
      <trkpt lat="47.538464" lon="12.197023">
        <ele>922.7</ele>
      </trkpt>
      <trkpt lat="47.538437" lon="12.196974">
        <ele>922.5</ele>
      </trkpt>
      <trkpt lat="47.538415" lon="12.196914">
        <ele>922.4</ele>
      </trkpt>
      <trkpt lat="47.538402" lon="12.196868">
        <ele>922.2</ele>
      </trkpt>
      <trkpt lat="47.538396" lon="12.196814">
        <ele>921.9</ele>
      </trkpt>
      <trkpt lat="47.53838" lon="12.196601">
        <ele>920.7</ele>
      </trkpt>
      <trkpt lat="47.538389" lon="12.196199">
        <ele>918.0</ele>
      </trkpt>
      <trkpt lat="47.538393" lon="12.195952">
        <ele>916.4</ele>
      </trkpt>
      <trkpt lat="47.538392" lon="12.195867">
        <ele>915.9</ele>
      </trkpt>
      <trkpt lat="47.538385" lon="12.195764">
        <ele>915.2</ele>
      </trkpt>
      <trkpt lat="47.538377" lon="12.195672">
        <ele>914.6</ele>
      </trkpt>
      <trkpt lat="47.538355" lon="12.195545">
        <ele>914.1</ele>
      </trkpt>
      <trkpt lat="47.538329" lon="12.195264">
        <ele>913.2</ele>
      </trkpt>
      <trkpt lat="47.538303" lon="12.195013">
        <ele>913.3</ele>
      </trkpt>
      <trkpt lat="47.538299" lon="12.194878">
        <ele>912.5</ele>
      </trkpt>
      <trkpt lat="47.5383" lon="12.194711">
        <ele>911.9</ele>
      </trkpt>
      <trkpt lat="47.538313" lon="12.194597">
        <ele>911.8</ele>
      </trkpt>
      <trkpt lat="47.538344" lon="12.194402">
        <ele>911.7</ele>
      </trkpt>
      <trkpt lat="47.538372" lon="12.194244">
        <ele>912.2</ele>
      </trkpt>
      <trkpt lat="47.538415" lon="12.19411">
        <ele>913.0</ele>
      </trkpt>
      <trkpt lat="47.538453" lon="12.194044">
        <ele>913.7</ele>
      </trkpt>
      <trkpt lat="47.538515" lon="12.193963">
        <ele>914.4</ele>
      </trkpt>
      <trkpt lat="47.538559" lon="12.193905">
        <ele>914.0</ele>
      </trkpt>
      <trkpt lat="47.538584" lon="12.193851">
        <ele>913.7</ele>
      </trkpt>
      <trkpt lat="47.538604" lon="12.193767">
        <ele>913.1</ele>
      </trkpt>
      <trkpt lat="47.538626" lon="12.193635">
        <ele>911.7</ele>
      </trkpt>
      <trkpt lat="47.538649" lon="12.193516">
        <ele>911.2</ele>
      </trkpt>
      <trkpt lat="47.538674" lon="12.193434">
        <ele>910.5</ele>
      </trkpt>
      <trkpt lat="47.538728" lon="12.193281">
        <ele>909.8</ele>
      </trkpt>
      <trkpt lat="47.538779" lon="12.193145">
        <ele>909.3</ele>
      </trkpt>
      <trkpt lat="47.53884" lon="12.192964">
        <ele>908.6</ele>
      </trkpt>
      <trkpt lat="47.538872" lon="12.192825">
        <ele>908.5</ele>
      </trkpt>
      <trkpt lat="47.538895" lon="12.192708">
        <ele>908.3</ele>
      </trkpt>
      <trkpt lat="47.538912" lon="12.192486">
        <ele>908.1</ele>
      </trkpt>
      <trkpt lat="47.538922" lon="12.192253">
        <ele>906.8</ele>
      </trkpt>
      <trkpt lat="47.53894" lon="12.19212">
        <ele>905.5</ele>
      </trkpt>
      <trkpt lat="47.538966" lon="12.191989">
        <ele>905.0</ele>
      </trkpt>
      <trkpt lat="47.538996" lon="12.191877">
        <ele>905.4</ele>
      </trkpt>
      <trkpt lat="47.539032" lon="12.191761">
        <ele>905.2</ele>
      </trkpt>
      <trkpt lat="47.53906" lon="12.191652">
        <ele>904.7</ele>
      </trkpt>
      <trkpt lat="47.53907" lon="12.191584">
        <ele>904.2</ele>
      </trkpt>
      <trkpt lat="47.539092" lon="12.191395">
        <ele>902.4</ele>
      </trkpt>
      <trkpt lat="47.539107" lon="12.191258">
        <ele>901.7</ele>
      </trkpt>
      <trkpt lat="47.539124" lon="12.191112">
        <ele>901.3</ele>
      </trkpt>
      <trkpt lat="47.539147" lon="12.190983">
        <ele>900.6</ele>
      </trkpt>
      <trkpt lat="47.539158" lon="12.190937">
        <ele>900.1</ele>
      </trkpt>
      <trkpt lat="47.539165" lon="12.190907">
        <ele>899.8</ele>
      </trkpt>
      <trkpt lat="47.539192" lon="12.190843">
        <ele>898.8</ele>
      </trkpt>
      <trkpt lat="47.539226" lon="12.190794">
        <ele>898.0</ele>
      </trkpt>
      <trkpt lat="47.539271" lon="12.190761">
        <ele>897.3</ele>
      </trkpt>
      <trkpt lat="47.539326" lon="12.19075">
        <ele>896.4</ele>
      </trkpt>
      <trkpt lat="47.539392" lon="12.190756">
        <ele>895.9</ele>
      </trkpt>
      <trkpt lat="47.539439" lon="12.190763">
        <ele>896.0</ele>
      </trkpt>
      <trkpt lat="47.539471" lon="12.190756">
        <ele>896.0</ele>
      </trkpt>
      <trkpt lat="47.539497" lon="12.190733">
        <ele>896.0</ele>
      </trkpt>
      <trkpt lat="47.53952" lon="12.19069">
        <ele>896.0</ele>
      </trkpt>
      <trkpt lat="47.539542" lon="12.190633">
        <ele>895.9</ele>
      </trkpt>
      <trkpt lat="47.539579" lon="12.190486">
        <ele>895.6</ele>
      </trkpt>
      <trkpt lat="47.539608" lon="12.190401">
        <ele>895.5</ele>
      </trkpt>
      <trkpt lat="47.53964" lon="12.190358">
        <ele>895.6</ele>
      </trkpt>
      <trkpt lat="47.539672" lon="12.190344">
        <ele>895.7</ele>
      </trkpt>
      <trkpt lat="47.539742" lon="12.190334">
        <ele>896.5</ele>
      </trkpt>
      <trkpt lat="47.539859" lon="12.190326">
        <ele>898.5</ele>
      </trkpt>
      <trkpt lat="47.539888" lon="12.190333">
        <ele>899.0</ele>
      </trkpt>
      <trkpt lat="47.539917" lon="12.190362">
        <ele>899.4</ele>
      </trkpt>
      <trkpt lat="47.539947" lon="12.190391">
        <ele>899.6</ele>
      </trkpt>
      <trkpt lat="47.539976" lon="12.190425">
        <ele>899.9</ele>
      </trkpt>
      <trkpt lat="47.540008" lon="12.190448">
        <ele>900.3</ele>
      </trkpt>
      <trkpt lat="47.540034" lon="12.190448">
        <ele>900.8</ele>
      </trkpt>
      <trkpt lat="47.540043" lon="12.190448">
        <ele>901.0</ele>
      </trkpt>
      <trkpt lat="47.540073" lon="12.190432">
        <ele>901.5</ele>
      </trkpt>
      <trkpt lat="47.540087" lon="12.190409">
        <ele>901.8</ele>
      </trkpt>
      <trkpt lat="47.540096" lon="12.19035">
        <ele>901.9</ele>
      </trkpt>
      <trkpt lat="47.540113" lon="12.190235">
        <ele>902.0</ele>
      </trkpt>
      <trkpt lat="47.540149" lon="12.190033">
        <ele>901.5</ele>
      </trkpt>
      <trkpt lat="47.540183" lon="12.189748">
        <ele>900.8</ele>
      </trkpt>
      <trkpt lat="47.540218" lon="12.189416">
        <ele>899.7</ele>
      </trkpt>
      <trkpt lat="47.540227" lon="12.189202">
        <ele>899.3</ele>
      </trkpt>
      <trkpt lat="47.540227" lon="12.189036">
        <ele>899.2</ele>
      </trkpt>
      <trkpt lat="47.540218" lon="12.188896">
        <ele>898.8</ele>
      </trkpt>
      <trkpt lat="47.540209" lon="12.188798">
        <ele>898.6</ele>
      </trkpt>
      <trkpt lat="47.540179" lon="12.188625">
        <ele>897.9</ele>
      </trkpt>
      <trkpt lat="47.54016" lon="12.188526">
        <ele>897.1</ele>
      </trkpt>
      <trkpt lat="47.540134" lon="12.188374">
        <ele>895.4</ele>
      </trkpt>
      <trkpt lat="47.540115" lon="12.188217">
        <ele>894.0</ele>
      </trkpt>
      <trkpt lat="47.540094" lon="12.187992">
        <ele>892.1</ele>
      </trkpt>
      <trkpt lat="47.540084" lon="12.187832">
        <ele>890.8</ele>
      </trkpt>
      <trkpt lat="47.54008" lon="12.187664">
        <ele>889.5</ele>
      </trkpt>
      <trkpt lat="47.540083" lon="12.187403">
        <ele>886.9</ele>
      </trkpt>
      <trkpt lat="47.54008" lon="12.187178">
        <ele>884.3</ele>
      </trkpt>
      <trkpt lat="47.540077" lon="12.187072">
        <ele>883.2</ele>
      </trkpt>
      <trkpt lat="47.54007" lon="12.186987">
        <ele>882.3</ele>
      </trkpt>
      <trkpt lat="47.540056" lon="12.186883">
        <ele>881.4</ele>
      </trkpt>
      <trkpt lat="47.540032" lon="12.186732">
        <ele>880.3</ele>
      </trkpt>
      <trkpt lat="47.540003" lon="12.186571">
        <ele>879.5</ele>
      </trkpt>
      <trkpt lat="47.539973" lon="12.186355">
        <ele>878.5</ele>
      </trkpt>
      <trkpt lat="47.539946" lon="12.186198">
        <ele>877.7</ele>
      </trkpt>
      <trkpt lat="47.539934" lon="12.186106">
        <ele>877.4</ele>
      </trkpt>
      <trkpt lat="47.539932" lon="12.186053">
        <ele>877.2</ele>
      </trkpt>
      <trkpt lat="47.539931" lon="12.185973">
        <ele>876.9</ele>
      </trkpt>
      <trkpt lat="47.539942" lon="12.185896">
        <ele>876.5</ele>
      </trkpt>
      <trkpt lat="47.539967" lon="12.18581">
        <ele>876.3</ele>
      </trkpt>
      <trkpt lat="47.54" lon="12.185716">
        <ele>876.1</ele>
      </trkpt>
      <trkpt lat="47.540056" lon="12.185595">
        <ele>875.6</ele>
      </trkpt>
      <trkpt lat="47.540102" lon="12.185502">
        <ele>875.0</ele>
      </trkpt>
      <trkpt lat="47.540171" lon="12.185384">
        <ele>874.3</ele>
      </trkpt>
      <trkpt lat="47.540212" lon="12.18533">
        <ele>874.0</ele>
      </trkpt>
      <trkpt lat="47.540275" lon="12.185244">
        <ele>873.7</ele>
      </trkpt>
      <trkpt lat="47.540287" lon="12.185074">
        <ele>874.5</ele>
      </trkpt>
      <trkpt lat="47.540272" lon="12.184916">
        <ele>875.2</ele>
      </trkpt>
      <trkpt lat="47.540266" lon="12.184653">
        <ele>873.6</ele>
      </trkpt>
      <trkpt lat="47.540271" lon="12.184412">
        <ele>871.0</ele>
      </trkpt>
      <trkpt lat="47.540305" lon="12.18416">
        <ele>866.3</ele>
      </trkpt>
      <trkpt lat="47.540336" lon="12.184035">
        <ele>863.5</ele>
      </trkpt>
      <trkpt lat="47.540382" lon="12.183942">
        <ele>862.2</ele>
      </trkpt>
      <trkpt lat="47.540411" lon="12.18388">
        <ele>861.3</ele>
      </trkpt>
      <trkpt lat="47.540446" lon="12.183788">
        <ele>861.7</ele>
      </trkpt>
      <trkpt lat="47.540443" lon="12.183729">
        <ele>862.1</ele>
      </trkpt>
      <trkpt lat="47.540442" lon="12.183722">
        <ele>862.1</ele>
      </trkpt>
      <trkpt lat="47.540418" lon="12.183589">
        <ele>861.1</ele>
      </trkpt>
      <trkpt lat="47.54039" lon="12.183501">
        <ele>858.6</ele>
      </trkpt>
      <trkpt lat="47.540388" lon="12.183407">
        <ele>856.8</ele>
      </trkpt>
      <trkpt lat="47.54039" lon="12.183367">
        <ele>855.5</ele>
      </trkpt>
      <trkpt lat="47.540393" lon="12.183311">
        <ele>853.0</ele>
      </trkpt>
      <trkpt lat="47.540414" lon="12.183245">
        <ele>850.2</ele>
      </trkpt>
      <trkpt lat="47.540455" lon="12.183162">
        <ele>845.6</ele>
      </trkpt>
      <trkpt lat="47.540455" lon="12.183158">
        <ele>845.4</ele>
      </trkpt>
      <trkpt lat="47.540452" lon="12.183139">
        <ele>844.0</ele>
      </trkpt>
      <trkpt lat="47.540424" lon="12.183105">
        <ele>841.5</ele>
      </trkpt>
      <trkpt lat="47.540418" lon="12.183073">
        <ele>839.9</ele>
      </trkpt>
      <trkpt lat="47.540449" lon="12.183026">
        <ele>837.9</ele>
      </trkpt>
      <trkpt lat="47.540486" lon="12.18295">
        <ele>834.4</ele>
      </trkpt>
      <trkpt lat="47.540497" lon="12.182928">
        <ele>833.3</ele>
      </trkpt>
      <trkpt lat="47.540548" lon="12.182818">
        <ele>826.6</ele>
      </trkpt>
      <trkpt lat="47.54056" lon="12.182791">
        <ele>824.7</ele>
      </trkpt>
      <trkpt lat="47.540559" lon="12.18279">
        <ele>824.6</ele>
      </trkpt>
      <trkpt lat="47.540559" lon="12.182779">
        <ele>824.0</ele>
      </trkpt>
      <trkpt lat="47.540553" lon="12.182765">
        <ele>823.2</ele>
      </trkpt>
      <trkpt lat="47.540536" lon="12.182755">
        <ele>822.7</ele>
      </trkpt>
      <trkpt lat="47.540519" lon="12.18274">
        <ele>821.6</ele>
      </trkpt>
      <trkpt lat="47.540518" lon="12.182726">
        <ele>820.6</ele>
      </trkpt>
      <trkpt lat="47.540528" lon="12.182713">
        <ele>819.9</ele>
      </trkpt>
      <trkpt lat="47.540544" lon="12.182708">
        <ele>819.6</ele>
      </trkpt>
      <trkpt lat="47.540556" lon="12.182703">
        <ele>819.3</ele>
      </trkpt>
      <trkpt lat="47.540565" lon="12.182695">
        <ele>818.7</ele>
      </trkpt>
      <trkpt lat="47.540562" lon="12.182689">
        <ele>818.4</ele>
      </trkpt>
      <trkpt lat="47.540554" lon="12.182674">
        <ele>817.5</ele>
      </trkpt>
      <trkpt lat="47.540543" lon="12.182658">
        <ele>816.5</ele>
      </trkpt>
      <trkpt lat="47.540545" lon="12.182648">
        <ele>815.9</ele>
      </trkpt>
      <trkpt lat="47.540558" lon="12.182649">
        <ele>815.9</ele>
      </trkpt>
      <trkpt lat="47.540587" lon="12.182645">
        <ele>815.3</ele>
      </trkpt>
      <trkpt lat="47.540626" lon="12.182643">
        <ele>813.9</ele>
      </trkpt>
      <trkpt lat="47.540644" lon="12.182637">
        <ele>812.5</ele>
      </trkpt>
      <trkpt lat="47.540642" lon="12.182627">
        <ele>812.1</ele>
      </trkpt>
      <trkpt lat="47.540621" lon="12.182599">
        <ele>811.6</ele>
      </trkpt>
      <trkpt lat="47.540605" lon="12.182564">
        <ele>810.1</ele>
      </trkpt>
      <trkpt lat="47.540601" lon="12.182546">
        <ele>809.1</ele>
      </trkpt>
      <trkpt lat="47.540585" lon="12.182526">
        <ele>808.0</ele>
      </trkpt>
      <trkpt lat="47.54058" lon="12.182507">
        <ele>806.7</ele>
      </trkpt>
      <trkpt lat="47.540588" lon="12.182498">
        <ele>806.2</ele>
      </trkpt>
      <trkpt lat="47.540607" lon="12.182499">
        <ele>806.2</ele>
      </trkpt>
      <trkpt lat="47.540633" lon="12.182499">
        <ele>805.7</ele>
      </trkpt>
      <trkpt lat="47.540664" lon="12.1825">
        <ele>804.4</ele>
      </trkpt>
      <trkpt lat="47.540672" lon="12.182496">
        <ele>803.8</ele>
      </trkpt>
      <trkpt lat="47.540669" lon="12.182482">
        <ele>803.2</ele>
      </trkpt>
      <trkpt lat="47.540657" lon="12.182467">
        <ele>803.0</ele>
      </trkpt>
      <trkpt lat="47.540643" lon="12.182457">
        <ele>802.9</ele>
      </trkpt>
      <trkpt lat="47.540619" lon="12.182439">
        <ele>802.3</ele>
      </trkpt>
      <trkpt lat="47.54061" lon="12.182427">
        <ele>801.5</ele>
      </trkpt>
      <trkpt lat="47.540615" lon="12.182417">
        <ele>800.9</ele>
      </trkpt>
      <trkpt lat="47.540631" lon="12.18241">
        <ele>800.2</ele>
      </trkpt>
      <trkpt lat="47.540661" lon="12.182401">
        <ele>798.8</ele>
      </trkpt>
      <trkpt lat="47.540688" lon="12.182395">
        <ele>797.3</ele>
      </trkpt>
      <trkpt lat="47.540711" lon="12.182387">
        <ele>795.5</ele>
      </trkpt>
      <trkpt lat="47.540711" lon="12.18238">
        <ele>795.1</ele>
      </trkpt>
      <trkpt lat="47.540705" lon="12.182371">
        <ele>794.9</ele>
      </trkpt>
      <trkpt lat="47.540682" lon="12.182345">
        <ele>794.2</ele>
      </trkpt>
      <trkpt lat="47.540663" lon="12.182321">
        <ele>793.1</ele>
      </trkpt>
      <trkpt lat="47.540655" lon="12.182303">
        <ele>791.9</ele>
      </trkpt>
      <trkpt lat="47.540657" lon="12.182296">
        <ele>791.3</ele>
      </trkpt>
      <trkpt lat="47.540672" lon="12.182295">
        <ele>790.8</ele>
      </trkpt>
      <trkpt lat="47.540707" lon="12.182296">
        <ele>789.7</ele>
      </trkpt>
      <trkpt lat="47.540742" lon="12.182304">
        <ele>788.6</ele>
      </trkpt>
      <trkpt lat="47.540791" lon="12.182312">
        <ele>786.0</ele>
      </trkpt>
      <trkpt lat="47.540812" lon="12.182312">
        <ele>784.4</ele>
      </trkpt>
      <trkpt lat="47.540819" lon="12.182308">
        <ele>783.6</ele>
      </trkpt>
      <trkpt lat="47.54081" lon="12.182287">
        <ele>783.3</ele>
      </trkpt>
      <trkpt lat="47.540789" lon="12.182249">
        <ele>782.2</ele>
      </trkpt>
      <trkpt lat="47.540761" lon="12.182222">
        <ele>781.6</ele>
      </trkpt>
      <trkpt lat="47.540733" lon="12.182195">
        <ele>780.3</ele>
      </trkpt>
      <trkpt lat="47.540714" lon="12.182164">
        <ele>777.8</ele>
      </trkpt>
      <trkpt lat="47.540705" lon="12.182143">
        <ele>775.9</ele>
      </trkpt>
      <trkpt lat="47.540711" lon="12.18213">
        <ele>774.3</ele>
      </trkpt>
      <trkpt lat="47.540726" lon="12.182127">
        <ele>773.5</ele>
      </trkpt>
      <trkpt lat="47.540764" lon="12.182123">
        <ele>771.7</ele>
      </trkpt>
      <trkpt lat="47.540822" lon="12.182131">
        <ele>769.7</ele>
      </trkpt>
      <trkpt lat="47.540862" lon="12.182132">
        <ele>767.3</ele>
      </trkpt>
      <trkpt lat="47.540892" lon="12.18214">
        <ele>765.8</ele>
      </trkpt>
      <trkpt lat="47.540915" lon="12.182146">
        <ele>764.3</ele>
      </trkpt>
      <trkpt lat="47.540915" lon="12.182136">
        <ele>763.6</ele>
      </trkpt>
      <trkpt lat="47.540912" lon="12.182125">
        <ele>762.9</ele>
      </trkpt>
      <trkpt lat="47.540887" lon="12.182078">
        <ele>760.5</ele>
      </trkpt>
      <trkpt lat="47.540855" lon="12.182024">
        <ele>757.2</ele>
      </trkpt>
      <trkpt lat="47.540812" lon="12.181943">
        <ele>751.4</ele>
      </trkpt>
      <trkpt lat="47.540793" lon="12.181912">
        <ele>749.1</ele>
      </trkpt>
      <trkpt lat="47.540781" lon="12.181892">
        <ele>747.5</ele>
      </trkpt>
      <trkpt lat="47.540778" lon="12.181876">
        <ele>746.3</ele>
      </trkpt>
      <trkpt lat="47.540783" lon="12.181864">
        <ele>745.5</ele>
      </trkpt>
      <trkpt lat="47.540818" lon="12.181856">
        <ele>744.6</ele>
      </trkpt>
      <trkpt lat="47.540879" lon="12.181846">
        <ele>741.5</ele>
      </trkpt>
      <trkpt lat="47.54091" lon="12.181841">
        <ele>740.1</ele>
      </trkpt>
      <trkpt lat="47.540934" lon="12.181837">
        <ele>739.1</ele>
      </trkpt>
      <trkpt lat="47.54096" lon="12.181838">
        <ele>738.3</ele>
      </trkpt>
      <trkpt lat="47.541059" lon="12.181853">
        <ele>734.7</ele>
      </trkpt>
      <trkpt lat="47.541126" lon="12.181866">
        <ele>733.0</ele>
      </trkpt>
      <trkpt lat="47.541207" lon="12.181863">
        <ele>731.3</ele>
      </trkpt>
      <trkpt lat="47.541274" lon="12.181846">
        <ele>730.4</ele>
      </trkpt>
      <trkpt lat="47.541348" lon="12.181826">
        <ele>731.8</ele>
      </trkpt>
      <trkpt lat="47.541377" lon="12.181781">
        <ele>731.7</ele>
      </trkpt>
      <trkpt lat="47.541415" lon="12.181616">
        <ele>729.4</ele>
      </trkpt>
      <trkpt lat="47.541469" lon="12.181508">
        <ele>726.9</ele>
      </trkpt>
      <trkpt lat="47.541503" lon="12.181461">
        <ele>725.0</ele>
      </trkpt>
      <trkpt lat="47.54151" lon="12.181452">
        <ele>724.7</ele>
      </trkpt>
      <trkpt lat="47.541553" lon="12.18142">
        <ele>724.4</ele>
      </trkpt>
      <trkpt lat="47.541655" lon="12.181359">
        <ele>724.2</ele>
      </trkpt>
      <trkpt lat="47.541799" lon="12.181248">
        <ele>719.8</ele>
      </trkpt>
      <trkpt lat="47.541897" lon="12.181157">
        <ele>716.3</ele>
      </trkpt>
      <trkpt lat="47.542069" lon="12.181013">
        <ele>710.4</ele>
      </trkpt>
      <trkpt lat="47.542103" lon="12.180995">
        <ele>710.1</ele>
      </trkpt>
      <trkpt lat="47.542287" lon="12.180834">
        <ele>705.0</ele>
      </trkpt>
      <trkpt lat="47.542448" lon="12.18069">
        <ele>699.5</ele>
      </trkpt>
      <trkpt lat="47.542632" lon="12.180531">
        <ele>695.6</ele>
      </trkpt>
      <trkpt lat="47.542899" lon="12.18041">
        <ele>689.5</ele>
      </trkpt>
      <trkpt lat="47.543155" lon="12.180263">
        <ele>683.1</ele>
      </trkpt>
      <trkpt lat="47.543273" lon="12.180194">
        <ele>681.7</ele>
      </trkpt>
      <trkpt lat="47.543394" lon="12.180163">
        <ele>678.5</ele>
      </trkpt>
      <trkpt lat="47.543446" lon="12.180089">
        <ele>675.1</ele>
      </trkpt>
      <trkpt lat="47.543356" lon="12.179893">
        <ele>670.8</ele>
      </trkpt>
      <trkpt lat="47.543226" lon="12.179745">
        <ele>666.1</ele>
      </trkpt>
      <trkpt lat="47.543039" lon="12.179633">
        <ele>661.6</ele>
      </trkpt>
      <trkpt lat="47.542939" lon="12.179597">
        <ele>657.8</ele>
      </trkpt>
      <trkpt lat="47.542858" lon="12.179606">
        <ele>655.6</ele>
      </trkpt>
      <trkpt lat="47.542817" lon="12.179589">
        <ele>654.0</ele>
      </trkpt>
      <trkpt lat="47.542793" lon="12.179568">
        <ele>653.0</ele>
      </trkpt>
      <trkpt lat="47.542744" lon="12.179509">
        <ele>651.1</ele>
      </trkpt>
      <trkpt lat="47.542777" lon="12.179449">
        <ele>650.6</ele>
      </trkpt>
      <trkpt lat="47.542845" lon="12.179383">
        <ele>650.7</ele>
      </trkpt>
      <trkpt lat="47.542936" lon="12.179317">
        <ele>650.6</ele>
      </trkpt>
      <trkpt lat="47.543044" lon="12.179269">
        <ele>650.1</ele>
      </trkpt>
      <trkpt lat="47.543111" lon="12.179251">
        <ele>649.6</ele>
      </trkpt>
      <trkpt lat="47.543206" lon="12.179229">
        <ele>648.6</ele>
      </trkpt>
      <trkpt lat="47.543301" lon="12.179211">
        <ele>647.8</ele>
      </trkpt>
      <trkpt lat="47.543355" lon="12.179202">
        <ele>647.3</ele>
      </trkpt>
      <trkpt lat="47.543382" lon="12.179164">
        <ele>645.9</ele>
      </trkpt>
      <trkpt lat="47.543402" lon="12.179082">
        <ele>643.0</ele>
      </trkpt>
      <trkpt lat="47.543453" lon="12.179036">
        <ele>641.4</ele>
      </trkpt>
      <trkpt lat="47.543504" lon="12.178987">
        <ele>639.3</ele>
      </trkpt>
      <trkpt lat="47.543544" lon="12.178972">
        <ele>638.0</ele>
      </trkpt>
      <trkpt lat="47.543593" lon="12.178933">
        <ele>636.6</ele>
      </trkpt>
      <trkpt lat="47.543595" lon="12.178849">
        <ele>634.2</ele>
      </trkpt>
      <trkpt lat="47.543579" lon="12.178797">
        <ele>632.7</ele>
      </trkpt>
      <trkpt lat="47.54355" lon="12.178711">
        <ele>630.6</ele>
      </trkpt>
      <trkpt lat="47.543522" lon="12.178672">
        <ele>629.3</ele>
      </trkpt>
      <trkpt lat="47.54345" lon="12.17868">
        <ele>628.8</ele>
      </trkpt>
      <trkpt lat="47.543377" lon="12.178705">
        <ele>627.6</ele>
      </trkpt>
      <trkpt lat="47.543283" lon="12.178675">
        <ele>624.1</ele>
      </trkpt>
      <trkpt lat="47.543227" lon="12.17863">
        <ele>622.7</ele>
      </trkpt>
      <trkpt lat="47.543225" lon="12.178629">
        <ele>622.7</ele>
        <name>47.543196,12.178685</name>
        <extensions>
          <oa:locType>routingNode</oa:locType>
        </extensions>
      </trkpt>
    </trkseg>
  </trk>
</gpx>